{"EPOCHS":100,"Rs":[2],"num_results":{"td_smc":{"log_Z":[-6768.766405626038],"inf_results":[{"S_R":[[[0.0,983.0],[0.0,198.0]],[[1548.0,1544.0],[3556.0,21.0]]],"S_IR":[[1302.0,915.0,0.0,512.0,453.0,434.0,0.0,0.0,148.0,103.0,208.0,144.0,132.0,0.0,49.0,308.0,27.0,32.0,75.0,262.0],[477.0,0.0,551.0,0.0,0.0,0.0,286.0,317.0,152.0,77.0,111.0,71.0,10.0,242.0,140.0,0.0,145.0,167.0,0.0,0.0]],"S_JR":[[1460.0,542.0,263.0,0.0,0.0,429.0,238.0,322.0,0.0,0.0,0.0,175.0,0.0,474.0,145.0,0.0,0.0,7.0,20.0,0.0],[0.0,302.0,171.0,349.0,433.0,0.0,60.0,0.0,267.0,185.0,245.0,0.0,171.0,0.0,0.0,656.0,216.0,242.0,63.0,415.0]],"S_KR":[[390.0,190.0,600.0,1.0],[2037.0,1497.0,1458.0,1677.0]]}]},"td_vb":{"log_Z":[-7231.569326986024],"inf_results":[[[-1.401266780059995,-1.4216890377517766,-2.4484160452956605,-1.1475241905878013,-3.2858255406836667,-3.467141952029743,-4.480512198238538,-3.5695691131294627],[-48.54189107826638,-2.1185064955838495,-48.54189107826638,-1.7676673761234367,-1.890220781713051,-48.54189107826638,-48.54189107826638,-48.54189107826638,-2.407368401478408,-48.54189107826638,-2.2413626198720102,-3.731428971742174,-3.052585535229401,-48.54189107826638,-3.856992180569045,-2.276507170079798,-2.8603335506181047,-48.54189107826638,-3.6939218539557155,-2.4930178228355455,-1.0039998108360848,-2.1705789482803546,-2.176666966217107,-49.024366554937124,-49.024366554937124,-2.4155897857060094,-2.8332093700585315,-2.730136828797667,-5.111741056601094,-3.297223705275928,-49.024366554937124,-3.52982137429162,-49.024366554937124,-3.0005657704127513,-3.6613144227168632,-49.024366554937124,-49.024366554937124,-3.1966233781082583,-49.024366554937124,-5.892589436169862],[-1.0961941807474505,-1.6444709210915223,-48.91888760245797,-2.528350212948795,-48.91888760245797,-48.91888760245797,-2.6865617938435875,-48.91888760245798,-48.91888760245797,-48.91888760245797,-48.91888760245797,-3.2199911537997785,-3.243177173187126,-48.91888760245797,-48.91888760245797,-1.8966239813428833,-48.91888760245797,-48.91888760245797,-48.91888760245797,-2.3549269907350503,-48.69218920661413,-48.69218920661413,-2.0834124373830143,-48.69218920661413,-2.085721772871727,-2.0950128174708365,-48.69218920661413,-2.382286419562969,-2.569893489369102,-2.9375759444054284,-2.656043873735551,-48.69218920661413,-48.69218920661413,-1.9951572283976082,-3.1819076259971117,-48.69218920661413,-2.7822843146700604,-2.6398180050649493,-3.742254728066901,-48.69218920661413],[-1.059376346625534,-2.1245075785843133,-1.224333645131166,-1.428498686040518,-15.118980637947658,-0.00046203916517395527,-14.138661399026471,-15.118490027979885]]]}},"resampling_scheme":"systematic","datetime":"2020-06-29T07:24:45.632","N":78500,"M":[1,1],"durations":{"2:2":{"(Main.TD, \"smc\")":2684.65,"(Main.TD, \"vb\")":0.64}},"adaptive":true,"a":1.0,"resampling_freq":0}