{"EPOCHS":100,"Rs":[7],"num_results":{"td_smc":{"log_Z":[-6381.06123011658],"inf_results":[{"S_R":[[[0.0,0.0,0.0,0.0,0.0,54.0,0.0],[0.0,0.0,0.0,0.0,0.0,0.0,0.0],[0.0,0.0,63.0,0.0,0.0,0.0,0.0],[0.0,0.0,0.0,0.0,0.0,0.0,0.0],[0.0,0.0,0.0,0.0,0.0,0.0,0.0],[0.0,0.0,0.0,0.0,11.0,0.0,0.0],[0.0,0.0,0.0,0.0,0.0,0.0,0.0]],[[0.0,0.0,0.0,0.0,0.0,0.0,0.0],[0.0,0.0,0.0,0.0,0.0,0.0,0.0],[0.0,0.0,187.0,0.0,0.0,0.0,0.0],[0.0,0.0,0.0,0.0,0.0,0.0,0.0],[0.0,0.0,0.0,0.0,29.0,0.0,0.0],[12.0,0.0,0.0,0.0,0.0,0.0,0.0],[0.0,0.0,302.0,0.0,0.0,0.0,0.0]],[[7.0,0.0,0.0,0.0,0.0,0.0,0.0],[0.0,0.0,0.0,0.0,0.0,0.0,0.0],[0.0,0.0,0.0,0.0,0.0,0.0,0.0],[182.0,0.0,0.0,0.0,0.0,0.0,0.0],[0.0,0.0,0.0,0.0,0.0,0.0,0.0],[0.0,0.0,0.0,0.0,0.0,0.0,12.0],[5.0,0.0,6.0,0.0,0.0,0.0,0.0]],[[0.0,0.0,0.0,0.0,0.0,0.0,0.0],[1.0,0.0,0.0,0.0,0.0,0.0,0.0],[0.0,0.0,0.0,0.0,0.0,0.0,0.0],[0.0,0.0,0.0,0.0,89.99999999999999,0.0,0.0],[0.0,0.0,0.0,0.0,0.0,0.0,0.0],[0.0,0.0,0.0,0.0,0.0,0.0,0.0],[0.0,0.0,0.0,0.0,0.0,0.0,0.0]],[[0.0,0.0,0.0,0.0,0.0,0.0,0.0],[0.0,0.0,0.0,0.0,0.0,0.0,0.0],[0.0,0.0,0.0,0.0,0.0,0.0,0.0],[0.0,0.0,0.0,453.0,0.0,0.0,0.0],[0.0,0.0,0.0,0.0,0.0,0.0,0.0],[0.0,0.0,0.0,0.0,0.0,0.0,0.0],[0.0,0.0,24.0,0.0,0.0,0.0,0.0]],[[0.0,0.0,0.0,0.0,0.0,0.0,0.0],[0.0,0.0,0.0,3.0,0.0,0.0,0.0],[3.0,0.0,0.0,0.0,0.0,0.0,0.0],[0.0,0.0,0.0,0.0,0.0,0.0,0.0],[32.0,0.0,2.0,0.0,0.0,0.0,0.0],[0.0,0.0,0.0,0.0,0.0,0.0,0.0],[50.0,0.0,0.0,0.0,0.0,0.0,0.0]],[[0.0,0.0,0.0,46.0,0.0,0.0,0.0],[560.9999999999999,0.0,0.0,0.0,364.0,186.0,0.0],[0.0,643.9999999999999,22.0,0.0,0.0,55.0,0.0],[1368.0,0.0,0.0,0.0,686.9999999999999,999.9999999999999,0.0],[0.0,0.0,0.0,0.0,0.0,0.0,0.0],[0.0,0.0,0.0,0.0,0.0,0.0,150.0],[0.0,1163.0,0.0,59.0,0.0,17.0,0.0]]],"S_IR":[[0.0,371.0,531.0,36.99999999999999,0.0,289.0,281.0,0.0,226.0,111.0,107.0,18.0,58.99999999999999,0.0,0.0,0.0,0.0,191.0,0.0,0.0],[745.0,532.0,2.0,0.0,212.0,0.0,0.0,0.0,74.0,69.0,0.0,48.99999999999999,83.0,0.0,0.0,40.99999999999999,0.0,0.0,0.0,0.0],[0.0,0.0,0.0,181.0,0.0,7.0,5.0,0.0,0.0,0.0,121.0,0.0,0.0,0.0,5.0,132.0,0.0,7.999999999999999,0.0,147.0],[0.0,0.0,0.0,261.0,0.0,0.0,0.0,0.0,0.0,0.0,91.0,0.0,0.0,0.0,0.0,134.0,0.0,0.0,75.0,0.0],[1034.0,0.0,0.0,31.999999999999996,0.0,0.0,0.0,0.0,0.0,0.0,0.0,0.0,0.0,0.0,0.0,0.0,0.0,0.0,0.0,115.0],[0.0,11.999999999999998,0.0,0.0,236.0,0.0,0.0,317.0,0.0,0.0,0.0,148.0,0.0,242.0,184.0,1.0,172.0,0.0,0.0,0.0],[0.0,0.0,18.0,1.0,5.0,138.0,0.0,0.0,0.0,0.0,0.0,0.0,0.0,0.0,0.0,0.0,0.0,0.0,0.0,0.0]],"S_JR":[[0.0,0.0,0.0,0.0,0.0,0.0,23.0,0.0,0.0,29.0,0.0,0.0,54.99999999999999,0.0,0.0,0.0,0.0,0.0,0.0,0.0],[0.0,0.0,385.0,0.0,0.0,429.0,198.0,0.0,7.0,0.0,0.0,0.0,0.0,0.0,89.0,0.0,7.0,0.0,0.0,0.0],[0.0,0.0,0.0,349.0,0.0,0.0,77.0,0.0,0.0,149.0,0.0,0.0,0.0,11.999999999999998,0.0,0.0,0.0,0.0,83.0,304.0],[1460.0,844.0,0.0,0.0,0.0,0.0,0.0,322.0,260.0,0.0,245.0,173.0,0.0,462.0,0.0,0.0,0.0,0.0,0.0,13.999999999999998],[0.0,0.0,0.0,0.0,1.0,0.0,0.0,0.0,0.0,0.0,0.0,2.0,0.0,0.0,55.99999999999999,2.0,0.0,0.0,0.0,2.0],[0.0,0.0,0.0,0.0,0.0,0.0,0.0,0.0,0.0,7.0,0.0,0.0,0.0,0.0,0.0,0.0,0.0,178.0,0.0,0.0],[0.0,0.0,48.99999999999999,0.0,432.0,0.0,0.0,0.0,0.0,0.0,0.0,0.0,116.0,0.0,0.0,654.0,209.0,71.0,0.0,95.0]],"S_KR":[[0.0,6.0,121.99999999999999,0.0],[78.99999999999999,122.99999999999999,0.0,328.0],[212.0,0.0,0.0,0.0],[0.0,0.0,0.0,90.99999999999999],[150.0,92.99999999999999,144.0,89.99999999999999],[0.0,71.99999999999999,1.9999999999999998,15.999999999999998],[1986.0,1393.0,1790.0,1153.0]]}]},"td_vb":{"log_Z":[-6147.131533212814],"inf_results":[[[-352.5407626330196,-352.5407626330196,-352.5407626330196,-352.5407626330196,-352.5407626330196,-352.5407626330196,-352.5407626330196,-352.5407626330196,-352.5407626330196,-352.5407626330196,-352.5407626330196,-352.5407626330196,-352.5407626330196,-352.5407626330196,-352.5407626330196,-352.5407626330196,-352.5407626330196,-352.5407626330196,-352.5407626330196,-352.5407626330196,-352.5407626330196,-352.5407626330196,-352.5407626330196,-3.0952856172980603,-352.5407626330196,-352.5407626330196,-352.5407626330196,-352.5407626330196,-352.5407626330196,-352.5407626330196,-352.5407626330196,-352.5407626330196,-352.5407626330196,-352.5407626330196,-352.5407626330196,-352.5407626330196,-352.5407626330196,-352.5407626330196,-352.5407626330196,-2.4438686245984975,-352.5407626330196,-352.5407626330196,-352.5407626330196,-352.5407626330196,-352.5407626330196,-352.5407626330196,-352.5407626330196,-352.5407626330196,-352.5407626330196,-352.5407626330196,-352.5407626330196,-352.5407626330196,-352.5407626330196,-352.5407626330196,-352.5407626330196,-352.5407626330196,-352.5407626330196,-352.5407626330196,-352.5407626330196,-352.5407626330196,-352.5407626330196,-352.5407626330196,-352.5407626330196,-352.5407626330196,-352.5407626330196,-352.5407626330196,-352.5407626330196,-352.5407626330196,-352.5407626330196,-352.5407626330196,-352.5407626330196,-352.5407626330196,-352.5407626330196,-352.5407626330196,-352.5407626330196,-352.5407626330196,-352.5407626330196,-352.5407626330196,-352.5407626330196,-352.5407626330196,-352.5407626330196,-352.5407626330196,-2.305143857088395,-352.5407626330196,-352.5407626330196,-352.5407626330196,-352.5407626330196,-3.2332419771996745,-352.5407626330196,-352.5407626330196,-352.5407626330196,-352.5407626330196,-6.100096454343899,-352.5407626330196,-352.5407626330196,-2.7475703608189272,-352.5407626330196,-352.5407626330196,-352.5407626330196,-352.5407626330196,-352.5407626330196,-352.5407626330196,-352.5407626330196,-352.5407626330196,-352.5407626330196,-352.5407626330196,-3.79135273366448,-352.5407626330196,-352.5407626330196,-352.5407626330196,-352.5407626330196,-352.5407626330196,-352.5407626330196,-352.5407626330196,-352.5407626330196,-352.5407626330196,-352.5407626330196,-352.5407626330196,-352.5407626330196,-352.5407626330196,-352.5407626330196,-352.5407626330196,-352.5407626330196,-352.5407626330196,-352.5407626330196,-352.5407626330196,-352.5407626330196,-352.5407626330196,-352.5407626330196,-352.5407626330196,-352.5407626330196,-352.5407626330196,-352.5407626330196,-352.5407626330196,-352.5407626330196,-352.5407626330196,-352.5407626330196,-352.5407626330196,-352.5407626330196,-352.5407626330196,-352.5407626330196,-352.5407626330196,-352.5407626330196,-352.5407626330196,-352.5407626330196,-352.5407626330196,-352.5407626330196,-352.5407626330196,-352.5407626330196,-352.5407626330196,-352.5407626330196,-352.5407626330196,-352.5407626330196,-352.5407626330196,-352.5407626330196,-352.5407626330196,-352.5407626330196,-352.5407626330196,-352.5407626330196,-352.5407626330196,-352.5407626330196,-352.5407626330196,-352.5407626330196,-352.5407626330196,-1.804939309194605,-352.5407626330196,-352.5407626330196,-352.5407626330196,-352.5407626330196,-352.5407626330196,-352.5407626330196,-352.5407626330196,-352.5407626330196,-352.5407626330196,-352.5407626330196,-352.5407626330196,-352.5407626330196,-352.5407626330196,-352.5407626330196,-352.5407626330196,-352.5407626330196,-352.5407626330196,-352.5407626330196,-352.5407626330196,-352.5407626330196,-352.5407626330196,-352.5407626330196,-2.3565881710318415,-352.5407626330196,-352.5407626330196,-352.5407626330196,-352.5407626330196,-352.5407626330196,-352.5407626330196,-352.5407626330196,-352.5407626330196,-352.5407626330196,-352.5407626330196,-352.5407626330196,-352.5407626330196,-352.5407626330196,-352.5407626330196,-352.5407626330196,-352.5407626330196,-352.5407626330196,-352.5407626330196,-352.5407626330196,-352.5407626330196,-352.5407626330196,-352.5407626330196,-352.5407626330196,-352.5407626330196,-352.5407626330196,-352.5407626330196,-352.5407626330196,-352.5407626330196,-352.5407626330196,-352.5407626330196,-352.5407626330196,-352.5407626330196,-352.5407626330196,-352.5407626330196,-352.5407626330196,-352.5407626330196,-352.5407626330196,-352.5407626330196,-352.5407626330196,-352.5407626330196,-352.5407626330196,-352.5407626330196,-352.5407626330196,-2.8315905135222215,-352.5407626330196,-352.5407626330196,-352.5407626330196,-352.5407626330196,-352.5407626330196,-352.5407626330196,