{"EPOCHS":100,"Rs":[11],"num_results":{"cp_vb":{"log_Z":[-6765.109597932082],"inf_results":[[[-4.077641246946667,-2.822303130022102,-1.4879157102801237,-5.122805587363847,-1.3968727243085421,-3.0270736043084483,-2.5621217108418737,-2.4168052373892976,-2.3490251317283946,-2.510333454307725,-2.9469663580725616],[-0.6258284471734115,-225.91065488871712,-225.91065488871712,-225.91065488871712,-225.91065488871712,-225.91065488871712,-225.91065488871712,-5.800420208328873,-225.91065488871712,-225.91065488871712,-1.4525791937565744,-1.53306236451338,-225.91065488871712,-225.91065488871712,-225.91065488871712,-225.91065488871712,-225.91065488871712,-225.91065488871712,-5.823179443630427,-225.91065488871712,-227.1659930056417,-227.1659930056417,-1.3193503862902354,-227.1659930056417,-3.739670503311034,-227.1659930056417,-2.7420823602211213,-227.1659930056417,-2.0418027886476766,-3.2971545149767096,-3.117942982197973,-2.682183690092332,-227.1659930056417,-3.4463208477632876,-227.1659930056417,-227.1659930056417,-227.1659930056417,-1.2750334758895114,-227.1659930056417,-3.0455068228447195,-0.7474262604451498,-228.50038042538367,-228.50038042538367,-228.50038042538367,-1.69413435083933,-228.50038042538367,-5.280565809563028,-3.887357083352737,-2.6353877699806088,-228.50038042538367,-2.336089839589145,-2.6184063492426715,-228.50038042538367,-228.50038042538367,-228.50038042538367,-228.50038042538367,-4.938613508985236,-6.058407936185429,-3.346907034101739,-3.531860023879024,-224.86549054829993,-224.86549054829993,-224.86549054829993,-224.86549054829993,-224.86549054829993,-224.86549054829993,-224.86549054829993,-224.86549054829993,-0.28610621910823664,-1.4232753902903093,-224.86549054829993,-224.86549054829993,-224.86549054829993,-224.86549054829993,-224.86549054829993,-224.86549054829993,-224.86549054829993,-224.86549054829993,-224.86549054829993,-224.86549054829993,-228.59142341135524,-1.7859613841621895,-1.7669477037637176,-4.172934232858774,-2.947314290220091,-2.292517394810841,-2.0969439485778247,-1.9815787845398,-228.59142341135524,-5.643430229913085,-228.59142341135524,-228.59142341135524,-5.362767916807343,-2.1206686404374464,-2.5162599203955747,-228.59142341135524,-228.59142341135524,-3.8550267990920286,-228.59142341135524,-228.59142341135524,-1.4913242291216742,-226.96122253135533,-2.263554464045967,-226.96122253135533,-2.353777055630678,-0.7517438492189834,-226.96122253135533,-226.96122253135533,-226.96122253135533,-226.96122253135533,-5.077109866963683,-226.96122253135533,-2.3657273984996356,-226.96122253135533,-226.96122253135533,-226.96122253135533,-226.96122253135533,-226.96122253135533,-226.96122253135533,-226.96122253135533,-227.4261744248219,-227.4261744248219,-227.4261744248219,-1.4504546854024465,-227.4261744248219,-227.4261744248219,-227.4261744248219,-227.4261744248219,-1.6069779597691314,-1.6036998623289094,-227.4261744248219,-3.190835682367396,-2.108179667145156,-227.4261744248219,-227.4261744248219,-227.4261744248219,-227.4261744248219,-227.4261744248219,-227.4261744248219,-1.6164618117842657,-227.57149089827448,-227.57149089827448,-227.57149089827448,-1.4595629571339606,-227.57149089827448,-227.57149089827448,-2.9160193322102437,-227.57149089827448,-227.57149089827448,-2.3680300351854884,-227.57149089827448,-227.57149089827448,-227.57149089827448,-227.57149089827448,-3.263882542265429,-1.762096733523852,-1.4330556275630277,-227.57149089827448,-227.57149089827448,-1.780444261240322,-227.6392710039354,-0.4072028275952908,-3.2462135534304073,-1.6707684825567126,-227.6392710039354,-4.359331009679375,-227.6392710039354,-227.6392710039354,-227.6392710039354,-227.6392710039354,-4.288958081639516,-227.6392710039354,-2.611204081854533,-5.313504963789115,-227.6392710039354,-227.6392710039354,-227.6392710039354,-227.6392710039354,-227.6392710039354,-227.6392710039354,-0.25663885713372636,-227.47796268135608,-227.47796268135608,-227.47796268135608,-227.47796268135608,-227.47796268135608,-5.97440596124755,-227.47796268135608,-227.47796268135608,-227.47796268135608,-227.47796268135608,-227.47796268135608,-227.47796268135608,-227.47796268135608,-2.6962021453399903,-1.8656654523612737,-227.47796268135608,-227.47796268135608,-227.47796268135608,-227.47796268135608,-227.04132977759122,-227.04132977759122,-227.04132977759122,-227.04132977759122,-227.04132977759122,-2.581742988087757,-227.04132977759122,-227.04132977759122,-227.04132977759122,-227.04132977759122,-1.183247568924183,-1.9336502044289094,-227.04132977759122,-227.04132977759122,-227.04132977759122,-1.256348033808412,-227.04132977759122,-2.748349304220014,-2.1138640307479353,-227.04132977759122],[-225.91065488871712,-225.91065488871712,-225.91065488871712,-225.91065488871712,-225.91065488871712,-225.91065488871712,-225.91065488871712,-2.5136198777625953,-0.9540640498517199,-225.91065488871712,-225.91065488871712,-225.91065488871712,-225.91065488871712,-225.91065488871712,-2.6896638052058215,-225.91065488871712,-0.7799197601116257,-225.91065488871712,-225.91065488871712,-225.91065488871712,-227.1659930056417,-1.414140166144458,-227.1659930056417,-227.1659930056417,-2.530312895324948,-0.520368954526325,-227.1659930056417,-227.1659930056417,-227.1659930056417,-227.1659930056417,-227.1659930056417,-227.1659930056417,-227.1659930056417,-227.1659930056417,-2.5159661484224225,-227.1659930056417,-227.1659930056417,-227.1659930056417,-227.1659930056417,-227.1659930056417,-228.50038042538367,-1.7608779216637407,-2.5768298128683913,-2.4258244240954836,-4.719708885344778,-228.50038042538367,-2.8595937613731524,-4.513901883952502,-228.50038042538367,-2.7761388982985817,-2.8140734329783816,-2.900224885987039,-2.5018321207674985,-2.460579761119136,-228.50038042538367,-1.9774806152132705,-228.50038042538367,-4.950189795855479,-3.93385888566778,-2.5988202647974887,-224.86549054829993,-224.86549054829993,-224.86549054829993,-224.86549054829993,-224.86549054829993,-224.86549054829993,-224.86549054829993,-224.86549054829993,-224.86549054829993,-224.86549054829993,-224.86549054829993,-1.0721480295356351,-1.8202216893261292,-224.86549054829993,-0.731603878116998,-224.86549054829993,-224.86549054829993,-224.86549054829993,-224.86549054829993,-224.86549054829993,-1.0177386642355515,-228.59142341135524,-1.9519791868764855,-228.59142341135524,-228.59142341135524,-5.270179083668349,-2.2675496728387055,-2.1350750031084287,-2.950034694843474,-5.263980859695723,-4.264466611822552,-3.2900443615825186,-228.59142341135524,-1.9530500266042914,-4.142324896270244,-228.59142341135524,-228.59142341135524,-6.653249957478789,-228.59142341135524,-228.59142341135524,-226.96122253135533,-1.748035425380543,-226.96122253135533,-226.96122253135533,-3.3948467004728347,-226.96122253135533,-226.96122253135533,-226.96122253135533,-2.304867580941986,-2.9180484817119527,-226.96122253135533,-3.4021824394458586,-226.96122253135533,-226.96122253135533,-3.2114427712728273,-226.96122253135533,-226.96122253135533,-0.5801467868250585,-226.96122253135533,-226.96122253135533,-0.8090685291603119,-227.4261744248219,-227.4261744248219,-227.4261744248219,-1.460280378517024,-227.4261744248219,-227.4261744248219,-227.4261744248219,-227.4261744248219,-227.4261744248219,-227.4261744248219,-227.4261744248219,-227.4261744248219,-227.4261744248219,-227.4261744248219,-1.5057545013993723,-3.7151292581915687,-227.4261744248219,-227.4261744248219,-2.601262070099178,-2.146393893278109,-0.8426241979602755,-227.57149089827448,-2.483080863379975,-227.57149089827448,-5.687049381318391,-227.57149089827448,-227.57149089827448,-2.8040086619992106,-3.1741483286362104,-2.060853048412488,-2.8897575386741563,-227.57149089827448,-227.57149089827448,-227.57149089827448,-3.4502286127226918,-227.57149089827448,-4.370085012345498,-3.462541773691874,-227.57149089827448,-227.6392710039354,-227.6392710039354,-227.6392710039354,-2.3905186864495063,-2.155705053616595,-3.0419992138424696,-227.6392710039354,-227.6392710039354,-227.6392710039354,-3.101676761717077,-2.531101456212502,