{"EPOCHS":100,"Rs":[4],"num_results":{"cp_vb":{"log_Z":[-7906.670106535981],"inf_results":[[[-0.9214182981490566,-1.5549580976209647,-2.137385932359921,-1.29915225120536],[-1.297251883290377,-1.9883817605169227,-8009.074044081622,-2.557127626927051,-2.249716204565395,-4.557083372359171,-8009.074044081622,-5.711284220006283,-3.3836466749781664,-3.3465908283159376,-2.8565201009691163,-3.2823474222317017,-3.283029736721681,-8009.074044081622,-3.7475182672095615,-2.6455491247882374,-8009.074044081622,-4.632382824706372,-3.959495219480589,-2.710290735996529,-0.9568782384612016,-1.4304274378241058,-8008.44050428215,-8008.44050428215,-5.460777111076084,-8008.44050428215,-8008.44050428215,-1.728381936776965,-3.567842664312316,-6.104936174368579,-8008.44050428215,-3.587578883226474,-8008.44050428215,-6.666349018880778,-2.38088865269098,-7.932396960532236,-8008.44050428215,-3.199813616665395,-8008.44050428215,-8008.44050428215,-8007.858076447411,-8007.858076447411,-1.3025281069410637,-4.14319604258082,-8007.858076447411,-1.458636160730122,-2.004879486343632,-8007.858076447411,-3.258288977898798,-8007.858076447411,-3.738901367083371,-8007.858076447411,-5.63208680151294,-1.9003800379311588,-8007.858076447411,-8007.858076447411,-5.091469111684489,-2.1824833516532864,-6.18365412423762,-5.299837657209025,-8008.6963101285655,-8008.6963101285655,-2.05519470041936,-2.2799722540818044,-2.735603632681922,-2.542240071074297,-2.404320250692261,-8008.6963101285655,-2.6199468821982137,-2.970666552853844,-2.5845168055035055,-2.9510840059670844,-3.6947082932346147,-2.9600646729066513,-8008.6963101285655,-2.932709734756207,-2.5095592704911,-8008.6963101285655,-3.7365463312922493,-3.0611129114717084],[-8009.074044081622,-2.597323680428043,-4.15190940204014,-2.2641272982210996,-2.0273804972492453,-3.196950526539526,-8009.074044081622,-8009.074044081622,-2.450194839887743,-2.7382237009501793,-8009.074044081622,-3.0132655464930975,-2.785889553660226,-8009.074044081622,-8009.074044081622,-1.761260235701231,-8009.074044081622,-3.307999349946887,-3.402126417076226,-2.051091243451032,-1.6597138894013277,-3.299207815928731,-1.9664793019707938,-8008.44050428215,-8008.44050428215,-2.6800115661430173,-2.1865842805806697,-2.643142073161462,-8008.44050428215,-8008.44050428215,-2.7417303649435185,-8008.44050428215,-8008.44050428215,-1.8270984186750887,-3.0715257323056155,-8008.44050428215,-2.2300113268491923,-8008.44050428215,-8008.44050428215,-8008.44050428215,-8007.858076447411,-8007.858076447411,-1.7186550116207728,-8007.858076447411,-3.3945447376735296,-1.5645495967874492,-2.066375082311435,-1.4759275498833375,-3.257973182365565,-8007.858076447411,-8007.858076447411,-8007.858076447411,-8007.858076447411,-8007.858076447411,-3.3401309053184116,-8007.858076447411,-8007.858076447411,-1.9211587922373683,-8007.858076447411,-8007.858076447411,-0.8260204813293734,-1.4695707570354148,-8008.6963101285655,-3.995923137405887,-8008.6963101285655,-8008.6963101285655,-8008.6963101285655,-8008.6963101285655,-3.8728991637910237,-4.07572080040461,-2.49756000352365,-3.22708449220858,-5.085037399277832,-2.5874210586755595,-3.4797594147550726,-4.148888615921226,-3.9703616106150417,-8008.6963101285655,-5.835288363152089,-6.056861137761361],[-1.160464190465027,-1.8675933590058023,-1.4087837835603914,-1.2468183796552061,-0.9317913020208604,-1.8887351925873386,-1.26667203024134,-1.7570974764073855,-0.994264018885711,-2.3096343296599082,-1.1862679356583516,-1.4947006627413018,-0.8808767331167173,-2.1522873482147684,-1.2504050402695128,-1.700855798129771]]]},"cp_smc":{"log_Z":[-8600.745395359214],"inf_results":[{"S_R":[2.0,2899.0,21.999999999999996,9391.0],"S_IR":[[0.0,0.0,0.0,0.0,0.0,0.0,0.0,0.0,1.9999999999999998,0.0,0.0,0.0,0.0,0.0,0.0,0.0,0.0,0.0,0.0,0.0],[793.0,190.0,385.0,10.0,47.0,315.0,277.0,217.0,101.0,0.0,44.0,36.0,0.0,160.0,129.0,0.0,9.0,186.0,0.0,0.0],[0.0,0.0,0.0,0.0,0.0,0.0,0.0,0.0,0.0,22.0,0.0,0.0,0.0,0.0,0.0,0.0,0.0,0.0,0.0,0.0],[1546.0,1104.0,441.0,738.0,700.0,340.0,223.0,262.0,439.0,330.0,527.0,397.0,274.0,236.0,228.0,529.0,274.0,133.0,178.0,492.0]],"S_JR":[[0.0,0.0,0.0,0.0,0.0,0.0,0.0,0.0,0.0,0.0,0.0,0.0,0.0,1.9999999999999998,0.0,0.0,0.0,0.0,0.0,0.0],[0.0,0.0,606.0,0.0,0.0,476.0,0.0,518.0,125.0,0.0,0.0,0.0,0.0,656.0,202.0,0.0,0.0,316.0,0.0,0.0],[0.0,0.0,0.0,0.0,0.0,0.0,0.0,0.0,0.0,0.0,0.0,0.0,0.0,0.0,0.0,22.0,0.0,0.0,0.0,0.0],[1966.0,1235.0,97.0,572.0,695.0,208.0,477.0,0.0,425.0,375.0,445.0,375.0,324.0,14.0,75.0,874.0,344.0,77.0,174.0,639.0]],"S_KR":[[0.0,0.0,0.0,2.0000000000000004],[1043.0000000000002,326.0,916.0,614.0],[0.0,4.0,0.0,18.0],[3448.0,1357.0000000000002,2422.0,2164.0]]}]}},"resampling_scheme":"systematic","datetime":"2020-06-26T06:56:26.39","N":123140,"M":[10,10],"durations":{"4:4":{"(Main.CP, \"vb\")":1.42,"(Main.CP, \"smc\")":34780.03}},"adaptive":true,"a":0.01,"resampling_freq":0}