{"EPOCHS":100,"Rs":[14],"num_results":{"cp_vb":{"log_Z":[-7587.694853045541],"inf_results":[[[-2.3581138189954087,-2.3935843869275866,-8.674658095310956,-5.164433826308137,-3.427744722684726,-1409.9944936377444,-2.140402152573164,-2.6650144632854955,-1409.9944936377444,-2.840614630440789,-2.2415040390877348,-1.6029665777385826,-1.769556193348265,-2.962179349757104],[-28007.637495412637,-1.1633879425681677,-28007.637495412637,-1.105818317943764,-28007.637495412637,-28007.637495412637,-3.92748744172838,-28007.637495412637,-28007.637495412637,-1.8846791111381833,-3.8599028357486764,-28007.637495412637,-3.3972070217332795,-3.856657419838025,-28007.637495412637,-28007.637495412637,-28007.637495412637,-28007.637495412637,-3.950406946216598,-2.445132937462799,-28007.602024844706,-28007.602024844706,-1.2297545904806917,-28007.602024844706,-28007.602024844706,-1.9968095440842424,-28007.602024844706,-1.0649821468806717,-2.1384700857736885,-28007.602024844706,-28007.602024844706,-4.258450620451003,-28007.602024844706,-28007.602024844706,-2.8785842435989313,-4.104277619038565,-3.945980807655387,-28007.602024844706,-28007.602024844706,-28007.602024844706,-28001.320951136324,-28001.320951136324,-28001.320951136324,-28001.320951136324,-28001.320951136324,-28001.320951136324,-28001.320951136324,-28001.320951136324,-28001.320951136324,-28001.320951136324,-28001.320951136324,-28001.320951136324,-28001.320951136324,-28001.320951136324,-0.00031976362425989446,-28001.320951136324,-28001.320951136324,-28001.320951136324,-28001.320951136324,-28001.320951136324,-28004.831175405325,-28004.831175405325,-28004.831175405325,-28004.831175405325,-28004.831175405325,-28004.831175405325,-28004.831175405325,-9.640448882741737e-6,-28004.831175405325,-28004.831175405325,-28004.831175405325,-28004.831175405325,-28004.831175405325,-28004.831175405325,-28004.831175405325,-28004.831175405325,-28004.831175405325,-28004.831175405325,-28004.831175405325,-28004.831175405325,-28006.56786450895,-28006.56786450895,-28006.56786450895,-28006.56786450895,-1.9124303511136995,-0.2424394685123854,-28006.56786450895,-28006.56786450895,-28006.56786450895,-28006.56786450895,-3.6597123645898804,-28006.56786450895,-28006.56786450895,-28006.56786450895,-28006.56786450895,-28006.56786450895,-28006.56786450895,-28006.56786450895,-28006.56786450895,-3.2677395575271295,-26600.00111559389,-26600.00111559389,-26600.00111559389,-26600.00111559389,-26600.00111559389,-26600.00111559389,-26600.00111559389,-26600.00111559389,-26600.00111559389,-26600.00111559389,-26600.00111559389,-26600.00111559389,-26600.00111559389,-26600.00111559389,-26600.00111559389,-26600.00111559389,-26600.00111559389,-26600.00111559389,-26600.00111559389,-26600.00111559389,-28007.85520707906,-28007.85520707906,-28007.85520707906,-28007.85520707906,-28007.85520707906,-28007.85520707906,-28007.85520707906,-4.363965705216979,-1.7056305368991813,-3.248245146422759,-28007.85520707906,-28007.85520707906,-2.152702566996453,-28007.85520707906,-2.9857839471464604,-1.3570085873305118,-28007.85520707906,-1.7877201552077855,-28007.85520707906,-1.7549416904348263,-0.8823469540808011,-1.7260809670212707,-1.7232105179590667,-28007.330594768348,-28007.330594768348,-28007.330594768348,-28007.330594768348,-28007.330594768348,-2.362346692991875,-28007.330594768348,-2.2008287747878352,-28007.330594768348,-28007.330594768348,-28007.330594768348,-28007.330594768348,-28007.330594768348,-3.8215835617304363,-28007.330594768348,-28007.330594768348,-28007.330594768348,-26600.00111559389,-26600.00111559389,-26600.00111559389,-26600.00111559389,-26600.00111559389,-26600.00111559389,-26600.00111559389,-26600.00111559389,-26600.00111559389,-26600.00111559389,-26600.00111559389,-26600.00111559389,-26600.00111559389,-26600.00111559389,-26600.00111559389,-26600.00111559389,-26600.00111559389,-26600.00111559389,-26600.00111559389,-26600.00111559389,-0.47600888458498236,-28007.15499460119,-28007.15499460119,-28007.15499460119,-28007.15499460119,-3.2033717178944405,-28007.15499460119,-28007.15499460119,-28007.15499460119,-28007.15499460119,-28007.15499460119,-2.070608012900329,-28007.15499460119,-28007.15499460119,-28007.15499460119,-28007.15499460119,-1.5610100081425315,-28007.15499460119,-28007.15499460119,-28007.15499460119,-0.9157747036404791,-1.4311983856344312,-28007.754105192544,-28007.754105192544,-1.971812279576766,-28007.754105192544,-28007.754105192544,-28007.754105192544,-28007.754105192544,-28007.754105192544,-28007.754105192544,-28007.754105192544,-28007.754105192544,-28007.754105192544,-3.6731438553339464,-2.302413729540352,-28007.754105192544,-28007.754105192544,-28007.754105192544,-2.3618613614563646,-28008.392642653893,-28008.392642653893,-3.4753679492034317,-1.9252004661779845,-1.5924099686600117,-2.8180789608813273,-2.8257889992273313,-28008.392642653893,-28008.392642653893,-3.0504248015807143,-1.7303136773264045,-2.1317228780147266,-3.6367046409099775,-28008.392642653893,-28008.392642653893,-28008.392642653893,-3.320390589605074,-3.489188167269801,-2.774756575630664,-28008.392642653893,-1.178717564342917,-2.1968262692707636,-2.066801356856633,-28008.226053038285,-28008.226053038285,-28008.226053038285,-1.8538383324843748,-28008.226053038285,-3.494272845625713,-28008.226053038285,-28008.226053038285,-28008.226053038285,-28008.226053038285,-1.73436965635487,-2.4402484082016986,-6.091529982513759,-28008.226053038285,-28008.226053038285,-28008.226053038285,-28008.226053038285,-0.5542989142199026,-1.0227817928338334,-28007.033429881874,-28007.033429881874,-28007.033429881874,-4.260594235849801,-28007.033429881874,-6.854104389477702,-28007.033429881874,-28007.033429881874,-28007.033429881874,-3.042519529954429,-28007.033429881874,-28007.033429881874,-28007.033429881874,-28007.033429881874,-28007.033429881874,-28007.033429881874,-28007.033429881874,-28007.033429881874],[-1.2977434750013659,-28007.637495412637,-28007.637495412637,-28007.637495412637,-1.6180497849454643,-28007.637495412637,-28007.637495412637,-28007.637495412637,-28007.637495412637,-28007.637495412637,-1.8521587283190417,-3.083956907690725,-28007.637495412637,-28007.637495412637,-3.6167115915058847,-1.393338664739428,-3.2756615640245017,-4.606674009224251,-28007.637495412637,-28007.637495412637,-0.9130233059113522,-2.5560679089268117,-28007.602024844706,-4.569249731042822,-28007.602024844706,-28007.602024844706,-1.96279570807598,-28007.602024844706,-5.001925679531423,-28007.602024844706,-3.0863714198949985,-28007.602024844706,-28007.602024844706,-1.541316455819433,-2.877467486089917,-28007.602024844706,-28007.602024844706,-3.125047097708982,-28007.602024844706,-28007.602024844706,-28001.320951136324,-28001.320951136324,-28001.320951136324,-28001.320951136324,-28001.320951136324,-0.00031976362425989446,-28001.320951136324,-28001.320951136324,-28001.320951136324,-28001.320951136324,-28001.320951136324,-28001.320951136324,-28001.320951136324,-28001.320951136324,-28001.320951136324,-28001.320951136324,-28001.320951136324,-28001.320951136324,-28001.320951136324,-28001.320951136324,-28004.831175405325,-28004.831175405325,-9.640448882741737e-6,-28004.831175405325,-28004.831175405325,-28004.831175405325,-28004.831175405325,-28004.831175405325,-28004.831175405325,-28004.831175405325,-28004.831175405325,-28004.831175405325,-28004.831175405325,-28004.831175405325,-28004.831175405325,-28004.831175405325,-28004.831175405325,-28004.831175405325,-28004.831175405325,-28004.831175405325,-28006.56786450895,-28006.56786450895,-1.3303135591071236,-28006.56786450895,-28006.56786450895,-28006.56786450895,-28006.56786450895,-28006.56786450895,-2.4382906463260845,-28006.56786450895,-28006.56786450895,-2.6079740928944353,-28006.56786450895,-28006.56786450895,-3.0744530003185035,-28006.56786450895,-28006.56786450895,-0.6473990052508407,-28006.56786450895,-28006.56786450895,-26600.00111559389,-26600.00111559389,-26600.00111559389,-26600.00111559389,-26600.00111559389,-26600.00111559389,-26600.00111559389,-26600.00111559389,