{"EPOCHS":100,"Rs":[5],"num_results":{"cp_vb":{"log_Z":[-6982.570820329274],"inf_results":[[[-1.5275376866625328,-2.2853713626192587,-1.0573358471124354,-2.3251602478093263,-1.4444151482365681],[-108.45188048031808,-108.45188048031808,-1.5054780305886482,-108.45188048031808,-108.45188048031808,-2.648921844482828,-1.7775317014376286,-1.7756672050680544,-3.0252102336147395,-5.388146616920501,-108.45188048031808,-3.485901730399414,-108.45188048031808,-1.9570061552781137,-2.390076460847128,-108.45188048031808,-4.284135799741891,-3.4720328105475273,-5.227826168120933,-108.45188048031808,-1.022048016168089,-3.751861352817277,-2.4923175520003946,-107.69404680436136,-107.69404680436136,-107.69404680436136,-107.69404680436136,-107.69404680436136,-3.136260370788693,-3.3412663711042017,-107.69404680436136,-107.69404680436136,-2.658096885004581,-107.69404680436136,-5.145528645040444,-2.2547113767723603,-107.69404680436136,-1.8328387158389132,-107.69404680436136,-2.201103802303627,-0.8183580671232562,-1.466882690764554,-4.002646021335864,-4.156779763626624,-2.20834768328589,-3.3746688554014614,-4.508501661584435,-5.131290118827645,-3.835702046263701,-108.92208231986818,-2.528345694370203,-108.92208231986818,-3.7054439676749427,-5.506765039360857,-6.633991878295877,-7.907038371440557,-108.92208231986818,-108.92208231986818,-31.510377967825708,-108.92208231986818,-107.6542579191713,-1.4712563601347615,-107.6542579191713,-4.72214938773268,-1.4730966434262536,-1.3311895296673262,-107.6542579191713,-107.6542579191713,-107.6542579191713,-107.6542579191713,-1.6610058701495092,-4.658380844362633,-2.7170778660617882,-107.6542579191713,-107.6542579191713,-107.6542579191713,-107.6542579191713,-107.6542579191713,-107.6542579191713,-107.6542579191713,-108.53500301874405,-108.53500301874405,-4.080768595689577,-1.4685688883969075,-108.53500301874405,-108.53500301874405,-108.53500301874405,-108.53500301874405,-2.400071268834825,-2.290616365968223,-108.53500301874405,-2.1503270435528457,-108.53500301874405,-108.53500301874405,-3.397205593526449,-1.9963609503330266,-2.472160950386834,-4.444222644005874,-2.8825333171951346,-2.1094758411662697],[-1.2393200729829825,-2.7086331590863937,-1.9855253497689738,-4.485964446400677,-108.45188048031808,-3.1666631506103435,-2.3479011326145454,-2.1138077511776894,-3.3289991640315613,-108.45188048031808,-108.45188048031808,-4.349995866600017,-108.45188048031808,-1.9405957487478727,-3.381924317269924,-108.45188048031808,-108.45188048031808,-4.790929692910344,-108.45188048031808,-108.45188048031808,-107.69404680436136,-3.841576140462034,-3.6822395268087913,-1.5235386082961018,-1.5529978213775344,-1.077511566624601,-107.69404680436136,-107.69404680436136,-107.69404680436136,-4.325675359623416,-107.69404680436136,-107.69404680436136,-107.69404680436136,-107.69404680436136,-107.69404680436136,-107.69404680436136,-107.69404680436136,-2.226921797679476,-2.8232694887953738,-107.69404680436136,-108.92208231986818,-2.508208646831873,-2.6475876440985475,-108.92208231986818,-3.0238242953258245,-3.6535574633830334,-3.0313204207802444,-3.0924601173373416,-2.629118227881781,-3.1606772956267895,-3.055239899777078,-2.8578386400885645,-2.9967761826681656,-2.7013186919384413,-3.434616571510002,-2.0427286766358828,-2.630030981396974,-108.92208231986818,-4.0892585036440385,-2.398170079936386,-0.7567390475312621,-2.6773917557857176,-107.6542579191713,-1.5047193036256772,-107.6542579191713,-107.6542579191713,-107.6542579191713,-107.6542579191713,-107.6542579191713,-3.13102322053794,-107.6542579191713,-107.6542579191713,-107.6542579191713,-107.6542579191713,-107.6542579191713,-107.6542579191713,-107.6542579191713,-1.6371856763395902,-107.6542579191713,-107.6542579191713,-1.5354718178019704,-1.5829921385767687,-108.53500301874405,-108.53500301874405,-2.578446580167676,-4.5058641709574605,-5.360101083059991,-108.53500301874405,-3.003288609902401,-3.165773840464464,-2.483171075899998,-3.4359913765154673,-3.279534923790078,-108.53500301874405,-4.128508243019585,-2.144297065896091,-4.427585305243278,-108.53500301874405,-4.699244348264906,-2.4557206867260026],[-0.9108109349908835,-2.266218803775038,-1.119697153825789,-1.788810714020471,-1.2303152646206428,-2.275000301095657,-1.2237051468596318,-1.17225591006744,-0.9604280460785652,-1.7715485859174356,-1.4661004595208063,-1.5323513764848595,-0.9113421302654485,-1.9671585045241473,-1.2467759396144098,-1.7749813986425478,-1.1428763308513892,-2.0264739405052072,-1.3390563056477953,-1.2493505245830185]]]},"cp_smc":{"log_Z":[-7413.274619382414],"inf_results":[{"S_R":[146.0,585.0,7386.0,3584.0,613.0],"S_IR":[[0.0,0.0,0.0,37.0,1.0,0.0,0.0,0.0,0.0,0.0,0.0,5.0,0.0,0.0,0.0,0.0,0.0,0.0,0.0,102.99999999999999],[0.0,379.0,0.0,0.0,0.0,30.999999999999996,5.0,0.0,30.999999999999996,119.99999999999999,0.0,0.0,16.999999999999996,0.0,1.9999999999999998,0.0,0.0,0.0,0.0,0.0],[1513.0,662.0,162.0,711.0,746.0,158.0,74.99999999999999,72.99999999999999,271.0,232.0,506.0,382.0,257.0,52.0,173.0,529.0,283.0,52.0,178.0,371.0],[826.0,253.0,499.0,0.0,0.0,466.0,333.0,406.0,127.99999999999999,0.0,64.99999999999999,46.0,0.0,344.0,182.0,0.0,0.0,36.0,0.0,0.0],[0.0,0.0,165.0,0.0,0.0,0.0,86.99999999999999,0.0,111.99999999999999,0.0,0.0,0.0,0.0,0.0,0.0,0.0,0.0,231.0,0.0,17.999999999999996]],"S_JR":[[0.0,18.999999999999996,0.0,0.0,0.0,5.0,0.0,0.0,0.0,0.0,3.0,0.0,6.0,0.0,9.0,76.99999999999999,0.0,10.0,16.999999999999996,0.0],[180.0,0.0,0.0,0.0,63.0,0.0,0.0,0.0,0.0,0.0,0.0,0.0,0.0,11.0,0.0,159.0,172.0,0.0,0.0,0.0],[1030.0,1085.0,92.99999999999999,572.0,586.0,342.0,57.0,11.0,468.0,375.0,442.0,258.0,315.0,26.999999999999996,64.99999999999999,660.0,123.99999999999999,79.99999999999999,157.0,639.0],[570.0,41.0,610.0,0.0,46.0,0.0,420.0,507.0,81.99999999999999,0.0,0.0,116.99999999999999,3.0,634.0,203.0,0.0,48.0,303.0,0.0,0.0],[186.0,89.99999999999999,0.0,0.0,0.0,337.0,0.0,0.0,0.0,0.0,0.0,0.0,0.0,0.0,0.0,0.0,0.0,0.0,0.0,0.0]],"S_KR":[[0.0,18.0,0.0,128.0],[137.0,123.0,164.0,161.0],[2752.0,1049.0,1876.0,1709.0],[1365.0,423.0,1108.0,688.0],[237.0,74.0,190.0,112.0]]}]}},"resampling_scheme":"systematic","datetime":"2020-06-25T11:37:49.658","N":123140,"M":[10,10],"durations":{"5:5":{"(Main.CP, \"smc\")":39638.65,"(Main.CP, \"vb\")":1.64}},"adaptive":true,"a":1.0,"resampling_freq":0}