{"EPOCHS":100,"Rs":[7],"num_results":{"cp_vb":{"log_Z":[-5807.570747355436],"inf_results":[[[-1.6169652715491694,-2.1484979851910166,-1.8273769534567705,-2.1567359717314387,-1.8275898342342343,-2.09337245212914,-2.087550400362894],[-0.16882088120647776,-7.286193691704376,-2.957873789073173,-6.878444044839626,-5.8750677092586905,-5.10485613309824,-5.024691768683791,-7.307716680917239,-3.306354595494252,-7.1493109820899265,-5.041462416184782,-3.3993136474812315,-7.850501982741484,-7.937314237070362,-7.229685425775,-7.934006521817195,-6.937245681534966,-7.351794078377752,-7.1696331945653045,-7.935939534097238,-1.7609999551516227,-4.650430681424782,-6.683136387321155,-1.275073509331663,-7.191608095426881,-5.284578936164237,-7.714100136325846,-7.408599520596917,-3.523510830970858,-2.4695095165355356,-7.146926385669184,-3.3991195580890663,-2.347623420150967,-5.600947546483189,-3.7880910877675937,-2.1683887157110107,-6.486255109337552,-5.391315196625445,-5.231828075840394,-2.050953095330069,-7.6895512251278095,-2.3533986499463184,-1.6720424083205074,-4.660736652351615,-5.138680846100436,-3.2727817281537623,-1.836588167063839,-1.5649246736595126,-3.990070740052072,-6.574197552346051,-4.210469460044411,-6.291890487801602,-7.779809579804263,-1.73517490529039,-2.6855259180331563,-7.889484949816499,-5.544122028157378,-6.472362110489768,-5.9478203144264015,-8.068370485565984,-7.163296851646963,-6.187073556549699,-2.0796297034934774,-5.072207056123645,-3.2037614173130278,-1.1387498413005073,-3.784430442404695,-6.433868402146533,-2.610559870724173,-3.843819795351505,-4.259189539786158,-5.006859890194628,-3.617063219167731,-7.100376579594523,-2.4055758461414136,-7.224244521385922,-7.225645674901598,-1.6223911511830975,-7.045934215191209,-3.1960190806380018,-7.828215318396281,-7.9998955624840855,-2.654047966335745,-2.144995253364389,-2.95488030127993,-3.1691654545912096,-2.8072244887110607,-3.6820640317114175,-2.6308867794366586,-2.696885919470671,-2.628059609241647,-2.33665744214706,-3.2966884005235917,-4.020463628726196,-4.10134792708853,-2.7440139619166155,-2.012578842576443,-4.648791263664135,-3.70669827580127,-4.1620320029701885,-5.48749115085219,-0.3470603506773795,-6.59555911303496,-3.774864571846609,-6.778859634408454,-5.3847819420726175,-5.63480317959358,-6.383321221516874,-3.4190942807950124,-3.8231701564070675,-2.122420362873635,-2.825608082507693,-4.930033861987181,-7.706909488520205,-6.685943590876662,-7.394580907085164,-7.6510775753903895,-7.5407280506273535,-5.818211063235974,-7.277937351019417,-7.078832938444077,-5.692637571036988,-7.691626201933644,-3.517189524210976,-1.002491046192099,-5.296658193012364,-5.265497238126251,-5.640939539536269,-3.0329882061824813,-4.024868207744632,-2.1563119129254504,-5.403175427177016,-4.86607129785463,-6.859993620981765,-4.189346772280137,-1.8876662311587387,-6.032356710209972,-5.571227800175469,-2.639361082155739,-1.9685608220204758],[-8.859117411571383,-2.4166376920559713,-2.577396517182949,-3.050041058156263,-3.230618203267869,-2.5680314365328893,-2.830260531589073,-2.7373719074220926,-2.7652893659583127,-3.2264613165954765,-3.315602890719087,-3.3693361140812392,-3.305483876674641,-2.5012819675974045,-2.926985126823018,-2.905305998689009,-3.261637076097383,-3.2237998808079142,-3.762313722324679,-3.1738452707314577,-4.412009852795655,-2.7607724285681163,-7.027186679135612,-6.593456640549766,-1.274487578450909,-4.481502790019194,-4.451727729563225,-8.06829782994407,-4.797441148494876,-3.485723612921815,-2.439850194514139,-4.087663364839685,-6.623235962715924,-7.8179710194638545,-4.020422916980644,-1.5153787169739061,-6.089172973765844,-5.251130012281811,-2.918771740343675,-1.7756899934678607,-1.2842734129777087,-7.152528849563972,-2.097727287941268,-6.556565526513119,-6.564352583927572,-4.66507227740693,-1.9609740154449673,-1.7241692038266905,-4.752967471028703,-5.762770044352824,-6.912809593807845,-7.2207731531675705,-6.883316738302657,-1.538203440329461,-3.540865704358853,-5.703880653927765,-8.062189026783157,-6.688886228149607,-7.927283071504116,-8.413567830318465,-1.4910480637216512,-5.603824061587593,-2.074636506449842,-4.908147893552335,-3.271238645098129,-1.325576034873107,-6.694152565184667,-7.072607136235506,-2.663144447638661,-4.010706299395592,-6.6736742801136915,-3.8334649200374153,-5.110247236702925,-5.48619188713719,-3.7565470597329695,-7.536998198492048,-7.58804911217661,-1.7578204003021822,-7.380240786574508,-4.868709177221701,-1.1821655080177518,-0.8821565418354078,-4.55608653522949,-4.169217505675393,-4.225309286282375,-4.616882820223849,-6.883399041744201,-7.56897242673344,-2.887355323233871,-4.374366937504256,-2.4731401011691254,-2.954185521649478,-5.453011500212838,-6.023665667851178,-4.73257528124508,-7.382751481079913,-7.764943530334465,-7.454947035841887,-7.5117932803319585,-7.7717374563067505,-2.299235598742512,-8.240737582577179,-3.166946937610488,-2.4318556628959023,-2.6611172227907707,-3.2862575261668274,-3.908859900580373,-7.268862853595236,-2.774587278649019,-3.5386163857956543,-3.2721091048769226,-2.7999874492038286,-3.6337020107723204,-4.11114345207451,-7.1320863357800235,-1.9104555816725997,-1.8311290871164285,-4.561685256955782,-3.7253861339509844,-2.835290351588628,-1.608869278691241,-2.8198382213554174,-5.694489698998771,-1.7182729985666043,-7.503613961946786,-6.28294937664265,-7.496110635471714,-8.169878888368233,-3.2383672619331945,-2.4529076746129554,-7.653859584421344,-3.7063039272696563,-2.1825093638859396,-5.490994323332112,-5.001630943667001,-1.9948663468627776,-7.839893906445409,-4.265042801497819,-7.763765288625959,-2.091409328314488],[-1.0413467818363555,-1.7823808669140098,-1.2872746476757184,-1.5987291854321777,-1.6745976451866964,-2.03227828334082,-1.4743993688765062,-0.794896042023157,-1.0343847399708288,-2.3815837744036576,-1.0115154303643656,-1.6727380403041678,-1.0445726420334926,-1.9825483070487486,-1.3004417232831749,-1.4397603624354707,-0.6051170857311909,-2.1700040014114492,-1.4686031350562425,-2.2181130827405102,-0.7865273555973031,-1.6656565352946249,-1.7202266320019035,-1.7400909929035349,-1.4266006989148163,-2.0175353598677948,-1.1304318903488486,-1.1939387710441052]]]},"cp_smc":{"log_Z":[-6155.916404082339],"inf_results":[{"S_R":[1353.0,1865.0,1658.0,2484.0,1322.0,2089.0,1543.0],"S_IR":[[82.00000000000001,14.000000000000002,2.0,102.00000000000001,229.0,7.0,10.000000000000002,6.0,72.00000000000001,121.00000000000001,0.0,6.0,156.0,12.000000000000002,2.0,261.0,2.0,25.0,73.00000000000001,171.0],[380.0,18.0,23.0,352.0,310.0,7.0,7.0,5.0,82.00000000000001,90.00000000000001,147.0,38.0,26.0,0.0,25.0,115.00000000000001,34.0,2.0,16.0,188.0],[451.0,800.0000000000001,18.0,32.0,28.0,7.0,0.0,2.0,71.00000000000001,16.0,123.00000000000001,57.0,16.0,0.0,4.0,2.0,3.0,2.0,9.000000000000002,17.0],[15.000000000000002,236.0,185.0,116.00000000000001,81.00000000000001,186.0,152.0,192.0,188.0,82.00000000000001,142.0,78.00000000000001,41.0,175.0,176.0,0.0,34.0,273.0,40.0,92.00000000000001],[167.0,3.0,77.00000000000001,119.00000000000001,10.000000000000002,5.0,71.00000000000001,19.0,36.0,36.0,93.00000000000001,254.0,35.0,1.0,15.000000000000002,145.0,207.0,14.000000000000002,15.000000000000002,0.0],[614.0000000000001,177.0,424.0,13.000000000000002,15.000000000000002,35.0,225.0,247.0,45.0,1.0,16.0,0.0,0.0,206.0,64.00000000000001,0.0,0.0,3.0,4.0,0.0],[630.0000000000001,46.0,97.00000000000001,14.000000000000002,74.00000000000001,408.0,35.0,8.000000000000002,48.0,6.0,50.0,0.0,0.0,2.0,71.00000000000001,6.0,3.0,0.0,21.0,24.0]],