{"EPOCHS":100,"Rs":[4],"num_results":{"cp_vb":{"log_Z":[-6647.013725750847],"inf_results":[[[-1.6818942455947452,-1.3879458532774862,-1.4831782037900467,-1.0866192820181357],[-0.9597657311808785,-5.186895381439548,-1.5227271723326767,-5.30121760152165,-6.627934621766523,-6.257080767985776,-2.311650389829091,-4.093983650111509,-2.8520733123277635,-4.990209846411189,-5.165157241742292,-4.4029032896500135,-7.030678891997085,-2.78607105126327,-4.28537322663392,-7.164190031589188,-4.739039377633471,-2.365624312443569,-7.4900947397654,-5.996707172346479,-0.7627118261398849,-1.142773996214018,-4.89063173280495,-3.9334765330899435,-4.169796548114999,-4.654810317344879,-5.9304192643134845,-6.681179472140617,-3.962043304690705,-4.888854022533154,-2.7110131978601,-3.2624772320254474,-5.087967094831985,-7.47408294321993,-4.7400875150205675,-6.651406066256432,-7.521249219228086,-6.903525655028752,-6.177580532761346,-5.5330067487950405,-6.897743722841605,-2.2737550117365144,-2.2637908200474337,-5.324800134175799,-3.6732293113486154,-1.6278678891897123,-2.391133669351883,-1.8677967112191594,-3.2834002031285117,-4.832781961638561,-3.5577760339741307,-3.977520637951445,-4.931766772867271,-2.4168886170882065,-2.4477440523208553,-6.583524396909721,-5.594178178884766,-3.7031311778606755,-4.795262618661885,-5.977489028211479,-6.060158589154051,-6.540295929784881,-6.117932093516213,-1.8399394076900695,-1.898106254599882,-4.076847381423012,-6.244069198555514,-6.827118229721496,-2.829999002320447,-2.6579399949615583,-2.72464424949064,-2.8747037758581824,-2.8780206238033665,-7.050868594439238,-4.287861075622526,-2.081568072313071,-2.8038581796326767,-4.853460543397981,-3.329103730234774,-2.1874392089754453],[-6.607791765017522,-1.8013353798264218,-3.325996572977486,-5.003826616210812,-3.3803006227548273,-1.4988156751320325,-2.6649512425721342,-1.7198569145615075,-5.1328083265579,-5.1481601986526755,-3.595331845412015,-3.9287817687463242,-4.86615124114215,-2.2276000501890785,-2.493376700631088,-4.796432830229955,-7.299361569289019,-4.71598154612745,-5.425639993571387,-6.517897335051957,-7.161836390435335,-4.940044337539676,-2.736112718596809,-2.484932215375747,-2.5592567341819716,-3.6577956899530397,-3.4370826530580105,-4.586933318436844,-2.4979089645479817,-3.0663456031575578,-3.075201022458643,-2.9540807674485983,-3.259727942121706,-3.3541266287890172,-5.227308067732336,-2.012466188639902,-2.2153580128726986,-3.4295537904330793,-3.446980743458594,-2.495101951582968,-0.866187167873643,-3.7451930124033845,-1.9218831706532908,-5.293334622158147,-6.010103529408825,-6.60289646090342,-2.588741518218935,-3.62973489681138,-2.949869397994439,-4.620876158846102,-4.999287772910984,-4.1777628460592675,-6.077202959276667,-2.1885026947392134,-4.593299091293714,-6.170146774511373,-6.87454540122245,-2.4956683400975956,-7.4743167594917574,-7.159666821539281,-1.6820460743364345,-1.6960294521861083,-6.037456920855629,-2.6798441071777725,-2.418854027216751,-3.8690580442064215,-6.252668537182776,-8.144126051858542,-3.4193795369638815,-3.0797811111397513,-2.93480769935758,-3.4887060965344157,-3.1261317682535426,-7.575641968403211,-4.554343615072767,-2.2088258245518713,-6.833185760209612,-4.585151742484353,-4.141024470157716,-2.397482359385303],[-1.0014454102078796,-2.1184261741513364,-1.2268815461952576,-1.5206202076056083,-0.9429959289822873,-1.712282905013784,-1.5278662893337005,-1.548318895026763,-0.9221557916054524,-2.083263377672969,-1.1463002745221011,-1.8358797089877132,-1.1402805292548015,-2.081217458602807,-1.3220479060023829,-1.2429023638125125]]]},"cp_smc":{"log_Z":[-6862.759419029829],"inf_results":[{"S_R":[2845.0,2561.0,4205.0,2703.0],"S_IR":[[64.0,272.0,143.0,7.0,176.0,539.0,296.0,433.0,159.0,38.0,100.0,17.0,15.0,288.0,203.0,18.0,19.0,25.0,22.0,11.0],[1072.0,99.0,531.0,11.0,20.0,13.0,160.0,8.0,88.0,24.0,26.0,53.0,13.0,103.0,61.0,4.0,13.0,238.0,6.0,18.0],[1151.0,832.0,18.0,291.0,473.0,31.0,26.0,8.0,148.0,106.0,278.0,193.0,68.0,2.0,42.0,210.0,7.0,13.0,72.0,236.0],[52.0,91.0,134.0,439.0,78.0,72.0,18.0,30.0,147.0,184.0,167.0,170.0,178.0,3.0,51.0,297.0,244.0,43.0,78.0,227.0]],"S_JR":[[1072.0,125.0,409.0,11.0,6.0,9.0,209.0,121.0,102.0,35.0,8.0,48.0,12.0,346.0,71.0,10.0,4.0,246.0,1.0,0.0],[29.0,214.0,207.0,15.0,86.0,587.0,199.0,394.0,96.0,10.0,59.0,53.0,34.0,282.0,135.0,9.0,0.0,122.0,17.0,13.0],[18.0,212.0,84.0,464.0,266.0,44.0,50.0,3.0,306.0,271.0,172.0,187.0,266.0,33.0,62.0,808.0,326.0,6.0,121.0,506.0],[847.0,684.0,3.0,82.0,337.0,44.0,19.0,0.0,46.0,59.0,206.0,87.0,12.0,11.0,9.0,69.0,14.0,19.0,35.0,120.0]],"S_KR":[[1143.0,335.0,906.0,461.0],[920.0,305.0,779.0,557.0],[1429.0,710.0,937.0,1129.0],[999.0,337.0,716.0,651.0]]}]}},"resampling_scheme":"systematic","datetime":"2020-06-25T21:11:33.995","N":123140,"M":[10,10],"durations":{"4:4":{"(Main.CP, \"vb\")":0.92,"(Main.CP, \"smc\")":32804.99}},"adaptive":true,"a":100.0,"resampling_freq":0}