{"EPOCHS":100,"Rs":[14],"num_results":{"cp_vb":{"log_Z":[-4981.385050110461],"inf_results":[[[-2.585444482615765,-3.0766847492006892,-2.315034848705955,-2.424436471162328,-2.5112278388029328,-2.738580591317401,-2.936626676736939,-2.0443289816989916,-2.7560683378282205,-3.2785070228457034,-3.1449840022708635,-2.164188431331512,-3.172723981630141,-2.7912636789168497],[-1.8791471359445557,-1.8854134523445163,-4.202078893770551,-1.806723340708226,-1.8226444114189357,-8.6863128691822,-5.846717307954244,-6.053500536082433,-3.025372393114104,-2.5644289153858013,-3.004152556505651,-3.6257528723478245,-4.450741960845369,-5.251454296512199,-4.711186097714711,-9.611912974574876,-6.156222401303194,-6.734989770235658,-4.874969098141354,-2.2922042049760503,-4.124887294560377,-0.5961568493702192,-8.195803142797443,-8.98226720839446,-8.439147780984312,-8.392042486186764,-3.4436000934593705,-8.548969345236763,-8.59842950432661,-8.334316703028692,-0.9563701926615664,-6.582671568020503,-8.746030771706579,-9.153495945060545,-7.996385518283063,-8.725930893573072,-8.585329723544774,-8.717301604382293,-8.647953819544238,-8.753091338201196,-9.569939069492463,-9.662825791449254,-1.775640594899503,-1.9554377767129392,-2.2167997044140444,-3.617814575912158,-2.752393050952975,-4.169684353134715,-6.55846068812054,-2.4163640980806163,-3.989993867426674,-1.7273999207136743,-3.0659792269785227,-5.366480002237365,-9.273651506636586,-9.061561233774617,-2.4347291608980832,-9.131649884389784,-3.199565732498465,-9.244693278621499,-9.360827289342144,-0.5125119459978817,-4.373342897488024,-1.553111771736063,-9.460981442167233,-9.298994988592039,-9.194164618421897,-8.677619037564297,-2.074913645374699,-3.397134835660846,-9.165006594956596,-8.803536962739871,-4.649138506346185,-9.280324316583574,-9.302609454183695,-9.398356405500795,-9.234315580506212,-9.32181548604061,-8.561590320891558,-9.301669143960453,-1.1728447602779877,-2.276699436654103,-1.8556917239637194,-5.203710778489998,-8.87456185585822,-6.3580084980396645,-2.522667069586686,-1.4508146651368925,-3.9499664774601277,-6.362573718058287,-4.1031231180338565,-3.927723260175099,-9.627594465185856,-9.548506489789462,-3.295266811697335,-8.578775626187323,-5.350267202469196,-9.295815431766936,-6.366701450086336,-9.634302085540568,-9.071219396091383,-8.922059176645591,-9.035609482057666,-4.418821878553764,-9.194217313571158,-8.19339469295985,-8.763593760733519,-9.135355926167874,-8.885359953512776,-2.1007311376793787,-3.756301283888,-8.704140163867908,-1.9129491602476048,-9.094601164656439,-8.414595884682075,-1.222730822690794,-9.120254015580386,-8.566416367686358,-8.56812708043273,-0.9446219763067054,-8.831117290620423,-5.701182274268858,-0.9953915891448331,-4.976219362829382,-5.461601650908841,-4.5041834787359125,-1.6868380497447655,-9.098367395550898,-3.952097463504001,-9.051517998764137,-8.913036208019639,-9.108357705852317,-9.196078675882722,-0.9844400644053808,-5.082263648672898,-9.068055590644846,-5.127363781423163,-6.315705118451303,-8.87630537096534,-9.08469596790852,-0.19695997508050578,-9.42765667007566,-9.580205843989148,-9.55748526037237,-9.677926447898155,-3.0568321410431434,-9.52925815237802,-9.866220879051923,-9.56782549151826,-9.603420202330552,-9.641646190888203,-2.543805234649529,-9.610868479095483,-9.861599472479845,-3.0434951466746085,-9.822080530047465,-9.796432107714539,-9.560284315202084,-8.646639132312206,-9.723695209446207,-1.2027976928205417,-9.504665719899752,-8.95264211066465,-2.5225005516238648,-7.744028438106608,-8.804826840561493,-8.782019619876122,-9.069908323894367,-2.3349682014245374,-8.668844602055076,-2.4706588752792538,-8.739201596337077,-9.02382292536821,-8.670079988475607,-8.837287411421489,-1.8613286842249375,-1.635611475351923,-4.860155987054695,-8.74967184083124,-2.6842609287962245,-8.076710713355272,-1.8812808976234132,-8.516668515435697,-1.5099311220788065,-7.892421157956884,-8.236211960172497,-8.910578942443163,-8.974705647719682,-2.9894505541478344,-8.471630336374862,-2.7930711277720044,-3.1699932671139073,-2.264895346426493,-8.873755032931243,-3.570170691720535,-1.2880301270139496,-8.939998926304694,-4.224678325978435,-3.4418935402822717,-8.873712711488023,-8.591831566812619,-8.457273254614229,-8.463740818809663,-8.338103259959947,-0.4063818622408508,-7.868064267085515,-8.549349208291988,-8.551560872173308,-2.4571576648963007,-8.423905443583882,-7.737774455641693,-8.435527318084779,-8.65175653352981,-8.88841261545842,-8.65809568469534,-2.6128859372854216,-8.517385526824189,-8.16136641318508,-1.8449636340302566,-8.450367832702064,-9.900173341911714,-9.251739940155758,-9.635669328713522,-9.591470585075582,-3.560166574152877,-1.5957008809427222,-2.1315343111122527,-1.8715597829126018,-2.702661257136535,-5.143173858156098,-2.433125388099282,-9.187718584200061,-5.0941946750854505,-2.3338707979449334,-1.9865981146547753,-8.125568942001381,-5.315970913964045,-2.6408631188969203,-4.382064846026705,-9.3090591714613,-1.3945558845945563,-8.587717030942926,-2.2407570752478287,-7.2569043884089535,-2.4354000181692923,-0.7465665566673829,-6.517584930541492,-6.335563071754993,-8.587942924563414,-8.991914877260104,-4.739983280691004,-9.018923208747564,-3.656038364599167,-8.150278028009772,-5.6879694860536425,-8.691457976131018,-6.273862476165968,-9.0916633936903,-8.941164711154258,-3.7342490812112983,-1.3996143869079951,-8.8600839760878,-1.7477179868626616,-8.815781527831785,-3.909354370728674,-9.406507148250665,-3.3567098126754957,-8.683498965411811,-2.231167462041986,-3.4599482293016366,-3.6569275257054508,-3.546977060140512,-5.089211285102747,-9.438088378980671,-3.7330325794160433,-8.880188824160225,-6.052427917589799,-1.3342689913132677,-9.461617746593783,-3.7593585040465833],[-9.057526731877568,-7.71866103664357,-9.207128461711829,-9.221857256682078,-9.184766586082732,-6.63129683196148,-8.902381720852949,-9.365320063790906,-8.738110788664715,-9.310232025020465,-3.222253360687858,-8.985793370820332,-8.916196586995401,-9.14837759136199,-3.108789331032706,-0.25129592211033724,-9.067693347609596,-8.947638609601615,-9.170091206780592,-2.0663671674091812,-8.298916060093367,-8.96232702367663,-8.309409294999485,-1.098665830504614,-8.461641728044869,-6.174616652804309,-8.420148570971413,-3.054250732066646,-1.7312780555800176,-3.6415048764154574,-8.99500028593295,-2.005269833659848,-3.987585519932377,-8.480948872696853,-8.870681830462273,-8.548846443706182,-1.523366550363411,-8.494350609344984,-3.6031220496250858,-8.075060347250334,-1.1686687892780396,-0.9668971277636924,-9.318951461576173,-9.076022927821489,-3.5286543353859097,-9.18715080272218,-5.504970820441173,-9.339698285352934,-2.3150358341153785,-8.905775896059385,-2.0489856799425175,-3.5239217301642807,-5.450608276961715,-9.283621812352873,-9.203823037888151,-9.090130834689749,-9.27454043500784,-9.517229961678723,-5.023512680682174,-8.818337332106175,-1.384531061990308,-9.693488352592459,-2.694593782977618,-9.477952336491274,-1.9429469360771696,-3.016190880577892,-3.496003426287404,-4.7226971965945985,-9.177333851666774,-3.3013415888929885,-2.4454958152584902,-2.959651624828598,-3.1923894792379213,-9.161371974756754,-9.317291766343795,-2.4748154627148162,-2.300510596171163,-3.9237068361573737,-3.8620096883425066,-7.362595313541176,-9.350866069894824,-9.227781047561272,-7.576378857418632,-4.536663485882528,-9.230575951138452,-3.7289004560642227,-1.1900311231804546,-5.230879331986124,-9.206922049454139,-9.271570298818368,-4.877206897504756,-8.99558207473833,-4.836803525841882,-0.4997686489103472,-3.944975365389424,-5.781370128532628,-6.387374496087839,-8.648724672426194,-9.200934501619757,-9.318381450239293,-1.2669645661709144,-4.142282903499469,-4.642033674768456,-1.7987115592977805,-1.2946882366594767,-3.9668677115466635,-5.4297824481304096,-9.584872638520574,-3.079854867222182,-3.697167990260173,-4.268359674049746,-3.6341807343776638,-3.2803997219988283,-9.331055017750863,-8.3404507830382,-9.055482295805666,-9.177144754008484,-8.540527068563573,