{"EPOCHS":100,"Rs":[6],"num_results":{"cp_vb":{"log_Z":[-7440.705926908384],"inf_results":[[[-1.952748445322877,-1.6554453802007245,-1.4389557773558757,-3.9717846999402155,-1.3356491944822064,-1.9111919476715915],[-12008.042782462935,-2.8240038604510884,-2.174655196404097,-2.550114217109595,-3.1891794601903163,-1.3617622650491539,-2.5209673252160147,-2.297056842483652,-12008.042782462935,-12008.042782462935,-12008.042782462935,-12008.042782462935,-12008.042782462935,-2.1627112493172973,-2.3120262079293283,-12008.042782462935,-5.407779959506671,-12008.042782462935,-12008.042782462935,-3.012896709387321,-1.9552068963923404,-1.2258200117795415,-3.9268881305177894,-4.789823172404054,-2.3089864496887156,-4.9370539735220635,-4.189014542312819,-5.131528888158658,-2.710836050332504,-3.6870171573391435,-2.0410511530533997,-3.7925481264621665,-12008.340085528058,-5.300620966153137,-12008.340085528058,-2.718377259107651,-4.648022996403142,-3.0330857986041426,-3.4035947808557667,-12008.340085528058,-1.1095145284196084,-2.7405612719781054,-1.7420909346388527,-12008.556575130902,-12008.556575130902,-3.621330205827105,-2.2036746045848146,-2.316770986376002,-3.1700700116082343,-6.966674190958136,-4.097701239059713,-3.831290895326199,-12008.556575130902,-2.7764011249803895,-3.384199882591541,-6.54492962675487,-12008.556575130902,-4.282947729233305,-12008.556575130902,-12008.556575130902,-12006.023746208317,-12006.023746208317,-1.23341941226479,-12006.023746208317,-12006.023746208317,-12006.023746208317,-12006.023746208317,-12006.023746208317,-12006.023746208317,-12006.023746208317,-12006.023746208317,-12006.023746208317,-12006.023746208317,-12006.023746208317,-12006.023746208317,-12006.023746208317,-12006.023746208317,-0.34736643856735405,-12006.023746208317,-12006.023746208317,-1.1342099381409207,-2.347943756087531,-12008.659881713775,-1.701750563363758,-2.399479745685939,-3.3787438521385518,-12008.659881713775,-12008.659881713775,-3.7403298758393255,-3.150450320484338,-12008.659881713775,-3.435975817195901,-3.1435638816637113,-12008.659881713775,-3.8865449566050234,-12008.659881713775,-12008.659881713775,-12008.659881713775,-12008.659881713775,-2.1930347089076685,-12008.084338960587,-12008.084338960587,-12008.084338960587,-12008.084338960587,-2.5278320372990013,-12008.084338960587,-12008.084338960587,-12008.084338960587,-2.2918821818571056,-2.498968156892066,-2.1343533952263867,-2.1581569451645564,-2.6143819603070115,-12008.084338960587,-4.7049566708021935,-1.5988355000589305,-1.9812306584027493,-12008.084338960587,-2.914264217568154,-3.738817554946695],[-0.49575219270285587,-12008.042782462935,-2.090228860342414,-12008.042782462935,-12008.042782462935,-12008.042782462935,-3.2049207270002213,-3.4596604262752484,-3.0720503485435398,-12008.042782462935,-12008.042782462935,-12008.042782462935,-12008.042782462935,-3.9540988729631246,-12008.042782462935,-12008.042782462935,-12008.042782462935,-2.0556603862648997,-12008.042782462935,-12008.042782462935,-1.9131337006336446,-12008.340085528058,-3.1168538120962053,-1.714846145438841,-2.883295394683338,-3.2055781117600075,-5.425170773093301,-12008.340085528058,-12008.340085528058,-2.787442687590426,-12008.340085528058,-2.696888283543574,-2.408517279026424,-3.900916727863167,-12008.340085528058,-2.153685092127003,-1.9280361731934645,-4.945590456582616,-4.093737939477817,-12008.340085528058,-12008.556575130902,-2.1883129447021217,-2.078207564629537,-12008.556575130902,-4.238453447457813,-2.5975169282263417,-2.048296618312211,-1.8437760167815114,-2.919100983010294,-12008.556575130902,-3.492826447665692,-3.591977628159797,-12008.556575130902,-1.6003307652672358,-2.6911980738457117,-12008.556575130902,-12008.556575130902,-12008.556575130902,-5.7360544416660355,-12008.556575130902,-12006.023746208317,-12006.023746208317,-12006.023746208317,-12006.023746208317,-12006.023746208317,-0.03064615253607439,-12006.023746208317,-12006.023746208317,-12006.023746208317,-12006.023746208317,-12006.023746208317,-12006.023746208317,-12006.023746208317,-12006.023746208317,-12006.023746208317,-12006.023746208317,-12006.023746208317,-12006.023746208317,-12006.023746208317,-3.573870482459209,-12008.659881713775,-2.2881567257520157,-12008.659881713775,-3.087844500843583,-2.136582595032352,-3.111401884360088,-5.239227238072363,-12008.659881713775,-2.8993607335936114,-3.0069949332594135,-2.4648472148606846,-3.634745441006812,-3.3692741163929343,-12008.659881713775,-3.7261623980273324,-1.6497965955940437,-12008.659881713775,-3.0646738005650045,-3.263674467660006,-2.028976694548591,-1.1916514070800224,-1.1484406174229216,-4.781398315828448,-12008.084338960587,-2.587558761110053,-12008.084338960587,-12008.084338960587,-12008.084338960587,-2.6311649475847867,-3.2794146912013744,-3.133389297435543,-3.6248028287060077,-12008.084338960587,-12008.084338960587,-12008.084338960587,-12008.084338960587,-7.522931883588609,-12008.084338960587,-12008.084338960587,-2.182975625764252],[-1.0545009313753733,-1.9638391482554178,-1.1246141364601563,-1.6837360193625006,-0.9300622454884397,-1.7912185705695158,-1.3587848008471948,-1.7086865322319786,-0.8685445586078044,-2.2977985285099978,-1.2076171700433802,-1.7118237203436912,-1.2358962958043769,-2.0487692346168394,-1.1960600086648432,-1.3030698882901044,-1.2541665428104087,-1.8233527619318668,-1.4777197940131925,-1.1252154026954155,-0.9076531043224882,-2.2070967165686204,-1.3308584237834928,-1.5076186548620987]]]},"cp_smc":{"log_Z":[-8256.14159737018],"inf_results":[{"S_R":[24.0,165.0,2949.0,124.0,9035.0,17.0],"S_IR":[[0.0,1.0,0.0,0.0,0.0,0.0,0.0,0.0,0.0,0.0,0.0,0.0,0.0,0.0,0.0,23.0,0.0,0.0,0.0,0.0],[0.0,0.0,0.0,0.0,0.0,164.00000000000003,1.0,0.0,0.0,0.0,0.0,0.0,0.0,0.0,0.0,0.0,0.0,0.0,0.0,0.0],[631.0,244.00000000000003,364.0,0.0,0.0,312.0,335.0,426.0,81.0,0.0,0.0,0.0,35.0,253.00000000000003,228.00000000000003,11.0,0.0,29.0,0.0,0.0],[0.0,0.0,40.0,0.0,0.0,0.0,0.0,0.0,3.0,0.0,0.0,0.0,0.0,81.0,0.0,0.0,0.0,0.0,0.0,0.0],[1708.0,1049.0,422.0,748.0,747.0,179.00000000000003,164.00000000000003,52.0,458.0,352.0,571.0,433.0,239.00000000000003,62.0,129.00000000000003,495.0,283.0,290.0,162.00000000000003,492.0],[0.0,0.0,0.0,0.0,0.0,0.0,0.0,1.0,0.0,0.0,0.0,0.0,0.0,0.0,0.0,0.0,0.0,0.0,16.0,0.0]],"S_JR":[[0.0,0.0,0.0,24.0,0.0,0.0,0.0,0.0,0.0,0.0,0.0,0.0,0.0,0.0,0.0,0.0,0.0,0.0,0.0,0.0],[0.0,0.0,0.0,0.0,0.0,0.0,0.0,0.0,0.0,0.0,0.0,0.0,0.0,2.0,0.0,0.0,0.0,162.00000000000003,0.0,1.0],[744.0,0.0,569.0,0.0,82.0,0.0,366.0,408.0,163.00000000000003,0.0,35.0,0.0,0.0,582.0,0.0,0.0,0.0,0.0,0.0,0.0],[0.0,0.0,0.0,0.0,0.0,0.0,36.0,88.0,0.0,0.0,0.0,0.0,0.0,0.0,0.0,0.0,0.0,0.0,0.0,0.0],[1222.0,1235.0,134.00000000000003,548.0,613.0,684.0,74.0,22.0,387.0,375.0,410.0,375.0,308.0,88.0,277.0,896.0,344.0,231.00000000000003,174.00000000000003,638.0],[0.0,0.0,0.0,0.0,0.0,0.0,1.0,0.0,0.0,0.0,0.0,0.0,16.0,0.0,0.0,0.0,0.0,0.0,0.0,0.0]],"S_KR":[[0.0,0.0,0.0,24.0],[45.0,20.0,51.0,49.0],[1150.0,364.99999999999994,923.0,510.99999999999994],[0.0,1.0,52.0,71.0],[3296.0,1301.0,2295.0,2143.0],[0.0,0.0,17.0,0.0]]}]}},"resampling_scheme":"systematic","datetime":"2020-06-27T00:52:46.218","N":123140,"M":[10,10],"durations":{"6:6":{"(Main.CP, \"smc\")":50858.25,"(Main.CP, \"vb\")":1.62}},"adaptive":true,"a":0.01,"resampling_freq":0}