{"EPOCHS":100,"Rs":[11],"num_results":{"cp_vb":{"log_Z":[-7520.065577075264],"inf_results":[[[-2.3774583258877344,-2.555527290475646,-2.4081695341587945,-2.561017573798819,-2.23163819747079,-3.150595671646027,-2.433366806905261,-3.833419198288592,-1.7498453517106043,-2.532868216301434,-1.9027124272891767],[-22007.61813488461,-2.420525689849158,-1.5738916590623946,-22007.61813488461,-3.183497451009572,-22007.61813488461,-22007.61813488461,-22007.61813488461,-1.780624098580481,-2.7038347476360514,-22007.61813488461,-3.4284257676057988,-3.614218369733579,-22007.61813488461,-1.8029130001215785,-22007.61813488461,-22007.61813488461,-1.6237512037659512,-6.378150908965166,-22007.61813488461,-1.0799760735099744,-22007.440065920022,-22007.440065920022,-1.2294419236467862,-1.790371831712938,-22007.440065920022,-22007.440065920022,-22007.440065920022,-22007.440065920022,-22007.440065920022,-22007.440065920022,-2.5811467190269086,-2.844967739547741,-22007.440065920022,-3.6733382065184186,-4.557804305016353,-22007.440065920022,-22007.440065920022,-3.586640000979845,-22007.440065920022,-0.662780163754098,-22007.58742367634,-1.0718468494920517,-22007.58742367634,-22007.58742367634,-22007.58742367634,-2.0153822267536983,-22007.58742367634,-22007.58742367634,-22007.58742367634,-22007.58742367634,-22007.58742367634,-22007.58742367634,-22007.58742367634,-22007.58742367634,-22007.58742367634,-4.88106932711138,-22007.58742367634,-22007.58742367634,-22007.58742367634,-0.660295089346361,-22007.4345756367,-1.9034874706720917,-22007.4345756367,-22007.4345756367,-2.628007672061524,-2.351790669292879,-22007.4345756367,-22007.4345756367,-3.655700313613424,-22007.4345756367,-2.7164822986280743,-3.501739880807002,-3.192654400088885,-22007.4345756367,-22007.4345756367,-22007.4345756367,-22007.4345756367,-22007.4345756367,-22007.4345756367,-1.0101616811162168,-1.1500202367605379,-2.9948315551983216,-22007.763955013026,-3.7856359874132863,-1.5594261457928669,-22007.763955013026,-3.371907572831764,-22007.763955013026,-22007.763955013026,-22007.763955013026,-22007.763955013026,-22007.763955013026,-22007.763955013026,-22007.763955013026,-22007.763955013026,-22007.763955013026,-22007.763955013026,-22007.763955013026,-22007.763955013026,-0.7172536747305633,-22006.844997538854,-22006.844997538854,-22006.844997538854,-22006.844997538854,-22006.844997538854,-22006.844997538854,-22006.844997538854,-2.7900003642181406,-22006.844997538854,-22006.844997538854,-22006.844997538854,-22006.844997538854,-1.2266037963725607,-1.8684725981998955,-22006.844997538854,-22006.844997538854,-22006.844997538854,-22006.844997538854,-22006.844997538854,-1.6374602139864471,-22007.562226403592,-22007.562226403592,-22007.562226403592,-1.4459860616219622,-22007.562226403592,-22007.562226403592,-22007.562226403592,-3.569214274463989,-22007.562226403592,-2.2014320421168074,-3.9386781950043006,-22007.562226403592,-22007.562226403592,-22007.562226403592,-1.5595190617672383,-22007.562226403592,-22007.562226403592,-2.564152874946079,-2.1098225294908257,-22006.16217401221,-22006.16217401221,-22006.16217401221,-22006.16217401221,-22006.16217401221,-22006.16217401221,-22006.16217401221,-22006.16217401221,-22006.16217401221,-22006.16217401221,-22006.16217401221,-22006.16217401221,-22006.16217401221,-22006.16217401221,-22006.16217401221,-3.2417708011323043e-6,-22006.16217401221,-22006.16217401221,-22006.16217401221,-22006.16217401221,-22008.24574785879,-22008.24574785879,-22008.24574785879,-1.5797470972541978,-2.6409306152815137,-22008.24574785879,-22008.24574785879,-22008.24574785879,-2.461090437875776,-2.54765871861039,-2.4792679067589907,-2.478442454548441,-2.6125280312858843,-22008.24574785879,-3.5574738402437056,-22008.24574785879,-2.106397736798426,-3.5668839505933105,-3.502989380886392,-2.235499937629119,-22007.4627249942,-0.967123760083088,-22007.4627249942,-22007.4627249942,-2.27991903834074,-22007.4627249942,-5.554849055692017,-22007.4627249942,-2.265747486736533,-2.485668368699284,-1.9279666318297837,-22007.4627249942,-22007.4627249942,-5.097081264561451,-22007.4627249942,-3.731445232846119,-4.343762178579646,-22007.4627249942,-22007.4627249942,-2.0131911469386274,-22008.09288078321,-1.524096338644978,-22008.09288078321,-4.259601022878952,-22008.09288078321,-1.7892571486835127,-1.9703933120193664,-1.445860286131924,-22008.09288078321,-22008.09288078321,-2.664830144281229,-3.469621745708884,-22008.09288078321,-2.2462492198788038,-22008.09288078321,-22008.09288078321,-22008.09288078321,-4.0562486279804695,-22008.09288078321,-22008.09288078321],[-0.8477989755338973,-22007.61813488461,-22007.61813488461,-3.6581760363410067,-22007.61813488461,-1.1468959734644502,-22007.61813488461,-22007.61813488461,-2.894465863669189,-4.406566013825445,-22007.61813488461,-4.2966032509140275,-22007.61813488461,-2.6019636009233276,-3.6587684601496258,-6.07846539556448,-3.640637243166896,-22007.61813488461,-22007.61813488461,-4.2452568020490045,-22007.440065920022,-22007.440065920022,-22007.440065920022,-22007.440065920022,-22007.440065920022,-22007.440065920022,-3.587544986454547,-22007.440065920022,-22007.440065920022,-22007.440065920022,-2.3173710367956852,-22007.440065920022,-22007.440065920022,-22007.440065920022,-22007.440065920022,-0.8801386162794103,-3.8078860397078547,-3.2026338090740696,-22007.440065920022,-0.9323787862459199,-22007.58742367634,-22007.58742367634,-22007.58742367634,-22007.58742367634,-2.988794166971778,-1.5827726514510951,-1.9684946701889716,-1.4110665814963017,-22007.58742367634,-22007.58742367634,-2.9379123026546496,-22007.58742367634,-5.050097516930673,-1.29553303107084,-22007.58742367634,-3.712782832520247,-22007.58742367634,-22007.58742367634,-22007.58742367634,-22007.58742367634,-22007.4345756367,-0.8998693011078558,-22007.4345756367,-22007.4345756367,-22007.4345756367,-22007.4345756367,-22007.4345756367,-22007.4345756367,-1.9664146564137743,-3.2155091947348637,-22007.4345756367,-2.0238683807423303,-22007.4345756367,-22007.4345756367,-1.6930216524017565,-22007.4345756367,-22007.4345756367,-22007.4345756367,-2.358611810648502,-22007.4345756367,-22007.763955013026,-3.061198871813927,-22007.763955013026,-22007.763955013026,-1.8040880253789275,-22007.763955013026,-22007.763955013026,-4.589470542138135,-2.2492441855915324,-2.7053271328970654,-2.507563167906503,-22007.763955013026,-2.8136413343438225,-22007.763955013026,-4.399991472588217,-4.143583060407325,-1.8102497413665537,-1.4068717906722696,-22007.763955013026,-3.738540928069554,-22006.844997538854,-22006.844997538854,-0.6814681362612429,-22006.844997538854,-22006.844997538854,-22006.844997538854,-1.631020743285747,-1.228788340026294,-22006.844997538854,-22006.844997538854,-22006.844997538854,-22006.844997538854,-22006.844997538854,-22006.844997538854,-22006.844997538854,-22006.844997538854,-22006.844997538854,-22006.844997538854,-5.824602566500323,-22006.844997538854,-1.474678179256431,-22007.562226403592,-3.868260277364368,-1.1805798889000645,-22007.562226403592,-22007.562226403592,-22007.562226403592,-22007.562226403592,-2.5842778886273905,-1.9255766773625442,-22007.562226403592,-22007.562226403592,-1.75073595310998,-22007.562226403592,-22007.562226403592,-22007.562226403592,-22007.562226403592,-22007.562226403592,-3.0902540821488884,-22007.562226403592,-22006.16217401221,-0.9168840290859315,-22006.16217401221,-22006.16217401221,-1.1967689358697937,-4.6622308280713405,-22006.16217401221,-22006.16217401221,-22006.16217401221,-22006.16217401221,-22006.16217401221,-22006.16217401221,-22006.16217401221,-22006.16217401221,-22006.16217401221,-22006.16217401221,-22006.16217401221,-22006.16217401221,-22006.16217401221,-1.2621112955704996,-1.495023660942902,-1.149566636452807,-4.027165494195071,-22008.24574785879,-1.8608788111206414,-3.3598598800652857,-22008.24574785879,-22008.24574785879,-2.8912949181635046,-3.357460197276864,-2.462382780585852,-3.303528220122124,-3.7972985884088875,-22008.24574785879,-4.57453194619426,-22008.24574785879,-22008.24574785879,