{"EPOCHS":100,"Rs":[8],"num_results":{"cp_vb":{"log_Z":[-5576.980950544443],"inf_results":[[[-2.7744830772135485,-1.4314839674842057,-1.7839947011006938,-1.926759539270325,-2.21746923951026,-2.387218121178834,-2.0657196178720945,-2.859440154959543],[-1.5040719455714164,-6.164734930149499,-1.814523753467559,-4.990278492235671,-4.213032436154532,-7.873537232169735,-3.2982752779674467,-4.826918991213994,-2.3993445008852614,-3.5757863600795385,-4.42329676916234,-3.664378582806374,-4.3800907837141985,-7.846466396455407,-3.5630335184456787,-6.680758027896913,-6.053783476810943,-1.2050040407053881,-7.846842060721578,-3.4193839137796385,-1.5296970588619665,-7.250664381726152,-8.230911330387762,-1.9619250622982332,-1.888466306005494,-6.072458555705015,-8.2219806249673,-6.908564860721735,-3.173367712471518,-2.9593950323444025,-3.7654107307951383,-3.6465505562122997,-2.9440019897395224,-8.378524011808178,-3.912008241658481,-2.148182451654363,-6.863407239441895,-5.7299012033977395,-3.4206439047943373,-2.1688527098128585,-9.047956769336018,-2.4637334676836034,-2.6419040863523326,-2.8379779482323224,-2.755501519604185,-2.5513342983666236,-2.839585453225438,-2.745611782669977,-2.7674487987035556,-3.0288339161287077,-2.9999324426929803,-3.4994788960756376,-3.5884616423034013,-2.6463187865848408,-2.8865811167736943,-3.076808188102347,-3.769264585146881,-3.528644188342925,-3.741177681074289,-3.02580706874304,-1.4245066682656393,-0.6924983474302016,-4.775910631509007,-3.869090810515856,-5.887213459979825,-6.443431616750943,-5.823043801740483,-7.497324926157292,-3.4492536368411013,-4.295674259875548,-2.0933195722577276,-3.171065054462992,-5.8124520401368605,-8.501080271113475,-7.598804252422705,-7.587934789386271,-8.140156180132836,-8.249000000919182,-6.880789029129632,-7.723785329878881,-1.4427333061655494,-2.1026115289664764,-7.393860789388513,-5.267368679654071,-4.43336285237743,-3.029545850894368,-2.415138087147488,-1.4883460663715082,-3.6613434120830677,-6.099516100770168,-3.3724575400534107,-3.3384144600747327,-6.935407114550869,-3.134831164965857,-2.325942853685862,-6.9780064456281625,-6.076394391367316,-5.575115651870737,-5.0552640081260645,-8.006063140588845,-1.191933574267325,-3.3024550169816775,-1.1626295398234774,-4.8919037855045415,-6.685747214590699,-5.841692594500784,-2.076659829344699,-6.666673206786687,-3.5441493544752847,-7.276838598154122,-6.109151335970548,-7.89498483392343,-8.15504785956535,-1.9069228290339462,-4.315225266446209,-8.155357254304736,-5.337878899983667,-7.120282536915735,-8.149846410487307,-8.149077454437496,-1.8506017495195044,-8.399961026963155,-2.5116326006481113,-2.3806754461316366,-3.012454651748194,-3.3268538460861965,-2.982590198849686,-4.000560698673185,-2.879060568813828,-3.489992238681313,-2.6282717183414475,-2.3551247181082484,-4.139200183133314,-4.431245111690677,-5.133043848937232,-2.9347717084281095,-1.9638496859651031,-5.018733314019725,-4.305333980181933,-4.838460098554444,-1.3886109386642982,-5.810653052138792,-2.6292981184707114,-4.791125657950189,-2.5529903864830032,-0.6854434029780245,-6.54493400283022,-6.900776192687421,-5.168391014913334,-7.550264939161061,-4.9766686857833315,-7.369743173431371,-3.596573644805978,-6.4595777292584335,-5.455922892465973,-6.688347606409526,-6.317641725355659,-7.4970601150929905,-7.259812700836865,-3.9571143563405853],[-6.982099592955807,-4.13649509336962,-2.6965574334763205,-4.613928283404937,-2.4686934489393284,-0.2913709919276011,-7.311640099683644,-6.496465101995464,-4.352419747074659,-5.147369068442506,-6.571755476286463,-6.503349696660289,-4.056324623835387,-5.240663336568958,-4.830118670398468,-6.87893209210757,-7.552133733510032,-7.257101612079877,-6.4991630355871575,-5.507101421309459,-8.163482504664726,-2.4723239258205156,-6.4119500801535345,-2.382174870026332,-1.9317588965764747,-4.868322703272964,-5.2319089498534534,-8.959555537036934,-3.3986536542008183,-2.6025012354074626,-3.164738795104851,-3.728270831367637,-2.5738738466806845,-8.060935197823786,-3.921874605054465,-1.6637442774012747,-7.003293142505773,-5.57352700411745,-3.4269581802677624,-1.8115277323450814,-0.06093364759968711,-4.930402530495318,-5.348129976584868,-4.535735008268286,-4.614329947147366,-7.687895389977645,-7.320657210017835,-7.825222406735592,-5.315831756783012,-5.896151755238565,-7.7035244797359494,-4.881794601759317,-7.041105026906594,-7.231150567696427,-7.0891823619059755,-6.788534985976449,-8.038811137808178,-7.6247505025423985,-8.263422971029206,-8.011211665827705,-7.786151672212416,-8.40605594778564,-5.263345848729499,-2.1455989396798634,-2.5318105777208775,-3.179410731494981,-4.355709691036267,-4.52976700269291,-2.8179344521853906,-3.3092986961280237,-3.1096524508241403,-2.619994641418688,-3.3937201133107635,-6.559189089429837,-6.514044182642125,-1.7799428519652807,-1.6840452296147506,-4.441552760705139,-3.3232923216660506,-2.5898783344174223,-7.545954996252044,-6.664331390102165,-0.9876853141447324,-5.885557260207685,-6.742985491593354,-6.2256949487910855,-1.8063214729203798,-6.667826035685652,-2.381725652749984,-4.038796212149279,-5.62082541064766,-6.840545581356571,-5.17344840250791,-1.1599529897476994,-4.748663497569674,-6.387861547552848,-6.615101846808134,-6.70527429218516,-7.769299074137852,-7.94197098813787,-7.550253973381827,-6.494204623215429,-6.978398723262229,-7.2458870991835616,-6.224073560482136,-6.749831758850736,-1.7048872747850652,-0.8673238951983153,-5.674124628373309,-6.028039425504836,-6.634119044561228,-4.398713025648359,-7.275555352258994,-1.5806995120924787,-2.0755529224623475,-3.9210745433261867,-7.920717940042857,-5.504532194950667,-4.9294004147060715,-7.729258836425705,-7.1778188935377925,-0.5011358609144727,-5.809514873293694,-3.464268409178318,-4.918240075603343,-6.212640699563261,-7.214346005952801,-7.478904221818267,-2.538100215209429,-4.120227363576543,-1.9308701032836435,-2.6017239618962,-5.329850065105097,-5.916942510806882,-4.042585331741362,-6.954002345214089,-7.6873710623979425,-7.430246080575194,-7.275603781497199,-7.688192064696572,-6.897014383239208,-6.171313962227939,-1.792080099793317,-5.2256108073423215,-3.5261822164223253,-7.477628581758553,-4.670198351344255,-3.8194341134023286,-2.309904401109427,-3.239557638589572,-5.268235118888863,-3.3850777419472258,-4.6301826444656715,-6.32336451200789,-3.2993095638223293,-6.698384151012065,-5.452267609374016,-0.7010987585117894,-5.819893619227699,-3.9003647697487986],[-1.011046602983713,-2.1184298188778348,-1.290822799370666,-1.4314524930221646,-1.5159291948915659,-1.95931039272482,-1.3112059746338254,-0.9957671769353444,-0.9555251390096133,-2.012304811777697,-1.157892609768317,-1.790702501307619,-0.8227187238018052,-1.5897141147642957,-1.7281635258651908,-1.7240615440960276,-0.8729771889604709,-2.309645151278014,-1.0808627666195054,-1.9478136348368702,-1.12398334532298,-2.3202264048713497,-1.1372671145648257,-1.3674441187274669,-0.6614848563055586,-2.0232812577486774,-1.5123207967869234,-2.0375812958214485,-1.1040822636784586,-2.0126252250690317,-1.271589706516278,-1.3769196779149029]]]},"cp_smc":{"log_Z":[-6233.4571661944055],"inf_results":[{"S_R":[2039.0,1159.0,1946.0,1452.0,1355.0,910.0,1632.0,1821.0],"S_IR":[[544.0,428.0,14.0,347.0,203.0,1.0,5.0,0.0,67.0,89.0,67.0,74.0,27.0,1.0,12.0,0.0,8.0,0.0,10.0,142.0],[18.0,587.0,37.0,90.0,20.0,21.0,6.0,1.0,47.0,83.0,81.0,122.0,7.0,0.0,12.0,3.0,7.0,4.0,6.0,7.0],[864.0,175.0,313.0,0.0,7.0,4.0,120.0,246.0,17.0,3.0,82.0,31.0,7.0,0.0,34.0,0.0,10.0,16.0,1.0,16.0],[21.0,17.0,0.0,81.0,195.0,2.0,8.0,1.0,74.0,44.0,137.0,28.0,149.0,2.0,24.0,388.0,2.0,1.0,46.0,232.0],[526.0,70.0,12.0,0.0,87.0,0.0,24.0,0.0,111.0,32.0,45.0,23.0,2.0,0.0,70.0,11.0,4.0,237.0,58.0,43.0],[89.0,17.0,33.0,23.0,34.0,518.0,0.0,3.0,8.0,6.0,25.0,0.0,24.0,34.0,33.0,6.0,0.0,5.0,25.0,27.0],[26.0,0.0,314.0,50.0,83.0,1.0,273.0,180.0,42.0,24.0,13.0,30.0,22.0,336.0,153.0,1.0,9.0,54.0,0.0,21.0],[251.0,0.0,103.0,157.0,118.0,108.0,64.0,48.0,176.0,71.0,121.0,125.0,36.0,23.0,19.0,120.0,243.0,2.0,32.0,4.0]],