{"EPOCHS":100,"Rs":[10],"num_results":{"cp_vb":{"log_Z":[-7558.715408383112],"inf_results":[[[-3.222970996654003,-4.847769957854851,-1.9352627916068883,-2.6162582508278884,-4.210270881965403,-1.3256782199793165,-2.4087573613322144,-3.021385510791985,-2.1126402523407135,-1.637600100783354],[-20006.772614737394,-20006.772614737394,-20006.772614737394,-2.15740113244369,-20006.772614737394,-20006.772614737394,-20006.772614737394,-20006.772614737394,-2.4293383195656766,-20006.772614737394,-20006.772614737394,-20006.772614737394,-20006.772614737394,-0.23036604109416903,-20006.772614737394,-20006.772614737394,-20006.772614737394,-20006.772614737394,-20006.772614737394,-20006.772614737394,-20005.147815776192,-20005.147815776192,-20005.147815776192,-9.833354058130794e-6,-20005.147815776192,-20005.147815776192,-20005.147815776192,-20005.147815776192,-20005.147815776192,-20005.147815776192,-20005.147815776192,-20005.147815776192,-20005.147815776192,-20005.147815776192,-20005.147815776192,-20005.147815776192,-20005.147815776192,-20005.147815776192,-20005.147815776192,-20005.147815776192,-20008.06032294244,-20008.06032294244,-20008.06032294244,-1.537016389494367,-20008.06032294244,-2.868567224542841,-4.031025574898523,-20008.06032294244,-2.3940389315014574,-2.669579619034452,-2.7318584017275107,-2.5839603154949913,-20008.06032294244,-20008.06032294244,-3.2391011444040805,-1.5903693333173505,-2.786360603054968,-3.3177861925653183,-2.728622251113845,-20008.06032294244,-20007.37932748322,-1.8344392095994149,-3.874068916934826,-20007.37932748322,-1.0771142595516627,-20007.37932748322,-20007.37932748322,-20007.37932748322,-20007.37932748322,-2.632990270729527,-1.9390359442611826,-2.6234562618375596,-20007.37932748322,-20007.37932748322,-20007.37932748322,-20007.37932748322,-20007.37932748322,-20007.37932748322,-3.632827792427635,-1.830307837023093,-20005.785314852084,-20005.785314852084,-20005.785314852084,-20005.785314852084,-20005.785314852084,-20005.785314852084,-20005.785314852084,-20005.785314852084,-20005.785314852084,-20005.785314852084,-20005.785314852084,-20005.785314852084,-1.2790278718742103,-20005.785314852084,-20005.785314852084,-0.32995439891897327,-20005.785314852084,-20005.785314852084,-20005.785314852084,-20005.785314852084,-0.7945553135764793,-1.996397879784218,-5.148418498607763,-20008.669907514068,-2.0070394284347852,-4.438234055441499,-20008.669907514068,-20008.669907514068,-5.079239794246085,-20008.669907514068,-2.311011352566571,-2.7207604162092,-20008.669907514068,-20008.669907514068,-20008.669907514068,-4.683685053557567,-20008.669907514068,-6.612971703073439,-4.492791428368772,-2.7223608132665627,-20007.586828372714,-20007.586828372714,-1.519773453747133,-20007.586828372714,-20007.586828372714,-4.581794174385562,-2.427315076385087,-3.0214140713991084,-2.061354465428316,-2.965405604551621,-20007.586828372714,-20007.586828372714,-2.928438324910804,-20007.586828372714,-3.4251874971636025,-20007.586828372714,-1.9413824893031784,-1.5069293976683609,-20007.586828372714,-20007.586828372714,-0.3676904614909313,-20006.974200223256,-20006.974200223256,-20006.974200223256,-20006.974200223256,-20006.974200223256,-20006.974200223256,-1.415015285453297,-20006.974200223256,-3.733375357281339,-20006.974200223256,-3.60969853070996,-20006.974200223256,-20006.974200223256,-20006.974200223256,-5.313633791247659,-20006.974200223256,-5.35164726815192,-20006.974200223256,-20006.974200223256,-1.2091342742745663,-1.260513864259364,-20007.882945481706,-1.956860089096672,-20007.882945481706,-20007.882945481706,-20007.882945481706,-20007.882945481706,-3.0036440421452566,-2.803271247080265,-20007.882945481706,-20007.882945481706,-2.7811672504636196,-5.617573442287329,-4.596370093375068,-20007.882945481706,-20007.882945481706,-20007.882945481706,-20007.882945481706,-2.4287046947110964,-20008.357985633265,-2.1391993333490973,-1.4817637984573322,-20008.357985633265,-20008.357985633265,-1.5621107632015159,-1.8695499101958744,-2.1540725152393865,-3.1920152827676542,-20008.357985633265,-20008.357985633265,-20008.357985633265,-3.5372851373784595,-20008.357985633265,-2.3244367765755305,-20008.357985633265,-5.215981221541058,-20008.357985633265,-20008.357985633265,-20008.357985633265],[-1.0154081927591472,-3.0898084316092165,-2.2540676205865138,-20006.772614737394,-20006.772614737394,-20006.772614737394,-1.9011165161004016,-1.5038134406883703,-4.587443591779821,-4.764287299783977,-20006.772614737394,-7.047384397513621,-20006.772614737394,-5.124198738872342,-2.6373771517259006,-5.126851926488461,-20006.772614737394,-6.374747472392251,-20006.772614737394,-20006.772614737394,-20005.147815776192,-20005.147815776192,-20005.147815776192,-20005.147815776192,-20005.147815776192,-20005.147815776192,-20005.147815776192,-20005.147815776192,-20005.147815776192,-20005.147815776192,-9.833354058130794e-6,-20005.147815776192,-20005.147815776192,-20005.147815776192,-20005.147815776192,-20005.147815776192,-20005.147815776192,-20005.147815776192,-20005.147815776192,-20005.147815776192,-1.336987749471123,-1.3248931485138469,-20008.06032294244,-3.0521226934663543,-2.4560829837809983,-4.623188144174952,-20008.06032294244,-20008.06032294244,-2.998346143731835,-2.5790965580260243,-20008.06032294244,-3.4436001476356877,-3.104304436388304,-20008.06032294244,-20008.06032294244,-20008.06032294244,-20008.06032294244,-5.303727680343478,-5.2480491834439125,-2.1817007629281653,-0.6938604267243447,-16.0975552931105,-20007.37932748322,-20007.37932748322,-20007.37932748322,-20007.37932748322,-20007.37932748322,-20007.37932748322,-3.5975613667170774,-2.3359259734106015,-20007.37932748322,-20007.37932748322,-20007.37932748322,-3.1444119588856227,-20007.37932748322,-1.1062163158104479,-20007.37932748322,-20007.37932748322,-20007.37932748322,-20007.37932748322,-20005.785314852084,-20005.785314852084,-20005.785314852084,-1.5682053995095733,-0.9664909583084329,-20005.785314852084,-20005.785314852084,-20005.785314852084,-20005.785314852084,-20005.785314852084,-20005.785314852084,-20005.785314852084,-20005.785314852084,-20005.785314852084,-20005.785314852084,-20005.785314852084,-20005.785314852084,-20005.785314852084,-20005.785314852084,-0.9021404296741249,-20008.669907514068,-2.022045312190727,-2.4955694745222354,-2.0425894356232277,-20008.669907514068,-2.5009840507688805,-4.268654986632141,-3.001053723768024,-2.3887782001567057,-20008.669907514068,-2.860568980691302,-2.9408034992615804,-2.6227492017536598,-20008.669907514068,-4.037346294267364,-20008.669907514068,-3.122772760498962,-3.0597747896510574,-4.036840224246299,-2.2352948793012164,-1.7931486453906054,-1.2895557627471828,-3.0814650546582714,-20007.586828372714,-20007.586828372714,-1.026197210965913,-20007.586828372714,-20007.586828372714,-20007.586828372714,-20007.586828372714,-2.35878978614057,-3.1952525601911903,-20007.586828372714,-20007.586828372714,-20007.586828372714,-4.153052770915826,-20007.586828372714,-20007.586828372714,-20007.586828372714,-20007.586828372714,-20006.974200223256,-20006.974200223256,-20006.974200223256,-20006.974200223256,-4.684141114923715,-20006.974200223256,-1.2608497987754603,-20006.974200223256,-20006.974200223256,-2.287100636303677,-20006.974200223256,-20006.974200223256,-4.73058444013465,-0.8234170490707022,-1.926018236674241,-4.912893779469966,-20006.974200223256,-20006.974200223256,-20006.974200223256,-20006.974200223256,-20007.882945481706,-20007.882945481706,-20007.882945481706,-20007.882945481706,-1.2423856718169342,-20007.882945481706,-20007.882945481706,-20007.882945481706,-20007.882945481706,-2.857156670218707,-3.3074626645822613,-3.34219214865736,-20007.882945481706,-20007.882945481706,-20007.882945481706,-0.958189967829469,-2.0388245429958385,-20007.882945481706,-2.716229772113559,-20007.882945481706,-1.2514637538763624,-20008.357985633265,-1.9847266749077166,-4.6153618045327836,-4.222577930833037,-20008.357985633265,-2.555896800293775,-2.2804245478075726,-2.9199192346092007,-20008.357985633265,-20008.357985633265,