{"EPOCHS":100,"Rs":[16],"num_results":{"cp_vb":{"log_Z":[-7331.1305095790885],"inf_results":[[[-4.972344434530427,-2.6858863799576254,-2.8426919922791773,-2.5661474655549092,-7.669204779063826,-3.0785367023527863,-2.8823782822025006,-3.5570278820181054,-2.8543433160879115,-2.282709213497177,-2.9381479661092955,-4.1161927535447544,-2.642928026170381,-4.43241039443822,-1.7044150592119447,-1.8054679961399698],[-1.3769748796653465,-0.2986550239707695,-32005.023272140203,-32005.023272140203,-32005.023272140203,-32005.023272140203,-32005.023272140203,-32005.023272140203,-32005.023272140203,-32005.023272140203,-32005.023272140203,-32005.023272140203,-32005.023272140203,-32005.023272140203,-32005.023272140203,-32005.023272140203,-32005.023272140203,-32005.023272140203,-32005.023272140203,-32005.023272140203,-32007.309730194775,-32007.309730194775,-0.8821321207385173,-32007.309730194775,-32007.309730194775,-32007.309730194775,-1.6113823071514526,-3.805754920617771,-2.1227381550862043,-32007.309730194775,-3.8845942113339422,-32007.309730194775,-32007.309730194775,-1.7751627460735078,-2.97663216893887,-32007.309730194775,-32007.309730194775,-32007.309730194775,-32007.309730194775,-32007.309730194775,-0.9056819536338478,-32007.152924582453,-32007.152924582453,-32007.152924582453,-32007.152924582453,-3.7791531113896046,-32007.152924582453,-32007.152924582453,-32007.152924582453,-2.7194326707332723,-32007.152924582453,-2.8405913710686015,-2.4167323191270667,-32007.152924582453,-32007.152924582453,-32007.152924582453,-32007.152924582453,-1.3000005249746636,-32007.152924582453,-2.4928869633623094,-32007.429469109178,-32007.429469109178,-32007.429469109178,-32007.429469109178,-1.3303022102518085,-32007.429469109178,-32007.429469109178,-32007.429469109178,-32007.429469109178,-32007.429469109178,-1.6634894302666394,-3.4374782464379603,-3.707622172433206,-32007.429469109178,-5.8018990483779485,-1.4072916472529426,-2.5591675978319843,-32007.429469109178,-32007.429469109178,-1.8290360423121301,-32002.326411795668,-32002.326411795668,-32002.326411795668,-32002.326411795668,-32002.326411795668,-32002.326411795668,-32002.326411795668,-32002.326411795668,-32002.326411795668,-32002.326411795668,-32002.326411795668,-32002.326411795668,-0.0001031325891891477,-32002.326411795668,-32002.326411795668,-32002.326411795668,-32002.326411795668,-32002.326411795668,-32002.326411795668,-32002.326411795668,-32006.91707987238,-3.9463065378703615,-32006.91707987238,-32006.91707987238,-32006.91707987238,-32006.91707987238,-32006.91707987238,-0.24492615831846454,-32006.91707987238,-32006.91707987238,-32006.91707987238,-1.6288565985486683,-32006.91707987238,-32006.91707987238,-32006.91707987238,-32006.91707987238,-32006.91707987238,-32006.91707987238,-32006.91707987238,-32006.91707987238,-0.8835933567182845,-0.8109519024781848,-32007.11323829253,-32007.11323829253,-32007.11323829253,-32007.11323829253,-32007.11323829253,-32007.11323829253,-2.7903410440726026,-32007.11323829253,-32007.11323829253,-32007.11323829253,-5.295147917971903,-32007.11323829253,-32007.11323829253,-32007.11323829253,-32007.11323829253,-32007.11323829253,-2.617663462566059,-32007.11323829253,-1.408368230704319,-32006.438588692716,-2.1455544799312007,-32006.438588692716,-2.2471735809834295,-0.6609153131404355,-32006.438588692716,-32006.438588692716,-32006.438588692716,-32006.438588692716,-4.535440759180957,-32006.438588692716,-32006.438588692716,-32006.438588692716,-32006.438588692716,-32006.438588692716,-32006.438588692716,-32006.438588692716,-32006.438588692716,-32006.438588692716,-32007.141273258647,-1.1246617118381215,-32007.141273258647,-32007.141273258647,-1.2146222548460495,-32007.141273258647,-32007.141273258647,-32007.141273258647,-2.5837728169146956,-32007.141273258647,-2.4130582658398465,-2.7675865491898874,-32007.141273258647,-32007.141273258647,-3.5060056910390536,-2.151304202969058,-32007.141273258647,-32007.141273258647,-32007.141273258647,-32007.141273258647,-32007.712907361238,-1.3754485780141605,-32007.712907361238,-2.940043862367804,-32007.712907361238,-32007.712907361238,-32007.712907361238,-5.300671842179273,-32007.712907361238,-2.6986154814994485,-32007.712907361238,-32007.712907361238,-2.189709188253789,-2.5030108744723707,-2.2691030128085483,-2.053707767123111,-5.456360797063557,-3.148459611458878,-32007.712907361238,-1.9274505164623115,-0.34061178071401255,-32007.057468608626,-4.438802385940952,-1.5019773314765832,-32007.057468608626,-32007.057468608626,-32007.057468608626,-32007.057468608626,-32007.057468608626,-32007.057468608626,-32007.057468608626,-2.9589108126103754,-32007.057468608626,-32007.057468608626,-32007.057468608626,-32007.057468608626,-32007.057468608626,-32007.057468608626,-32007.057468608626,-32007.057468608626,-32005.87942382119,-32005.87942382119,-32005.87942382119,-32005.87942382119,-32005.87942382119,-32005.87942382119,-32005.87942382119,-32005.87942382119,-32005.87942382119,-32005.87942382119,-32005.87942382119,-0.6898391385828191,-2.244571018239199,-32005.87942382119,-32005.87942382119,-32005.87942382119,-0.9482956701548906,-32005.87942382119,-32005.87942382119,-32005.87942382119,-1.0978803039462566,-32007.352688548563,-3.517828249532938,-0.9774134841760942,-32007.352688548563,-32007.352688548563,-5.34653915455213,-32007.352688548563,-3.6852347153289338,-2.528380556611438,-32007.352688548563,-32007.352688548563,-32007.352688548563,-32007.352688548563,-32007.352688548563,-32007.352688548563,-32007.352688548563,-32007.352688548563,-3.2891385855559503,-2.211203712343803,-32005.563206180293,-32005.563206180293,-32005.563206180293,-32005.563206180293,-32005.563206180293,-32005.563206180293,-32005.563206180293,-2.851750719957331,-32005.563206180293,-32005.563206180293,-32005.563206180293,-0.7824790184630217,-32005.563206180293,-32005.563206180293,-0.7377480475686529,-32005.563206180293,-32005.563206180293,-32005.563206180293,-32005.563206180293,-32005.563206180293,-32008.29120151552,-32008.29120151552,-2.3132374312097337,-2.3925217175609106,-2.203667373602631,-2.0052840189289984,-2.5067860579326275,-32008.29120151552,-2.105603443951021,-2.714976883123632,-1.9945810438043612,-32008.29120151552,-5.212360844749018,-32008.29120151552,-32008.29120151552,-3.7666590342362274,-2.8884060588892133,-3.493729069711814,-3.1759199051659914,-32008.29120151552,-0.814078832500317,-1.719815641187866,-2.4241802752987756,-32008.190148578593,-32008.190148578593,-2.5776247847715927,-2.64517760348396,-32008.190148578593,-3.742551173999489,-32008.190148578593,-32008.190148578593,-32008.190148578593,-32008.190148578593,-2.605804683896231,-3.144446191656689,-32008.190148578593,-32008.190148578593,-32008.190148578593,-32008.190148578593,-32008.190148578593],[-32005.023272140203,-32005.023272140203,-32005.023272140203,-1.2631812873514705,-32005.023272140203,-2.205100375121523,-32005.023272140203,-32005.023272140203,-32005.023272140203,-32005.023272140203,-32005.023272140203,-32005.023272140203,-32005.023272140203,-32005.023272140203,-32005.023272140203,-32005.023272140203,-0.5186005065671657,-32005.023272140203,-32005.023272140203,-32005.023272140203,-1.6074550101806553,-2.325490889651526,-32007.309730194775,-32007.309730194775,-32007.309730194775,-1.6755488134928243,-32007.309730194775,-1.3424469747086505,-32007.309730194775,-32007.309730194775,-32007.309730194775,-32007.309730194775,-32007.309730194775,-1.8013846442513923,-2.460297874533617,-32007.309730194775,-32007.309730194775,-32007.309730194775,-32007.309730194775,-32007.309730194775,-32007.152924582453,-32007.152924582453,-2.6398005210549735,-2.896611958719837,-32007.152924582453,-0.6808487978598041,-32007.152924582453,-32007.152924582453,-3.156428711219467,-4.115352795033116,-32007.152924582453,-32007.152924582453,-32007.152924582453,-32007.152924582453,-3.0830594587467846,-3.878122282082587,-32007.152924582453,-32007.152924582453,-1.9973777999197253,-2.2968844219820976,-32007.429469109178,-1.1808534607228065,-32007.429469109178,-1.1234639911503495,