{"EPOCHS":100,"Rs":[10],"num_results":{"cp_vb":{"log_Z":[-6461.9773934544355],"inf_results":[[[-2.7924490408147786,-4.048674988680874,-1.9743083392145238,-2.210568757587743,-2.006683075926871,-2.0245995078649965,-1.7841428026423554,-6.1678114829563695,-1.9401481575525255,-2.3835489310326494],[-207.19510457964154,-207.19510457964154,-2.583305795195959,-207.19510457964154,-207.19510457964154,-0.6206864922761133,-207.19510457964154,-207.19510457964154,-207.19510457964154,-207.19510457964154,-207.19510457964154,-207.19510457964154,-207.19510457964154,-0.9533073967472454,-207.19510457964154,-207.19510457964154,-207.19510457964154,-207.19510457964154,-207.19510457964154,-207.19510457964154,-205.93887863177545,-205.93887863177545,-205.93887863177545,-205.93887863177545,-0.739413564202537,-205.93887863177545,-205.93887863177545,-205.93887863177545,-2.7035691219854416,-205.93887863177545,-3.5482571734215127,-205.93887863177545,-205.93887863177545,-205.93887863177545,-205.93887863177545,-1.8613168646204596,-205.93887863177545,-205.93887863177545,-1.6675283604120579,-2.6480239340560754,-1.0262473233872855,-208.0132452812418,-208.0132452812418,-1.5844920691534643,-208.0132452812418,-3.575865263782119,-5.923099218423958,-208.0132452812418,-2.507001206767847,-208.0132452812418,-208.0132452812418,-2.500410916018036,-208.0132452812418,-4.222192447739964,-3.625561066474888,-2.6700258747622376,-2.36425493492908,-208.0132452812418,-3.356558874437617,-208.0132452812418,-207.77698486286857,-1.8229076917386244,-207.77698486286857,-1.4880874155945678,-207.77698486286857,-207.77698486286857,-207.77698486286857,-207.77698486286857,-207.77698486286857,-2.1015618273463277,-207.77698486286857,-207.77698486286857,-1.9556907219135509,-207.77698486286857,-207.77698486286857,-1.8954952448080862,-207.77698486286857,-4.7502970165029215,-207.77698486286857,-1.6726501839486243,-0.6847099752694792,-207.98087054452947,-2.5705720564685093,-3.266326908710126,-207.98087054452947,-3.629424755021723,-207.98087054452947,-5.208424350697401,-207.98087054452947,-207.98087054452947,-207.98087054452947,-3.197417117067179,-3.3900100034202687,-3.047510509054768,-3.0965662851661264,-5.041767266723213,-207.98087054452947,-2.0184000949231438,-207.98087054452947,-3.2391212090736676,-207.96295411259132,-1.803642379898621,-1.2080003341450496,-207.96295411259132,-3.0383339044113526,-4.558949913124823,-2.624385421035657,-2.137415215208624,-1.7691743298363756,-3.0194535026722917,-2.8868197719132356,-207.96295411259132,-207.96295411259132,-207.96295411259132,-207.96295411259132,-207.96295411259132,-4.622493798167902,-207.96295411259132,-207.96295411259132,-207.96295411259132,-1.4796708168686301,-1.206257295126771,-208.20341081781396,-208.20341081781396,-1.7793205796494247,-208.20341081781396,-208.20341081781396,-208.20341081781396,-208.20341081781396,-3.492951293882884,-2.1506774335322136,-3.6655710387380878,-208.20341081781396,-208.20341081781396,-208.20341081781396,-2.9104520014188724,-208.20341081781396,-208.20341081781396,-208.20341081781396,-2.581742604289788,-203.81974213749996,-203.81974213749996,-203.81974213749996,-203.81974213749996,-203.81974213749996,-203.81974213749996,-203.81974213749996,-203.81974213749996,-203.81974213749996,-203.81974213749996,-203.81974213749996,-203.81974213749996,-0.0036874533669495335,-203.81974213749996,-203.81974213749996,-203.81974213749996,-203.81974213749996,-203.81974213749996,-203.81974213749996,-203.81974213749996,-208.0474054629038,-208.0474054629038,-208.0474054629038,-4.168781211504466,-2.105196065284481,-2.550397107133172,-2.3307938511086492,-2.8121220999279517,-2.7865858815579427,-3.7252330443400643,-2.0340325340432637,-2.341763376655047,-208.0474054629038,-208.0474054629038,-2.018209704694092,-3.6058807417728684,-2.826640947132736,-3.025423532367758,-3.142728473246766,-208.0474054629038,-0.9981459862712976,-1.8035124236077786,-1.9945310291599752,-207.60400468942368,-207.60400468942368,-207.60400468942368,-1.7189738366689111,-1.9000248864496063,-207.60400468942368,-207.60400468942368,-207.60400468942368,-207.60400468942368,-207.60400468942368,-207.60400468942368,-207.60400468942368,-207.60400468942368,-207.60400468942368,-207.60400468942368,-207.60400468942368,-207.60400468942368],[-1.046231069086832,-207.19510457964154,-1.8864985861681065,-207.19510457964154,-207.19510457964154,-207.19510457964154,-207.19510457964154,-1.8023661472689687,-3.4407273534916714,-4.299406099115249,-207.19510457964154,-4.2568150328501435,-207.19510457964154,-207.19510457964154,-3.838951739247022,-207.19510457964154,-207.19510457964154,-1.4014940166107142,-207.19510457964154,-207.19510457964154,-205.93887863177545,-205.93887863177545,-205.93887863177545,-205.93887863177545,-205.93887863177545,-205.93887863177545,-205.93887863177545,-205.93887863177545,-205.93887863177545,-0.6932355655339295,-205.93887863177545,-205.93887863177545,-0.6985606456418001,-205.93887863177545,-205.93887863177545,-205.93887863177545,-205.93887863177545,-205.93887863177545,-205.93887863177545,-205.93887863177545,-208.0132452812418,-1.0944928427395864,-208.0132452812418,-208.0132452812418,-2.8401693106550123,-208.0132452812418,-208.0132452812418,-208.0132452812418,-208.0132452812418,-2.6531051906697467,-1.8263117560375468,-2.8196590112570714,-3.1362486834713206,-208.0132452812418,-208.0132452812418,-2.0932797790208113,-208.0132452812418,-208.0132452812418,-208.0132452812418,-1.9173091948060863,-1.0754088603431056,-2.1962225891951768,-207.77698486286857,-207.77698486286857,-1.3449110949474044,-207.77698486286857,-207.77698486286857,-207.77698486286857,-207.77698486286857,-207.77698486286857,-2.8304604968601135,-4.364778977558167,-207.77698486286857,-207.77698486286857,-207.77698486286857,-2.0675764097874723,-4.614833630982574,-207.77698486286857,-207.77698486286857,-2.5727419369038023,-207.98087054452947,-207.98087054452947,-2.6989635145733457,-3.727457101306291,-2.171365042180831,-1.3419300040896438,-1.8439937187909994,-3.245258395863221,-2.19832466460209,-207.98087054452947,-207.98087054452947,-207.98087054452947,-3.719290879504799,-207.98087054452947,-2.434189204248616,-207.98087054452947,-207.98087054452947,-2.7239759095045315,-3.3842576953897705,-4.566105463540852,-1.2411823693572739,-2.4311372692068627,-207.96295411259132,-207.96295411259132,-3.43169330972889,-1.8710159256036247,-2.0538993941589974,-3.4594480247109463,-207.96295411259132,-207.96295411259132,-2.9102180662323223,-2.7435211064272593,-207.96295411259132,-3.7116081638005785,-2.6564251355549926,-3.7217125000694757,-4.122361080503543,-4.36652448840715,-5.036744538426095,-207.96295411259132,-208.20341081781396,-208.20341081781396,-208.20341081781396,-1.5185205109637616,-208.20341081781396,-208.20341081781396,-208.20341081781396,-208.20341081781396,-2.5131522564357383,-208.20341081781396,-208.20341081781396,-2.706513590619098,-3.0217598001684687,-208.20341081781396,-208.20341081781396,-1.4750976067996495,-1.941982333823729,-3.3040169932466767,-3.0950819702538235,-2.053186832707106,-203.81974213749996,-203.81974213749996,-203.81974213749996,-203.81974213749996,-203.81974213749996,-203.81974213749996,-203.81974213749996,-203.81974213749996,-203.81974213749996,-0.6474330030564661,-203.81974213749996,-203.81974213749996,-203.81974213749996,-203.81974213749996,-203.81974213749996,-203.81974213749996,-203.81974213749996,-203.81974213749996,-0.7897754711129927,-203.81974213749996,-0.8341160708658588,-1.5715995047887317,-2.125841418725683,-3.1254514869003893,-208.0474054629038,-208.0474054629038,-5.842954577287051,-208.0474054629038,-2.3276201902641596,-3.84168562917057,-208.0474054629038,-208.0474054629038,-208.0474054629038,-2.6972486564936924,-208.0474054629038,-208.0474054629038,-5.73775083044262,-208.0474054629038,-208.0474054629038,-208.0474054629038,-207.60400468942368,-207.60400468942368,-1.4585929324254732,-207.60400468942368,-207.60400468942368,-207.60400468942368,-207.60400468942368,-1.414712956736575,-207.60400468942368,-2.622445999960961,