{"EPOCHS":100,"Rs":[4],"num_results":{"cp_vb":{"log_Z":[-7051.38465262641],"inf_results":[[[-1.5874120902045554,-0.8388709297563413,-1.5639833890766228,-1.8712881952725358],[-0.39838438004864596,-88.38796034046081,-2.6929409732869214,-2.3514545420511794,-88.38796034046081,-88.38796034046081,-3.5957703269177,-88.38796034046081,-88.38796034046081,-88.38796034046081,-88.38796034046081,-2.831750822638461,-88.38796034046081,-88.38796034046081,-88.38796034046081,-3.969701027649442,-2.8268233455418663,-88.38796034046081,-88.38796034046081,-88.38796034046081,-89.13650150090902,-1.8632552912110079,-89.13650150090902,-2.3822674224068425,-2.0842171530342384,-2.930384254868647,-89.13650150090902,-5.746753875883936,-2.698962707305564,-2.8234288772917546,-2.4719495085751175,-3.2770159993803727,-3.085158255662158,-5.814002313345327,-3.832258212187744,-2.4048487390907782,-3.6895135016546527,-3.8537016030574147,-3.482667450093489,-2.4815582922793418,-1.3812785274373258,-1.707833309068274,-2.516980277863645,-5.126234854619579,-3.424840226210237,-1.9412108876124927,-4.096467890543537,-5.0882211154144175,-3.0782462779585815,-4.302887158965254,-3.061110312399239,-3.4435553521620283,-4.464214159928705,-7.87915969891284,-3.4689269730654173,-88.41138904158873,-88.41138904158873,-2.530628629803382,-88.41138904158873,-4.025625295044549,-88.10408423539282,-88.10408423539282,-1.446642395349505,-88.10408423539282,-88.10408423539282,-88.10408423539282,-1.5898870497170154,-1.4499622060551696,-3.3912669347097983,-88.10408423539282,-88.10408423539282,-88.10408423539282,-88.10408423539282,-1.6131066273622139,-2.472283851853807,-88.10408423539282,-88.10408423539282,-88.10408423539282,-4.944652017421263,-88.10408423539282],[-88.38796034046081,-1.7303748258224552,-3.8577432773948783,-2.938197259239285,-2.4946829025890036,-4.174250498489704,-3.11722733518301,-2.931047134931527,-3.1447239937556786,-3.0827854549172606,-2.3997155905082135,-3.1483750522626384,-3.319456259460228,-2.9734832059124825,-3.165361721896234,-2.398249054340596,-88.38796034046081,-5.150724736219782,-3.5467481603458966,-2.6278940286771073,-1.3715535678463953,-2.07771509910747,-89.13650150090902,-2.498167803278756,-2.4334382406425146,-89.13650150090902,-89.13650150090902,-89.13650150090902,-3.4801650755866316,-3.041900233273222,-3.2844411219683396,-3.074497773559166,-3.13312974757976,-89.13650150090902,-4.753813600289264,-2.078041964540012,-5.1698538634198785,-89.13650150090902,-3.969812666039754,-2.456802276733441,-88.41138904158873,-88.41138904158873,-1.773130690153395,-88.41138904158873,-4.919729026310918,-1.3864062230439576,-2.8811834542673234,-3.331882225453354,-2.3144766688172913,-88.41138904158873,-88.41138904158873,-88.41138904158873,-88.41138904158873,-2.4371643175554834,-3.675934552092251,-88.41138904158873,-2.1090905640743314,-1.9211453979966215,-88.41138904158873,-88.41138904158873,-1.1261267669322184,-2.752199067899573,-2.1966896982089468,-88.10408423539282,-88.10408423539282,-88.10408423539282,-2.1557077318862117,-1.8768192596414979,-4.504854650303753,-6.1490999502230475,-4.794290872316368,-4.5760596091296275,-88.10408423539282,-1.7898290538304762,-3.4926909411079983,-88.10408423539282,-88.10408423539282,-88.10408423539282,-88.10408423539282,-88.10408423539282],[-1.0547267285453836,-1.7804223159762005,-1.3827243571893852,-1.462503041592801,-1.0379883647705812,-1.9881601211779598,-1.3652860139598193,-1.3731926890216535,-0.9568809543963708,-2.0248057354495286,-1.2964277236532524,-1.5615884524908887,-0.944108846581492,-2.2913378182566975,-1.0845421782538933,-1.766119807904297]]]},"cp_smc":{"log_Z":[-7399.314108193099],"inf_results":[{"S_R":[7615.0,1784.0,1984.0,931.0],"S_IR":[[2113.0,1294.0,125.0,566.0,515.0,18.0,92.0,20.0,255.0,218.0,565.0,252.0,274.0,16.0,163.0,512.0,54.0,0.0,71.0,492.0],[226.0,0.0,283.0,0.0,0.0,516.0,0.0,19.0,287.0,134.0,6.0,0.0,0.0,0.0,0.0,0.0,0.0,313.0,0.0,0.0],[0.0,0.0,418.0,0.0,0.0,121.0,408.0,440.0,0.0,0.0,0.0,0.0,0.0,380.0,194.0,17.0,0.0,6.0,0.0,0.0],[0.0,0.0,0.0,182.0,232.0,0.0,0.0,0.0,0.0,0.0,0.0,181.0,0.0,0.0,0.0,0.0,229.0,0.0,107.0,0.0]],"S_JR":[[767.0,620.0,294.0,559.0,615.0,305.0,230.0,202.0,389.0,296.0,296.0,312.0,216.0,317.0,86.0,886.0,344.0,152.0,174.0,555.0],[361.0,148.0,171.0,13.0,80.0,379.0,0.0,0.0,77.0,43.0,22.0,43.0,17.0,0.0,154.0,10.0,0.0,241.0,0.0,25.0],[594.0,132.0,238.0,0.0,0.0,0.0,247.0,316.0,30.0,0.0,15.0,20.0,0.0,355.0,37.0,0.0,0.0,0.0,0.0,0.0],[244.0,335.0,0.0,0.0,0.0,0.0,0.0,0.0,54.0,36.0,112.0,0.0,91.0,0.0,0.0,0.0,0.0,0.0,0.0,59.0]],"S_KR":[[2644.0,1138.0,1865.0,1968.0],[677.0,246.0,512.0,349.0],[783.0,192.0,661.0,348.0],[387.0,111.0,300.0,133.0]]}]}},"resampling_scheme":"systematic","datetime":"2020-06-25T11:39:18.249","N":123140,"M":[10,10],"durations":{"4:4":{"(Main.CP, \"smc\")":39769.01,"(Main.CP, \"vb\")":0.94}},"adaptive":true,"a":1.0,"resampling_freq":0}