{"EPOCHS":100,"Rs":[13],"num_results":{"cp_vb":{"log_Z":[-7758.211202692124],"inf_results":[[[-0.9026322944385612,-3.3657460616433035,-2.205550698660418,-1309.9944033546358,-2.2396447911317665,-1309.9944033546358,-3.135654849885807,-2.4004092653063642,-2.978960786164863,-3.0976633771246433,-1309.9944033546358,-2.2552130540327244,-4.839926524996474],[-1.5472909070856602,-2.27741831759354,-3.444422530176788,-2.4461509669290518,-2.653140517006091,-3.5794921805090203,-4.199443433707741,-4.868218702555522,-3.220421002918786,-3.5833974506698034,-2.759990650587958,-2.9154137427422997,-3.3756253688910256,-4.205012869836568,-4.222153007079468,-2.4971233971568365,-3.08324557596916,-5.0269461910566156,-4.158972240998962,-3.1264238850483252,-0.3114626214382472,-26006.62985865119,-26006.62985865119,-26006.62985865119,-26006.62985865119,-26006.62985865119,-1.3225739584087934,-26006.62985865119,-26006.62985865119,-26006.62985865119,-26006.62985865119,-26006.62985865119,-26006.62985865119,-26006.62985865119,-26006.62985865119,-26006.62985865119,-26006.62985865119,-26006.62985865119,-26006.62985865119,-26006.62985865119,-26007.790054014175,-1.4209167992963962,-26007.790054014175,-26007.790054014175,-26007.790054014175,-26007.790054014175,-26007.790054014175,-2.761704498976475,-1.9985312955245167,-26007.790054014175,-26007.790054014175,-2.8360439666881856,-3.31219060590818,-1.4430188121900906,-26007.790054014175,-2.523620615113362,-3.2376469019272456,-26007.790054014175,-26007.790054014175,-2.2432638864676173,-24700.001201358198,-24700.001201358198,-24700.001201358198,-24700.001201358198,-24700.001201358198,-24700.001201358198,-24700.001201358198,-24700.001201358198,-24700.001201358198,-24700.001201358198,-24700.001201358198,-24700.001201358198,-24700.001201358198,-24700.001201358198,-24700.001201358198,-24700.001201358198,-24700.001201358198,-24700.001201358198,-24700.001201358198,-24700.001201358198,-26007.755959921702,-26007.755959921702,-1.3482230208671488,-1.721799056994052,-1.2016063875738565,-26007.755959921702,-26007.755959921702,-26007.755959921702,-26007.755959921702,-2.864865721445925,-2.8015629502236647,-26007.755959921702,-26007.755959921702,-26007.755959921702,-3.080436825601204,-26007.755959921702,-26007.755959921702,-3.908472144681571,-2.5974770143277874,-26007.755959921702,-24700.001201358198,-24700.001201358198,-24700.001201358198,-24700.001201358198,-24700.001201358198,-24700.001201358198,-24700.001201358198,-24700.001201358198,-24700.001201358198,-24700.001201358198,-24700.001201358198,-24700.001201358198,-24700.001201358198,-24700.001201358198,-24700.001201358198,-24700.001201358198,-24700.001201358198,-24700.001201358198,-24700.001201358198,-24700.001201358198,-1.2517973946160241,-26006.85994986295,-26006.85994986295,-26006.85994986295,-26006.85994986295,-3.3464851765162797,-3.2289469904517922,-26006.85994986295,-2.2680721988708177,-3.513650641694404,-4.117539120780501,-26006.85994986295,-26006.85994986295,-26006.85994986295,-3.089511552009533,-26006.85994986295,-26006.85994986295,-0.8942388392302663,-26006.85994986295,-3.585082803839671,-0.8805861719356578,-26007.595195447528,-1.2398264588088388,-26007.595195447528,-26007.595195447528,-26007.595195447528,-3.142777809779526,-1.6370831413583113,-3.244976040164948,-26007.595195447528,-26007.595195447528,-4.0680166725595495,-26007.595195447528,-26007.595195447528,-26007.595195447528,-26007.595195447528,-26007.595195447528,-26007.595195447528,-26007.595195447528,-26007.595195447528,-26007.01664392667,-26007.01664392667,-26007.01664392667,-26007.01664392667,-26007.01664392667,-1.8472142887015677,-0.9593335466977351,-26007.01664392667,-26007.01664392667,-26007.01664392667,-1.9528008904724876,-26007.01664392667,-26007.01664392667,-26007.01664392667,-1.1554841441146637,-26007.01664392667,-26007.01664392667,-26007.01664392667,-26007.01664392667,-26007.01664392667,-26006.89794133571,-26006.89794133571,-26006.89794133571,-26006.89794133571,-26006.89794133571,-0.3389201330254892,-26006.89794133571,-1.41064065173161,-26006.89794133571,-26006.89794133571,-26006.89794133571,-26006.89794133571,-3.1777851706889257,-26006.89794133571,-26006.89794133571,-26006.89794133571,-26006.89794133571,-26006.89794133571,-26006.89794133571,-26006.89794133571,-24700.001201358198,-24700.001201358198,-24700.001201358198,-24700.001201358198,-24700.001201358198,-24700.001201358198,-24700.001201358198,-24700.001201358198,-24700.001201358198,-24700.001201358198,-24700.001201358198,-24700.001201358198,-24700.001201358198,-24700.001201358198,-24700.001201358198,-24700.001201358198,-24700.001201358198,-24700.001201358198,-24700.001201358198,-24700.001201358198,-1.3155589361755125,-1.0477926577975154,-7.262454410627431,-2.786624368286369,-26007.7403916588,-26007.7403916588,-26007.7403916588,-26007.7403916588,-3.115488371085637,-3.031496740671116,-2.8415347010094507,-3.039766683395732,-3.8082766018557064,-26007.7403916588,-26007.7403916588,-5.123505213769521,-26007.7403916588,-26007.7403916588,-7.281470577993825,-2.4437384857217523,-26005.15567818784,-26005.15567818784,-26005.15567818784,-26005.15567818784,-26005.15567818784,-26005.15567818784,-26005.15567818784,-26005.15567818784,-26005.15567818784,-0.5211216339475149,-26005.15567818784,-26005.15567818784,-26005.15567818784,-26005.15567818784,-26005.15567818784,-26005.15567818784,-26005.15567818784,-0.9137495796226811,-26005.15567818784,-26005.15567818784],[-26009.092972418395,-1.4463235603086888,-2.727191782681789,-2.1675553403027967,-2.0385597422612145,-4.214112196765806,-26009.092972418395,-26009.092972418395,-2.5372869325152827,-2.671529456840318,-2.488737293682388,-2.6450073264771614,-26009.092972418395,-4.758167381462103,-26009.092972418395,-26009.092972418395,-26009.092972418395,-26009.092972418395,-26009.092972418395,-2.0566981804954763,-26006.62985865119,-2.189340712741423,-26006.62985865119,-26006.62985865119,-26006.62985865119,-26006.62985865119,-26006.62985865119,-0.6466586370940668,-26006.62985865119,-26006.62985865119,-26006.62985865119,-26006.62985865119,-1.6660394228063904,-26006.62985865119,-26006.62985865119,-26006.62985865119,-26006.62985865119,-1.8141128746084973,-4.883490315448147,-26006.62985865119,-0.483924368199407,-26007.790054014175,-26007.790054014175,-26007.790054014175,-26007.790054014175,-3.2942588215694397,-2.3383060233132618,-2.2576828864821215,-26007.790054014175,-26007.790054014175,-26007.790054014175,-26007.790054014175,-2.6749350005124946,-26007.790054014175,-3.3882328836068045,-4.151799209534236,-6.9417274299678935,-3.7654502871672073,-26007.790054014175,-26007.790054014175,-24700.001201358198,-24700.001201358198,-24700.001201358198,-24700.001201358198,-24700.001201358198,-24700.001201358198,-24700.001201358198,-24700.001201358198,-24700.001201358198,-24700.001201358198,-24700.001201358198,-24700.001201358198,-24700.001201358198,-24700.001201358198,-24700.001201358198,-24700.001201358198,-24700.001201358198,-24700.001201358198,-24700.001201358198,-24700.001201358198,-0.8663109267127336,-26007.755959921702,-26007.755959921702,-26007.755959921702,-26007.755959921702,-3.4164573343341536,-3.324698342165676,-2.294596280239814,-4.373538977951498,-3.820373912551813,-26007.755959921702,-26007.755959921702,-2.208274816861948,-26007.755959921702,-3.5084710684206164,-1.7202615699568948,-26007.755959921702,-2.9359112801441016,-26007.755959921702,-26007.755959921702,-24700.001201358198,-24700.001201358198,-24700.001201358198,-24700.001201358198,-24700.001201358198,-24700.001201358198,-24700.001201358198,-24700.001201358198,-24700.001201358198,-24700.001201358198,-24700.001201358198,-24700.001201358198,-24700.001201358198,-24700.001201358198,-24700.001201358198,-24700.001201358198,-24700.001201358198,-24700.001201358198,-24700.001201358198,-24700.001201358198,-26006.85994986295,-3.9483506909731836,-1.687636291146049,-26006.85994986295,-2.502845856309241,-0.4353433711727721,-26006.85994986295,-3.3302928886055674,-26006.85994986295,-26006.85994986295,