{"EPOCHS":100,"Rs":[8],"num_results":{"cp_vb":{"log_Z":[-6663.583207625052],"inf_results":[[[-2.3187510050529863,-2.663275625818285,-2.4314929132564833,-2.0113078173066654,-1.127035326837012,-2.3844335467898254,-2.2701010609848478,-2.4030066477738226],[-0.9672243725905103,-167.66676322372396,-1.6613734470688355,-4.116450963092668,-167.66676322372396,-167.66676322372396,-2.43773024812075,-2.2546305174587555,-167.66676322372396,-4.466737468569232,-167.66676322372396,-167.66676322372396,-167.66676322372396,-1.7250450704452192,-3.5467613360553067,-167.66676322372396,-167.66676322372396,-167.66676322372396,-167.66676322372396,-167.66676322372396,-1.0338295211812252,-167.32223860295866,-1.5270726328352726,-167.32223860295866,-167.32223860295866,-167.32223860295866,-167.32223860295866,-1.6537860896734111,-167.32223860295866,-3.7636136485177745,-167.32223860295866,-167.32223860295866,-167.32223860295866,-167.32223860295866,-167.32223860295866,-167.32223860295866,-167.32223860295866,-1.559563170860848,-167.32223860295866,-167.32223860295866,-167.55402131552046,-0.9411674257547595,-167.55402131552046,-167.55402131552046,-3.6830896545871026,-167.55402131552046,-1.3609474618933097,-167.55402131552046,-167.55402131552046,-167.55402131552046,-1.5518550177061856,-2.3884386245805835,-167.55402131552046,-167.55402131552046,-167.55402131552046,-167.55402131552046,-3.805365818632918,-167.55402131552046,-167.55402131552046,-167.55402131552046,-1.4369379961424888,-0.754619815763947,-167.97420641147028,-167.97420641147028,-4.53683522255502,-167.97420641147028,-167.97420641147028,-167.97420641147028,-1.8707239626718604,-167.97420641147028,-167.97420641147028,-3.054535506621799,-4.245515694495124,-167.97420641147028,-2.8311811633603723,-167.97420641147028,-167.97420641147028,-167.97420641147028,-5.327183279718076,-167.97420641147028,-1.2186902623610987,-168.85847890193995,-5.023171518749953,-2.0523398955837644,-2.0336260798461696,-4.193423234040319,-168.85847890193995,-168.85847890193995,-3.883296769500638,-2.9722087758669042,-3.1612195850103353,-3.93037245862127,-3.0813470999342645,-168.85847890193995,-5.2957306560271995,-2.242904986214522,-5.671439938682708,-4.366904034596876,-3.599722254198074,-2.439331487180749,-167.60108068198713,-167.60108068198713,-167.60108068198713,-2.33005012761313,-2.6574225495685173,-167.60108068198713,-167.60108068198713,-1.8964982881242447,-1.9872874890631467,-2.3159783617757492,-167.60108068198713,-167.60108068198713,-2.847648305136052,-1.8637088506177513,-2.0092779398062746,-167.60108068198713,-3.142920125062719,-167.60108068198713,-2.9485658544080753,-167.60108068198713,-167.7154131677921,-167.7154131677921,-1.7319273964006676,-3.535194632984409,-2.5635372614720033,-0.9469888579400463,-4.92385137960043,-167.7154131677921,-3.2649931444389524,-167.7154131677921,-4.202755688652983,-167.7154131677921,-167.7154131677921,-6.167085375994947,-167.7154131677921,-2.4992777803157065,-167.7154131677921,-2.6895081407083836,-167.7154131677921,-2.185407717205611,-167.5825075810031,-2.4579384724014623,-1.9679429469562004,-2.827747193292703,-167.5825075810031,-2.4120046041014698,-2.3582141709797897,-4.285323623435906,-167.5825075810031,-167.5825075810031,-1.994247093713489,-1.8470375599031819,-167.5825075810031,-167.5825075810031,-3.0966401623753694,-167.5825075810031,-1.7464383264154995,-167.5825075810031,-167.5825075810031,-167.5825075810031],[-167.66676322372396,-167.66676322372396,-1.739980793192033,-167.66676322372396,-3.947327859943479,-167.66676322372396,-1.2520401681670892,-1.049284810857638,-167.66676322372396,-4.927127400098809,-167.66676322372396,-167.66676322372396,-167.66676322372396,-167.66676322372396,-2.0076202018733325,-4.009038174144928,-167.66676322372396,-167.66676322372396,-5.048889881159979,-167.66676322372396,-167.32223860295866,-167.32223860295866,-2.666875401689353,-4.447630763159376,-167.32223860295866,-0.7938235615490941,-167.32223860295866,-167.32223860295866,-167.32223860295866,-167.32223860295866,-167.32223860295866,-167.32223860295866,-4.431979893549544,-0.821950839348947,-167.32223860295866,-167.32223860295866,-167.32223860295866,-4.402294691177099,-167.32223860295866,-167.32223860295866,-0.8837649082989802,-167.55402131552046,-2.3062655311796263,-1.7237304032154173,-167.55402131552046,-167.55402131552046,-167.55402131552046,-2.7807775990515085,-167.55402131552046,-167.55402131552046,-167.55402131552046,-167.55402131552046,-5.304460860401473,-1.9415309876288935,-167.55402131552046,-5.078263919335172,-2.8849961144961425,-167.55402131552046,-3.4273892898804417,-167.55402131552046,-167.97420641147028,-167.97420641147028,-2.908153551845288,-167.97420641147028,-2.431164668387704,-2.395070818778474,-2.9861940605620036,-167.97420641147028,-167.97420641147028,-3.0727001984880244,-3.2488905599024873,-2.6604362298412907,-3.2944860146158774,-2.7289976322297553,-3.3904521688725184,-1.7962139548444878,-1.9175154968622659,-3.9035830318557405,-167.97420641147028,-2.433635469056412,-168.85847890193995,-1.8120057328745292,-168.85847890193995,-2.3851737695653226,-2.093847826844212,-168.85847890193995,-168.85847890193995,-168.85847890193995,-2.7423846794993016,-2.7373561508465603,-2.8785938312825756,-3.3770465010691115,-2.7888715980524124,-168.85847890193995,-168.85847890193995,-1.9082027323719668,-4.907238906393564,-3.613410081840083,-3.427045645474557,-2.0900392002445285,-0.26451200162215915,-2.0574954800420597,-2.4746647273051234,-167.60108068198713,-167.60108068198713,-167.60108068198713,-167.60108068198713,-167.60108068198713,-4.081058835275217,-167.60108068198713,-167.60108068198713,-6.353507664883374,-167.60108068198713,-167.60108068198713,-167.60108068198713,-167.60108068198713,-167.60108068198713,-167.60108068198713,-167.60108068198713,-167.60108068198713,-0.677250790788066,-167.7154131677921,-2.2476295204569583,-167.7154131677921,-3.6476780292517312,-2.9000391460237873,-3.861160230305769,-3.9258800353066103,-5.494450132102383,-167.7154131677921,-167.7154131677921,-167.7154131677921,-167.7154131677921,-3.7564622254344324,-3.1008711981700667,-167.7154131677921,-167.7154131677921,-1.6689864243567012,-167.7154131677921,-167.7154131677921,-167.5825075810031,-0.9358252650530163,-167.5825075810031,-167.5825075810031,-167.5825075810031,-2.716343448448768,-4.0909323704083755,-167.5825075810031,-1.4296486206053007,-3.6258429359340756,-1.9703405015288178,-2.2312615803069846,-167.5825075810031,-167.5825075810031,-167.5825075810031,-167.5825075810031,-4.724525257284715,-167.5825075810031,-167.5825075810031,-167.5825075810031],[-1.0138170545438427,-2.2184684531980157,-1.1552375393126768,-1.550353592784183,-1.1389067962976274,-2.1999286534212574,-1.096316621817044,-1.4559677834705589,-0.836653818658073,-2.026021061642295,-1.2843910332696566,-1.8529165966616663,-0.9210710639606514,-1.6454747561887348,-1.6119032253230774,-1.5674851222080592,-1.2564960773939449,-1.9434504393597214,-1.3396946358372759,-1.1716998509611258,-0.8135633812764338,-2.0421153545051656,-1.18529817872302,-2.1203132133072797,-1.1248831944312006,-2.083092684389153,-1.1897996764195513,-1.405255949545957,-0.6250870697901183,-2.2395240365087927,-1.4610460253310915,-2.0799495177870817]]]},"cp_smc":{"log_Z":[-7348.0076405893315],"inf_results":[{"S_R":[454.0,4694.0,1738.0,1226.0,247.0,872.0,451.0,2632.0],