{"EPOCHS":100,"Rs":[6],"num_results":{"cp_vb":{"log_Z":[-6965.773500000389],"inf_results":[[[-2.1656558329109323,-1.1547319137395906,-1.5191976086929717,-2.138073603377218,-1.6083333901777275,-3.411547686396963],[-1.2208471260659328,-2.545305417040849,-2.1294410623583815,-5.3435547506077326,-127.81646761200157,-127.81646761200157,-3.3526746808149226,-5.00631669621859,-1.8151052097405431,-127.81646761200157,-3.5442943390098187,-127.81646761200157,-127.81646761200157,-127.81646761200157,-127.81646761200157,-3.4029239110686826,-127.81646761200157,-1.8872196530495193,-127.81646761200157,-2.5115716622417965,-0.702961709619073,-1.6855865681029751,-3.4528183449618064,-3.3809218389383124,-2.8739827999584495,-3.1642364011979582,-128.8273915311729,-4.962768389204907,-128.8273915311729,-128.8273915311729,-2.5638699615048415,-3.81337899141323,-4.32572066791554,-128.8273915311729,-128.8273915311729,-4.113698369371794,-4.474870142209368,-128.8273915311729,-5.026768316464589,-128.8273915311729,-128.46292583621954,-4.0145238981215075,-1.6193848302666733,-128.46292583621954,-128.46292583621954,-1.7946160897967554,-1.9298151942250215,-1.810437105825919,-3.0393514288834638,-4.0616544377668165,-128.46292583621954,-128.46292583621954,-128.46292583621954,-1.9508260481079782,-2.602108652359947,-128.46292583621954,-128.46292583621954,-3.6527477603323435,-128.46292583621954,-128.46292583621954,-127.84404984153528,-127.84404984153528,-127.84404984153528,-127.84404984153528,-127.84404984153528,-127.84404984153528,-127.84404984153528,-127.84404984153528,-2.0787937004285997,-2.9881429622318976,-1.842885694442252,-2.778417584437501,-2.253680990872782,-127.84404984153528,-127.84404984153528,-1.2471443910458326,-2.2126876295066396,-127.84404984153528,-127.84404984153528,-2.3043773442404065,-128.37379005473477,-1.7859278065407738,-128.37379005473477,-1.4003980892433292,-1.5432769064011849,-128.37379005473477,-128.37379005473477,-128.37379005473477,-128.37379005473477,-2.3678972371219356,-128.37379005473477,-3.2240780566784357,-3.5794951282095937,-5.338826936847255,-3.349238668483663,-128.37379005473477,-128.37379005473477,-4.291851316185671,-2.7892143297008545,-2.367622843400655,-126.57057575851553,-126.57057575851553,-126.57057575851553,-126.57057575851553,-126.57057575851553,-2.278665537203391,-1.9500572333127764,-126.57057575851553,-126.57057575851553,-126.57057575851553,-126.57057575851553,-0.9503719264543404,-126.57057575851553,-126.57057575851553,-1.7703639483999885,-126.57057575851553,-1.6439165013473094,-126.57057575851553,-126.57057575851553,-126.57057575851553],[-127.81646761200157,-127.81646761200157,-3.308978991592011,-3.3904230147483,-2.64313235704297,-0.8911489533488028,-5.071761423877264,-127.81646761200157,-4.925975146599775,-2.926253520696207,-127.81646761200157,-2.7760199345091916,-2.975622607983132,-127.81646761200157,-2.6585735920802884,-2.480255808868213,-3.9952040343436117,-4.488596197938839,-2.5261266490134187,-127.81646761200157,-128.8273915311729,-2.478261059585675,-2.6375645495854574,-2.7035015888466605,-2.8962697026909128,-128.8273915311729,-2.8946121976657695,-3.02318251803207,-2.5934575272189377,-3.1384180744815033,-3.0176037174734045,-2.7917364480868843,-3.6465454059272924,-2.5828362270354193,-3.6949090981798545,-2.6697907048322866,-2.582880169380217,-2.9257105611438554,-128.8273915311729,-2.763704094644038,-1.1001365482743983,-2.8251098619875545,-2.106668363195495,-128.46292583621954,-6.02327071480706,-128.46292583621954,-2.3699644274882132,-2.10561983156886,-4.293886410744562,-6.110626072206877,-128.46292583621954,-4.036127554827942,-128.46292583621954,-1.9650104239202086,-3.515185582025647,-128.46292583621954,-128.46292583621954,-2.7780797156802652,-7.223947788625192,-128.46292583621954,-1.2214656677737485,-1.2653248101594627,-127.84404984153528,-2.0557703821527973,-2.052044391950976,-127.84404984153528,-127.84404984153528,-127.84404984153528,-127.84404984153528,-127.84404984153528,-3.9591767456761833,-127.84404984153528,-127.84404984153528,-127.84404984153528,-127.84404984153528,-127.84404984153528,-127.84404984153528,-127.84404984153528,-3.225999788379033,-2.2475814079835095,-1.349586602931347,-2.4735487903308915,-128.37379005473477,-3.469655643734522,-2.591288413114068,-3.549028973554651,-128.37379005473477,-128.37379005473477,-3.2593614911289386,-3.1280178935338494,-2.7464043745566302,-128.37379005473477,-2.804455585782385,-128.37379005473477,-128.37379005473477,-1.5807312813087622,-4.660875340801871,-128.37379005473477,-128.37379005473477,-2.331911995377017,-126.57057575851553,-1.1414498018175188,-2.22474203128668,-126.57057575851553,-126.57057575851553,-2.529207638815309,-126.57057575851553,-126.57057575851553,-1.2563506741877282,-3.3233168043874457,-1.7977139483354891,-126.57057575851553,-126.57057575851553,-126.57057575851553,-126.57057575851553,-126.57057575851553,-126.57057575851553,-126.57057575851553,-126.57057575851553,-126.57057575851553],[-1.0264252868494488,-2.0147792557701285,-1.3794533147033068,-1.3641933792888814,-0.9792820144289918,-1.8066987956820517,-1.3951544694297127,-1.5509670270504685,-0.962537297926267,-2.201491432244892,-1.1086741528324433,-1.7322453002160927,-1.1305812610804002,-2.241834248573494,-1.3221961202384316,-1.1930037769807669,-1.1324014910799933,-1.9141052216399643,-1.3316222537813056,-1.325722328332854,-0.560083662412934,-2.2543634606069864,-1.49988578307274,-2.3324585472167505]]]},"cp_smc":{"log_Z":[-7102.307317388972],"inf_results":[{"S_R":[2426.0000000000005,741.0000000000001,292.0,928.0000000000001,345.0,7582.0],"S_IR":[[747.0,201.0,679.0,0.0,0.0,0.0,392.0,0.0,0.0,0.0,0.0,0.0,0.0,382.0,11.0,0.0,14.0,0.0,0.0,0.0],[210.0,322.0,0.0,0.0,0.0,0.0,0.0,0.0,14.0,0.0,168.0,21.0,3.0,0.0,0.0,3.0,0.0,0.0,0.0,0.0],[0.0,0.0,0.0,0.0,0.0,0.0,0.0,0.0,0.0,0.0,35.0,0.0,0.0,0.0,0.0,0.0,3.9999999999999996,253.0,0.0,0.0],[0.0,0.0,0.0,0.0,0.0,451.0,0.0,412.0,0.0,0.0,0.0,1.0,0.0,0.0,63.99999999999999,0.0,0.0,0.0,0.0,0.0],[77.99999999999999,0.0,72.99999999999999,0.0,0.0,40.0,0.0,0.0,0.0,0.0,0.0,86.99999999999999,0.0,4.999999999999999,0.0,0.0,62.0,0.0,0.0,0.0],[1303.9999999999998,771.0,73.99999999999999,748.0,747.0,164.0,107.99999999999999,66.99999999999999,528.0,352.0,368.0,324.0,271.0,9.0,282.0,526.0,203.0,65.99999999999999,178.0,492.0]],"S_JR":[[399.0,119.99999999999999,238.0,1.0,0.0,221.0,296.0,480.0,0.0,0.0,0.0,50.0,0.0,371.0,133.0,39.0,2.0,75.99999999999999,0.0,0.0],[0.0,0.0,0.0,189.0,0.0,0.0,0.0,0.0,92.99999999999999,0.0,0.0,122.99999999999999,0.0,0.0,0.0,0.0,308.0,26.0,2.0,0.0],[68.99999999999999,0.0,24.0,0.0,19.0,180.0,0.0,0.0,0.0,0.0,0.0,0.0,0.0,0.0,0.0,0.0,0.0,0.0,0.0,0.0],[269.0,0.0,188.0,0.0,3.0,0.0,109.99999999999999,11.0,0.0,0.0,0.0,0.0,0.0,162.0,11.0,0.0,3.9999999999999996,170.0,0.0,0.0],[0.0,100.99999999999999,0.0,0.0,0.0,0.0,0.0,0.0,131.0,0.0,103.99999999999999,0.0,0.0,0.0,0.0,0.0,0.0,0.0,9.0,0.0],[1228.9999999999998,1014.0,253.0,382.0,673.0,283.0,70.99999999999999,27.0,326.0,375.0,341.0,202.0,324.0,139.0,133.0,857.0,30.0,120.99999999999999,163.0,639.0]],"S_KR":[[911.0000000000001,263.0,758.0000000000001,494.0],[289.0,146.00000000000003,181.00000000000003,125.0],[101.0,33.00000000000001,88.0,70.0],[346.0,141.00000000000003,284.0,157.00000000000003],[230.00000000000003,37.00000000000001,78.0,0.0],[2614.0000000000005,1067.0,1949.0,1952.0]]}]}},"resampling_scheme":"systematic","datetime":"2020-06-25T12:42:22.949","N":123140,"M":[10,10],"durations":{"6:6":{"(Main.CP, \"smc\")":43498.7,"(Main.CP, \"vb\")":1.09}},"adaptive":true,"a":1.0,"resampling_freq":0}