{"EPOCHS":100,"Rs":[3],"num_results":{"cp_vb":{"log_Z":[-6973.144750229025],"inf_results":[[[-0.8512295766871301,-1.2452769802315427,-1.2546748206346958],[-1.3474259341250612,-1.8754318120334883,-5.194324231781788,-2.3321261084466034,-2.3479524976790076,-4.837196644440882,-6.586572647136306,-7.558509220683365,-3.2796056127689512,-3.311516452598249,-2.839241968974493,-3.24095746519873,-3.357635778956147,-7.314923363785645,-4.621232045219623,-2.686257634788851,-6.153971046083837,-5.059173039027005,-4.018479819876799,-2.727674257223148,-1.3119217168722388,-2.657579596355207,-1.9091136844076644,-5.56045236093313,-4.713186749315403,-2.307705331512442,-2.5274424123829293,-2.455295921449885,-3.3600098648016177,-5.963537757553214,-4.1924246289950835,-4.276471549876108,-6.416884727796596,-2.7808718722274097,-3.235484242775839,-7.575692985237272,-6.089961590103598,-2.8628361282002643,-6.842817439589014,-6.504436772039921,-7.109088939325436,-2.713825087781353,-2.5716391708335626,-2.763517798391887,-2.8152271611782105,-2.6074552634869876,-2.820860086471738,-3.018451007171679,-2.7696288981590937,-3.1407379137986204,-2.821595055427075,-2.981561548978182,-3.704059248044784,-3.00998416935826,-3.049250380582788,-3.0382627362234738,-2.584044951773153,-3.7317444741300854,-3.7600651649030254,-3.203823339228384],[-6.768633564802807,-2.3760065413179694,-5.419215019859705,-2.360811619797988,-2.170767765101038,-3.6919636452646634,-5.037931820879849,-7.515283911405108,-3.0234076110726926,-2.8828973479470275,-2.9786847285082905,-3.279397040932885,-2.8915570316270767,-6.328262638197424,-4.148909090708982,-1.8048777259339914,-2.75692757418289,-4.209543538953826,-3.47999540057387,-2.1243768053509138,-6.2930970723721416,-5.356260110058342,-1.7980831885731732,-6.053116040081244,-4.384954094836721,-1.91668008712207,-2.1011278636439785,-1.941082635835639,-3.2194148543404593,-5.163083029707444,-5.210611052083099,-4.346245720468686,-5.70889955556947,-1.7059860928654658,-2.9428202859132133,-5.357408134384997,-6.218292629017926,-2.466196032328675,-5.847526457546953,-6.765372875155947,-0.5927912505209152,-1.5798682749105382,-3.65862292846377,-3.9647711478242824,-4.27231538377081,-4.777101066126572,-5.97009312490904,-6.43416981887381,-3.1419782268529532,-4.053797955281293,-3.099930766297109,-3.2838687174691303,-5.098979563752085,-5.329965386545618,-6.03189185208787,-5.776172983479068,-6.793494734888385,-5.505376996151291,-6.799892158247042,-6.541663914823944],[-1.1734701705449613,-1.7871762437429668,-1.4571462815728289,-1.2375539547423555,-0.9863749344882846,-2.216408923356947,-1.162277146487492,-1.5853250221764235,-0.8304450572634714,-2.0994020967213904,-1.2544909293666278,-1.8580890996144577]]]},"cp_smc":{"log_Z":[-7143.7984176793525],"inf_results":[{"S_R":[4286.000000000001,4203.000000000001,3825.0],"S_IR":[[171.00000000000003,226.00000000000003,2.0,632.0000000000001,617.0000000000001,50.00000000000001,17.0,4.0,217.00000000000003,257.0,306.0,261.0,201.00000000000003,10.000000000000002,55.00000000000001,505.0,229.00000000000003,14.000000000000002,144.00000000000003,368.0],[2115.0000000000005,932.0000000000001,70.0,108.0,24.0,118.0,17.0,11.000000000000002,152.00000000000003,54.00000000000001,197.00000000000003,104.0,61.00000000000001,0.0,47.00000000000001,19.0,17.0,59.00000000000001,12.000000000000002,86.0],[53.00000000000001,136.00000000000003,754.0000000000001,8.000000000000002,106.0,487.0,466.0,464.0,173.00000000000003,41.00000000000001,68.0,68.0,12.000000000000002,386.0,255.00000000000003,5.0,37.00000000000001,246.00000000000003,22.0,38.00000000000001]],"S_JR":[[822.0000000000001,769.0000000000001,23.0,344.0,370.0,10.000000000000002,10.000000000000002,3.0,161.00000000000003,193.00000000000003,233.00000000000003,139.00000000000003,192.00000000000003,16.0,11.000000000000002,467.0,3.0,46.00000000000001,58.00000000000001,416.0],[52.00000000000001,209.00000000000003,284.0,219.00000000000003,278.0,287.0,184.00000000000003,162.00000000000003,279.0,156.00000000000003,171.00000000000003,178.00000000000003,115.0,253.00000000000003,156.00000000000003,395.0,341.0,152.00000000000003,109.0,223.00000000000003],[1092.0,257.0,396.0,9.000000000000002,47.00000000000001,387.0,283.0,353.0,110.0,26.0,41.00000000000001,58.00000000000001,17.0,403.0,110.0,34.00000000000001,0.0,195.00000000000003,7.000000000000001,0.0]],"S_KR":[[1375.0000000000002,524.0,1166.0000000000002,1221.0000000000002],[1574.0000000000002,734.0,1011.0,884.0],[1542.0000000000002,429.00000000000006,1161.0000000000002,693.0]]}]}},"resampling_scheme":"systematic","datetime":"2020-06-25T21:40:59.398","N":123140,"M":[10,10],"durations":{"3:3":{"(Main.CP, \"smc\")":34580.42,"(Main.CP, \"vb\")":0.86}},"adaptive":true,"a":100.0,"resampling_freq":0}