{"EPOCHS":100,"Rs":[13],"num_results":{"cp_vb":{"log_Z":[-5025.448168003641],"inf_results":[[[-3.1174138122899437,-1.9100420775514513,-2.854414530503795,-3.215746841928918,-3.379848800812508,-2.6226664044547627,-1.8387020413048303,-2.104169446713687,-3.142421200499033,-2.4460173345197562,-2.7373032450502697,-2.419550752163283,-3.2622641964939367],[-8.02023333505638,-8.217558134816647,-8.538361813035351,-1.9005188809717852,-8.583081820495583,-2.900207715548555,-8.53051889948144,-8.766851532565779,-4.871519332178566,-8.061422450831738,-8.128389741692224,-3.2528795040041243,-1.40544054131803,-8.44702913777216,-3.3465325724872783,-0.9010944032464749,-8.79768717139131,-4.011040306942153,-3.587555114601035,-8.400822907792048,-9.805158415792175,-2.095005629560747,-2.1326525486192036,-4.775755735515649,-4.329233593298426,-2.349800971382475,-2.1176165557078983,-1.4832041718545117,-3.2274146310344145,-5.466140011045459,-3.7132991524009484,-4.043042995928314,-8.942106676803645,-2.263829485539615,-2.4004490537625234,-7.816326685574905,-6.733164999903107,-9.18719815352021,-4.967875984272855,-9.716242833412618,-8.591531332910485,-8.619192810750603,-8.636144727286016,-8.931656654930736,-1.7159859670311066,-3.9153930109897987,-3.6124430259329756,-5.130728237784893,-8.375455929314311,-3.599350140376518,-1.3171614649740926,-7.295853546694823,-4.058781530850381,-8.798306226905842,-4.45032055550329,-1.4319919523405416,-3.74518625087501,-4.147930803536128,-6.3510490160497435,-1.8997961979953706,-7.914171406371489,-3.0013442521372555,-1.0187160243499243,-4.709241607671787,-6.25181995190525,-4.415583324102828,-1.6204632292650354,-8.602660489442842,-4.290022361366906,-8.747889170795405,-5.461143728715622,-8.66839753739301,-8.713030623796708,-1.192909274187353,-3.7021134322389955,-8.687913107136998,-5.755820122553357,-6.398384172646122,-8.727164644267106,-8.8010759643475,-5.1810989275373664,-1.7416389257889993,-3.0308143779799623,-7.792030955883206,-4.475514094341083,-2.2198135087172672,-3.0305859711167376,-6.866617507549229,-8.378700023664582,-5.372628814352743,-1.783780603633753,-1.7581972365196492,-4.4391726716715,-4.610793487792902,-1.7078330001937765,-7.194513234125189,-4.452089355661335,-4.338325838052191,-5.138826682911461,-7.362125058525649,-8.768874590242241,-8.653695087098615,-8.585851192802886,-1.204268939326247,-8.99259966692232,-4.443928930867333,-8.786710635060192,-4.992808966715097,-8.176344760970146,-1.6369581867188243,-8.718562620726106,-4.005208759702985,-3.6275966116520157,-4.401742497834262,-3.745880358108429,-8.90841862854763,-5.854926378131561,-5.574864182263044,-8.336755776491827,-0.9444621530402237,-0.01999807274887999,-9.54053847646686,-6.013870546923715,-9.20050464710369,-9.51956590424009,-9.479316897043397,-6.127865107522403,-9.300389879265532,-9.161132467775479,-9.563371969344692,-5.804755597577127,-9.053952017387484,-9.633621166587595,-9.781119688566097,-9.473005143833525,-9.36819175533029,-4.937813317288107,-9.454462342638172,-9.470047426429861,-9.678928302471212,-9.472996978500245,-9.67267660652746,-2.399632113908278,-2.038572172991983,-2.7258979119350206,-2.9466928565062407,-2.8840043166072986,-3.777812645610288,-2.4527062836831,-3.0804818020444698,-3.399832616924643,-2.3170580497375957,-3.209279128807804,-3.9136416106474585,-4.822636546931194,-2.869132000455335,-1.8507641489608826,-8.50527142909319,-3.5160562042530055,-9.353010466673261,-1.3876936891748555,-8.28043996577789,-2.4513807127476226,-7.581793065058994,-2.3653977437398517,-0.6576330221532745,-6.982489592849686,-8.254297880589622,-6.999008031230197,-8.802015094334692,-4.883771332220855,-8.793816835287414,-3.773347850255659,-7.576115916163353,-7.797243183986078,-8.428205097823422,-6.247741523525642,-8.740406424194285,-8.68865179364138,-7.503136258781735,-8.71964537684352,-0.40871118813247165,-3.533100855094517,-3.9503551294987953,-9.142779115802535,-7.617118890705291,-5.004414652264593,-6.022474474505111,-2.6485764327663928,-4.068935143559795,-2.2425721233139004,-2.764633998146911,-4.4414372039276415,-9.272822344639525,-9.161139222770558,-9.20159950483358,-9.103302593358212,-9.164072348971139,-8.55726901818267,-9.149358466402557,-8.668295971040337,-8.572620897963548,-1.5383826381350048,-8.300459907968225,-3.634450509825854,-8.99991535678424,-2.9826897317567727,-4.3967016575959255,-1.7758688161102496,-3.1087800843799074,-3.7422453415915715,-3.394273010314822,-5.250498995753549,-8.979152160886953,-3.382240492683716,-8.414239886738024,-7.9729251288850636,-1.0397536532258718,-9.066129089854773,-3.915286517748563,-1.4221658848932996,-1.4745336839599101,-4.360400000863092,-2.1709740393683763,-1.69810194823933,-9.087440173425549,-6.348514910225774,-8.84956546674781,-2.758474138433537,-3.9069167515314693,-2.8186131772846448,-3.2283854751557057,-5.196652545133084,-9.085740313735858,-4.570812152000059,-9.369267981798222,-7.777816533967736,-8.865095995779084,-4.530503695352001,-9.04652770997779,-8.294928859566141,-7.864808424745527,-8.441877580766542,-2.764473740525164,-0.7966600344536285,-3.5541641977967897,-8.265756692025269,-5.168893538193487,-2.3918556780458466,-8.057053268101917,-7.101172982505073,-6.471272166897771,-8.19221051386737,-4.222759626748678,-8.316846127215609,-2.3157185534326508,-8.338038065136068,-5.3594819659886825,-1.687051327191659,-3.3359878543599013],[-2.467267191921597,-7.881246244821778,-5.042341715320686,-8.21941493445687,-1.0000286444517936,-4.137031266405646,-5.41080513806079,-8.85985111317472,-5.1440855405447845,-2.2926767966510164,-7.944600099049527,-7.868447097273819,-8.383654473770491,-8.57717926120517,-4.981444608838168,-8.614537277141388,-5.835055831638141,-4.71585046982803,-3.070722798185406,-1.104781748896257,-0.8217272810994043,-9.397428695920697,-1.8081568341063887,-9.167758821593209,-8.899980850585603,-9.511179542686941,-2.1488505114185292,-9.475898900524253,-5.948934063870726,-9.56409731277973,-9.355077706570999,-9.456269937880993,-9.239432224498879,-1.333705005791944,-5.068049123756799,-8.614928870648567,-9.646108161131465,-6.227517140181448,-9.643527165751482,-9.872391410597345,-1.5636558210168277,-1.39779054607477,-8.200111005598394,-0.7644941286131992,-8.667370465444847,-8.022952440191048,-8.764488997425891,-8.72708709392085,-7.058262513538215,-5.357833723319844,-8.984874159644917,-2.874077760925639,-8.240241770031195,-5.927329785017121,-8.24011218693071,-8.75940356291519,-8.846062702681095,-8.415068905485787,-8.715583447293632,-8.5632041491312,-7.513157302760765,-8.064178499374629,-8.190645993896364,-8.512298081897494,-5.700532717293196,-8.332494400958325,-1.7574088402599193,-0.34734334924925747,-7.69871440548151,-8.112091129203732,-8.29641669132183,-5.441091202954141,-8.46437214558434,-6.8908378380707695,-2.4746531101564218,-4.737158441587495,-8.78477362253401,-7.671060457752946,-7.590908227240297,-8.686435419896878,-7.34856385682507,-8.009327104456414,-1.6298218833864198,-7.779640371675845,-7.7959693209522465,-7.9343307174468345,-8.010849174176954,-7.565790224637173,-0.4636768861023457,-2.256194209413578,-7.969151731996963,-3.059047636796405,-8.081079591560412,-7.856885364271761,-8.116262236595688,-8.039813071565671,-8.17916612207697,-8.168693335124676,-7.704216942795012,-8.052170938840847,-1.6718565972836625,-2.9426893835817896,-4.958371740368337,-8.667233550488687,-1.7499265243255895,-3.6475801618191066,-4.506278050585075,-9.329526610022835,-2.940141234470336,-5.186113549583288,-2.251682554430789,-3.5825066976310076,-3.6532496905725673,-9.265869128352483,-3.95268584108329,-1.4434968773159724,-8.676981688973466,-4.132851920239231,-3.159563763855478,-8.979927203600452,-10.258161075317632,-2.236675211184034,-2.6022106477525115,-2.902669784480194,-2.539442526712288,-2.5464817661849564,-2.731575581800528,-2.646460650098371,-2.7558752923657766,-3.054188644300236,-3.033007192163402,-3.3379152303611486,-3.2066812466338392,-2.434110122377091,-3.102366283976745,-4.782540810438329,-3.1845457656406664,-6.696121028189313,-3.483958952936023,