{"EPOCHS":100,"Rs":[7],"num_results":{"cp_vb":{"log_Z":[-6902.18687050094],"inf_results":[[[-2.3603907119713927,-1.8195226229077823,-1.6746976283981976,-1.9424432518248773,-2.10572134454969,-1.740049588486544,-2.1603710795949427],[-6.04207095453553,-147.62366907067477,-3.947813747168042,-3.383905485062626,-1.7675729025537699,-3.2247423262891544,-3.0123637243038486,-4.344546158632532,-147.62366907067477,-147.62366907067477,-147.62366907067477,-2.402138471834242,-2.914122747729693,-3.820191606220242,-4.653013134844679,-1.513539977892889,-1.8387800918982418,-3.8595402948205035,-147.62366907067477,-2.416098729820513,-1.649910571086858,-148.16453715973836,-148.16453715973836,-1.4633543876560058,-1.6753101887429782,-4.1094213581720425,-148.16453715973836,-148.16453715973836,-2.1432169275937074,-2.6737862692099092,-148.16453715973836,-148.16453715973836,-4.181446912963979,-148.16453715973836,-3.6611240600455868,-148.16453715973836,-148.16453715973836,-148.16453715973836,-2.8938703787244417,-2.4314375274830358,-148.30936215424796,-2.2392086846545762,-2.3010190408944498,-148.30936215424796,-2.6220613493398552,-1.9111226005643083,-2.2906544105902498,-1.7478496831001733,-2.6267456286831994,-3.0677172378950806,-148.30936215424796,-3.665232688400109,-148.30936215424796,-148.30936215424796,-2.2927221945903513,-148.30936215424796,-3.7048234989923934,-4.827385147220065,-4.090923550301709,-148.30936215424796,-1.2693825052689602,-2.4373117335709598,-1.7495437598002654,-4.656296219903866,-148.04161653082127,-148.04161653082127,-2.516694358150067,-3.84718513255179,-148.04161653082127,-148.04161653082127,-148.04161653082127,-3.059886380497683,-4.907371786977305,-2.0800138759237434,-3.844640120216732,-5.103340492483833,-3.7887859281539042,-2.176366911358441,-148.04161653082127,-148.04161653082127,-0.7518423687699132,-147.87833843809648,-1.7686294463879895,-147.87833843809648,-5.672599311502425,-1.8628205495361145,-3.178810571104748,-4.275640078701441,-2.897223554892369,-147.87833843809648,-2.6368531002810913,-147.87833843809648,-147.87833843809648,-147.87833843809648,-4.250880383059914,-147.87833843809648,-147.87833843809648,-147.87833843809648,-147.87833843809648,-147.87833843809648,-1.0619371231255732,-1.0551999250264057,-148.2440101941596,-148.2440101941596,-148.2440101941596,-148.2440101941596,-148.2440101941596,-148.2440101941596,-3.6470737143386875,-3.020247647615496,-1.8312221903961037,-2.9681368309573832,-148.2440101941596,-148.2440101941596,-148.2440101941596,-148.2440101941596,-148.2440101941596,-148.2440101941596,-148.2440101941596,-4.0069332258762484,-147.8236887030512,-2.320024751168714,-5.260649269181698,-1.8297001736178506,-147.8236887030512,-147.8236887030512,-6.5810750077781535,-7.1082462231370585,-147.8236887030512,-147.8236887030512,-2.5054136857673193,-2.9761120353160084,-2.1495881102403134,-2.2575573831065556,-147.8236887030512,-1.693847915399183,-147.8236887030512,-2.9570978734406417,-3.9467492293387267,-2.113734300404639],[-147.62366907067477,-0.711213915247173,-147.62366907067477,-1.5632670013901597,-6.2722768386559835,-147.62366907067477,-147.62366907067477,-147.62366907067477,-2.922319037329663,-2.305371463575516,-147.62366907067477,-3.008132242834458,-3.4496355250948842,-6.9254432321684725,-5.828627065491075,-147.62366907067477,-147.62366907067477,-2.8978192319099803,-147.62366907067477,-147.62366907067477,-148.16453715973836,-2.0064648400624243,-5.228897070280519,-6.377509153870231,-148.16453715973836,-2.6805509103667076,-4.724194873378995,-148.16453715973836,-3.515716799309555,-2.6392689517205863,-2.2832241951142693,-3.389241704196296,-2.3287916748691426,-6.209604371317519,-3.4542849434265968,-1.411640044999487,-5.098589626064327,-148.16453715973836,-4.415141844829304,-1.913804018712682,-0.6471509047141941,-4.563855057324794,-1.939732026983516,-148.30936215424796,-148.30936215424796,-148.30936215424796,-2.8756950727641604,-148.30936215424796,-2.8117310782299016,-148.30936215424796,-148.30936215424796,-148.30936215424796,-148.30936215424796,-1.7983165173750661,-148.30936215424796,-4.250559685531325,-148.30936215424796,-3.71165907251977,-148.30936215424796,-148.30936215424796,-148.04161653082127,-148.04161653082127,-2.04764078869093,-148.04161653082127,-148.04161653082127,-1.2988246168393909,-1.900910277424141,-1.4254568314354117,-3.6272033621624318,-148.04161653082127,-1.993409845106874,-148.04161653082127,-4.652384115463489,-148.04161653082127,-3.3846451292937303,-148.04161653082127,-148.04161653082127,-148.04161653082127,-148.04161653082127,-148.04161653082127,-147.87833843809648,-1.5211717560965177,-147.87833843809648,-147.87833843809648,-2.477426825623726,-147.87833843809648,-3.1628059620506495,-2.784161446805941,-147.87833843809648,-147.87833843809648,-147.87833843809648,-2.67637787747399,-147.87833843809648,-1.6677833402004172,-2.3109060887543373,-147.87833843809648,-147.87833843809648,-1.7105180327070677,-3.1584823195843708,-4.5523772709637065,-148.2440101941596,-3.9458693323497265,-2.804192145539261,-1.8986643287736653,-2.3012107706084626,-3.518692792530377,-148.2440101941596,-148.2440101941596,-2.1976562340138095,-2.9330242116979024,-148.2440101941596,-2.7009501364674593,-3.3767923522428136,-148.2440101941596,-148.2440101941596,-1.8140133666427563,-1.9094379350419448,-148.2440101941596,-148.2440101941596,-2.7930080104578527,-0.6287200237679027,-147.8236887030512,-147.8236887030512,-147.8236887030512,-1.4044218446116314,-147.8236887030512,-147.8236887030512,-147.8236887030512,-147.8236887030512,-147.8236887030512,-147.8236887030512,-147.8236887030512,-147.8236887030512,-147.8236887030512,-147.8236887030512,-4.1545475780418855,-4.944671227841307,-147.8236887030512,-2.8193395323878665,-1.9882781012838686],[-0.8989183098582121,-2.3083818898299064,-1.3402098130515663,-1.4675580795034318,-1.3581397573245289,-1.7807675062763213,-1.4019359895960033,-1.116324353187025,-0.8981411868242208,-1.9997599299850641,-1.1455120476890022,-1.9761981815235679,-0.9007615227392538,-2.280089884128885,-1.2113759690554007,-1.645955995864079,-0.9997499646222874,-1.9761940552181088,-1.3410070527155487,-1.465984354787163,-0.9604453077933064,-1.7208852820995997,-1.4363953337854065,-1.609974686261686,-1.1151472353663694,-2.2852790883077265,-1.3353275848665138,-1.1833236655231483]]]},"cp_smc":{"log_Z":[-7269.478121682833],"inf_results":[{"S_R":[228.0,48.99999999999999,1354.0,6598.0,152.0,2281.9999999999995,1651.0],"S_IR":[[171.0,0.0,34.99999999999999,0.0,0.0,0.0,0.0,11.999999999999998,0.0,0.0,0.0,0.0,7.999999999999999,2.0,0.0,0.0,0.0,0.0,0.0,0.0],[0.0,0.0,0.0,0.0,20.0,0.0,0.0,0.0,0.0,0.0,0.0,0.0,0.0,0.0,0.0,0.0,0.0,4.0,25.0,0.0],[0.0,0.0,0.0,0.0,87.0,485.0,60.99999999999999,419.0,0.0,0.0,68.0,0.0,0.0,1.0,201.0,4.0,2.0,0.0,0.0,26.0],[1038.0,776.0,0.0,707.0,640.0,170.0,0.0,47.99999999999999,400.0,315.0,370.0,283.0,252.0,25.0,156.0,506.0,257.0,44.99999999999999,144.0,466.0],[0.0,0.0,91.0,0.0,0.0,0.0,25.0,0.0,7.0,0.0,0.0,18.0,0.0,0.0,0.0,0.0,0.0,10.999999999999998,0.0,0.0],[1130.0,518.0,46.99999999999999,40.99999999999999,0.0,0.0,95.0,0.0,135.0,36.99999999999999,133.0,132.0,13.999999999999998,0.0,0.0,0.0,0.0,0.0,0.0,0.0],[0.0,0.0,653.0,0.0,0.0,0.0,319.0,0.0,0.0,0.0,0.0,0.0,0.0,368.0,0.0,19.0,24.0,259.0,8.999999999999998,0.0]],