{"EPOCHS":100,"Rs":[2],"num_results":{"cp_vb":{"log_Z":[-7615.202704314288],"inf_results":[[[-0.5292279964914766,-0.8894057727880007],[-1.7037815986637268,-1.9939603593714992,-5.0323024308874125,-2.289368742148895,-2.3298294773737034,-4.545251139982892,-49.42613179546984,-49.42613179546984,-3.1005311386555645,-3.0829683819838323,-2.7106342896204723,-3.022985771166935,-3.2779111303364905,-49.42613179546984,-4.417814927408258,-2.619214455577538,-3.2455371483700004,-5.269118083529163,-3.710191946443178,-2.691791737163401,-1.6036590455344886,-2.8075556042845182,-1.8727505282811654,-6.043770246444129,-4.836506204577923,-2.171230073024982,-2.3154691224540773,-2.3584182982304123,-3.161105775926919,-5.603105652401426,-4.055201007303081,-4.158372613339119,-49.06595401917332,-2.5489126736463614,-2.9360389233253903,-49.065954019173326,-49.06595401917331,-2.8918164869710905,-49.06595401917332,-49.06595401917332],[-1.985446440738814,-2.033611442118361,-4.467184284317583,-2.6080739618233206,-2.452016805170386,-3.8434499986789987,-5.11074028522942,-6.977053684205892,-3.0401137132647778,-3.0962675440060963,-2.9715787179487627,-3.2558163296016556,-3.1678974410516325,-5.366938990744886,-4.459885078243009,-2.122214071478443,-3.066998858901572,-4.381064294522944,-3.779034761773195,-2.430143781450832,-1.6529247531576994,-2.877409323893464,-2.1013805395334035,-4.9289369833769285,-4.290098660385955,-2.260649590826005,-2.460012088253647,-2.2941518296187766,-3.2203804178123914,-4.699544589623267,-4.2457489873386605,-3.9814302077710533,-5.6545358063580125,-2.0720639987600675,-3.270756981192644,-5.260660706025098,-6.859914831393916,-2.821058252034982,-6.535674754573579,-49.06595401917332],[-1.0690619190052777,-1.88984951644517,-1.395556557464145,-1.3560635289487077,-0.9283544737351344,-2.1486413510881093,-1.1892802134958185,-1.6959916531914123]]]},"cp_smc":{"log_Z":[-7705.389852490374],"inf_results":[{"S_R":[4094.0,8220.0],"S_IR":[[822.0,275.0,657.0,8.0,39.0,556.0,419.0,464.0,124.0,0.0,57.0,30.0,0.0,396.0,211.0,0.0,22.0,14.0,0.0,0.0],[1517.0,1019.0,169.0,740.0,708.0,99.0,81.0,15.0,418.0,352.0,514.0,403.0,274.0,0.0,146.0,529.0,261.0,305.0,178.0,492.0]],"S_JR":[[812.0,191.0,533.0,0.0,12.0,162.0,431.0,518.0,133.0,23.0,41.0,81.0,4.0,641.0,190.0,10.0,0.0,311.0,0.9999999999999999,0.0],[1154.0,1044.0,170.0,572.0,683.0,522.0,46.0,0.0,417.0,352.0,404.0,294.0,320.0,31.0,87.0,886.0,344.0,82.0,173.0,639.0]],"S_KR":[[1591.0,452.0,1292.0,759.0],[2900.0,1235.0,2046.0,2039.0]]}]}},"resampling_scheme":"systematic","datetime":"2020-06-25T09:15:38.51","N":123140,"M":[10,10],"durations":{"2:2":{"(Main.CP, \"vb\")":0.78,"(Main.CP, \"smc\")":31196.22}},"adaptive":true,"a":1.0,"resampling_freq":0}