{"EPOCHS":100,"Rs":[11],"num_results":{"cp_vb":{"log_Z":[-5074.500890595489],"inf_results":[[[-3.0717196886034275,-2.922223311296823,-1.9299220952514569,-2.083904980171213,-1.8411781152741895,-2.291803215590904,-2.2688882348875614,-2.920929597565019,-2.3724182343657416,-2.8909884614017,-2.7482824684018086],[-1.4193305711776922,-7.501148970464644,-2.242568159883249,-4.733524538355592,-2.4207549689891783,-0.7120512230967959,-6.862393923827792,-7.568886635798012,-5.423845066504892,-8.299489990216223,-5.017666520924744,-8.234444625652815,-3.91546826845379,-7.177626945440361,-6.014155984993212,-8.181616108684883,-6.161491068272935,-8.392860993224916,-8.28143661693017,-4.665856875116426,-7.631518903995782,-7.5465483096658375,-1.368835185703757,-4.713803490166431,-3.6967156270050108,-8.443445409053279,-3.0987083986677595,-5.397884874082217,-1.823070330116268,-2.896309320026154,-4.016549045182771,-3.9642680662829286,-4.691617826608811,-8.440905351330219,-4.0469405838059815,-7.748332861773123,-5.859958063647124,-1.1236058456958684,-8.499023937681118,-3.2528183995972983,-8.949129563022904,-9.226400313775322,-2.272924994132654,-2.0020230661099125,-2.565398308264699,-3.274887093409353,-2.914639830022261,-3.818052491668029,-2.6174526208088036,-3.0740790970711744,-2.5512899665233144,-2.3534861946736925,-3.8921840393077654,-4.18344904446281,-7.71921785094151,-3.0104814792978765,-1.9080951241572839,-4.723300704216504,-3.802680406232277,-4.7641510080884775,-9.226145358577549,-1.8629455424359227,-8.631542094080167,-4.860250256335689,-3.726712161507746,-1.829407435199058,-2.3760803567339135,-2.0766815668894054,-2.925393203976153,-3.511553483902243,-3.0373831192971084,-3.6363389350604383,-4.307430961565063,-2.5945414791033192,-2.1196153562634503,-7.92519901754139,-7.607047173967467,-3.2695456731981736,-4.296994765770333,-4.658239580740753,-0.11308003374252351,-8.89820971667157,-8.749008746292468,-4.824951969851638,-8.922732753155115,-8.160082590805523,-8.064287942917675,-9.031193240149346,-4.121990014190445,-8.71677276108439,-6.903047713609753,-3.233757859599365,-8.932273962598195,-9.114743885925119,-3.335550923534944,-8.813625924701608,-8.48134392249995,-8.239452479359775,-8.660194211160395,-8.819258734720304,-8.324785128190959,-8.187754435199789,-8.635835839872259,-1.9214342921666576,-8.759660370085639,-3.686607249515819,-7.99656694027351,-8.861775985179483,-7.242820232257112,-2.604095597206653,-4.679917033569987,-4.8344882057334,-1.9520663163056984,-8.547289866192404,-3.796259884298069,-1.2117922545658137,-8.432284286463483,-4.546466453696956,-4.685730280616422,-1.4020757666423993,-1.6730579651572919,-1.7593052854509947,-4.589647189652704,-1.7182029761699376,-1.9734095580994468,-6.179477186363993,-6.810773098891866,-6.864547868899339,-2.9471909733883983,-2.9155955562717653,-3.2065761568862543,-3.2349921064931886,-4.361736942708683,-6.029478104946349,-4.294087428297729,-8.846594724149742,-6.417947453048228,-6.690830699111163,-4.723779081368624,-2.6172403541759657,-7.981170020955609,-3.1463049816449713,-1.037008831861601,-4.595329318508895,-7.638850817324567,-6.932866782895657,-1.7122943529126529,-8.230122609057757,-4.9823485402605865,-8.240656713347285,-7.4533945105315915,-8.366048819488666,-8.324497295448587,-0.9886438558031481,-4.587646417546907,-8.396008258660341,-5.310720457267311,-6.575046245762603,-7.936908925550677,-8.282100409060659,-2.58201221292731,-0.4887656263668063,-4.541842371549341,-3.7398484566208117,-8.652071850215819,-4.988490551847004,-4.715211067653648,-6.826238270183187,-3.2712634839569787,-4.067443591571072,-1.9424320700421545,-3.0346286342392306,-5.8024003022670145,-8.885338412401262,-8.443201984099415,-8.7063031163845,-8.52652963507649,-8.579592648018142,-6.533597179672193,-8.476706932573418,-5.684608446478348,-7.173982552916177,-8.081225103544124,-4.056664917460792,-0.7694540599289938,-4.083433707130945,-5.081835544575009,-7.75640900060081,-2.711350485434083,-7.157725954699702,-2.02051838331633,-5.623865536851536,-7.925793146566388,-8.198398153684238,-7.827821401667695,-2.370257664616955,-7.596114089434677,-4.494549923333746,-2.0437255164516444,-3.2256979073219636,-1.9848571344725796,-2.1519719843947716,-1.6963499701870646,-5.041262708092379,-5.106813433483435,-6.27264126570452,-2.178940978469665,-1.201368063268931,-3.577708510148475,-5.8614692126052335,-3.8543073542762514,-4.228811722572273,-8.614654113002635,-8.626812554938194,-3.1431814017194957,-6.9173777006610955,-5.042471232131458,-5.726512135045476,-5.987786904661286,-8.722451609136728],[-7.761835291802321,-7.459118454175268,-4.257143955696501,-7.351775467321513,-6.20544425148575,-8.120811873415125,-2.9987537262674944,-3.4077259875281256,-2.533962592395655,-3.5159992719828614,-5.832578476504585,-3.1721301985333037,-7.093654689961542,-3.042784601890685,-2.9915098577922596,-7.591043336874174,-6.809082209496699,-0.48194161959645854,-7.869207920887761,-4.456796554120704,-2.036646666031693,-5.094740325092381,-7.7724697979092605,-5.759010328532073,-2.607232133344314,-0.4392676806085838,-8.240828936671196,-7.1389140184379425,-7.404372380921703,-7.602496024267069,-7.901015424182748,-5.769413025698089,-4.259902100715339,-6.470269074161674,-2.3217220614298766,-7.676504704453756,-8.384791480144335,-8.13318817114881,-4.814689822217801,-7.647522207460507,-1.4418864014016606,-0.7293730920615085,-5.907670414469591,-4.18518595224619,-4.070416636086911,-8.15865741992112,-8.405498546334728,-8.48768447070063,-2.9025908943659555,-4.522774491552016,-2.222803165768439,-2.7836548955700557,-5.600786792804356,-8.508053440086712,-8.111070245500496,-8.806531118008929,-9.02238026215124,-8.761643735320199,-8.590616069701298,-8.85857224965456,-0.5335243362144748,-8.407718763198854,-1.1201371666310118,-8.339206710014265,-5.0792395808098405,-8.653949442519227,-7.186825260125201,-8.15208583090763,-2.688442963330286,-5.508006281722297,-8.759333927107715,-8.004764555796053,-8.650813588795765,-8.422709861372283,-8.481330337088593,-8.721105051957677,-8.30803792382892,-8.332650428118821,-9.065845201580508,-8.839693236259993,-9.72568638184503,-2.1571224780993763,-2.390986602571748,-3.015349402226657,-2.505997742969174,-2.4930834304318665,-2.952843041788009,-2.6180747225763232,-2.598989867078882,-2.997738351393717,-3.116112210797355,-3.3510602309823705,-3.2208271782364495,-3.056647538124307,-3.063454473700915,-5.013383153357086,-3.371035673650515,-8.309492665102693,-3.4329979679273315,-3.2501705818077964,-1.6890666358049762,-2.2514721775880737,-5.724303563553338,-2.3204260761880864,-1.3724794515226426,-4.541132537600921,-5.33734457180231,-9.244951242096299,-3.5272677012799525,-2.949643526518285,-3.6607026094066644,-3.553778136725905,-3.9708816919177075,-8.964888271658833,-5.139680298428264,-8.476556371952833,-6.5066417979523266,-4.624086196879942,-3.039218488219306,-2.189264385969264,-8.225408077462404,-8.344020893700504,-8.53907694948047,-8.462627163477741,-7.65010670292875,-5.49954507835726,-5.323715048654336,-8.78921134835592,-7.896890269983068,-8.501678320815063,-2.890412933518311,-8.118121553781915,-7.185458455968548,-8.429313460501412,-3.7279711193295832,-0.4373519782177171,-7.474054836171565,-6.885296576249888,-8.399623545879365,-1.3704782352176892,-1.3527262540522589,-7.170749775844266,-7.863320873734791,-7.985879681952678,-7.491182613951214,-8.166695773757702,-1.8443846507188466,-0.7055818576913797,-7.195075350777994,-4.9065459037184596,-8.180881848013279,-6.592593904419339,-8.400500021099642,-8.028176434595665,-2.8928810357973114,-5.03023691267345,-8.590343209955346,-6.268871908108393,-7.651741901141097,-8.476479141665742,-7.247775272636586,-8.970030114968148,-7.92169945135118,-1.9503093125690683,-2.2339352570293514,-2.978501702962311,-3.406443995433169,-3.913258521761643,-2.628007475103364,-3.1243090374222526,-3.0925586614950387,-2.321092942787913,-3.235410324925779,-8.01889999187266,-8.552144620670262,-3.293461584705712,-1.4482479671985837,-4.0873070028621,-3.2827949640324627,-4.4539279365182285,