{"EPOCHS":100,"Rs":[7],"num_results":{"cp_vb":{"log_Z":[-7585.860150711873],"inf_results":[[[-2.5183691297444746,-709.9933205219656,-2.033924352770235,-1.9426222838596008,-2.337074360939509,-1.13325065773566,-1.4851761870862168],[-14007.477181358847,-14007.477181358847,-1.0459553412375877,-3.797211212803616,-3.549092932743909,-14007.477181358847,-3.0482150523322593,-14007.477181358847,-1.8790771224320961,-14007.477181358847,-14007.477181358847,-14007.477181358847,-14007.477181358847,-3.838537033886758,-3.4118227709674462,-4.717357466815794,-14007.477181358847,-1.3355480811411953,-14007.477181358847,-2.7134948109263677,-13300.002229966625,-13300.002229966625,-13300.002229966625,-13300.002229966625,-13300.002229966625,-13300.002229966625,-13300.002229966625,-13300.002229966625,-13300.002229966625,-13300.002229966625,-13300.002229966625,-13300.002229966625,-13300.002229966625,-13300.002229966625,-13300.002229966625,-13300.002229966625,-13300.002229966625,-13300.002229966625,-13300.002229966625,-13300.002229966625,-0.5124959753992799,-14007.96162613582,-1.5823583247881965,-14007.96162613582,-14007.96162613582,-14007.96162613582,-2.1318472220647546,-14007.96162613582,-14007.96162613582,-14007.96162613582,-14007.96162613582,-2.8907864495694433,-14007.96162613582,-14007.96162613582,-14007.96162613582,-14007.96162613582,-3.906038967795937,-14007.96162613582,-14007.96162613582,-14007.96162613582,-0.8657657211199421,-1.1695408287007023,-6.230130668097505,-14008.052928204732,-14008.052928204732,-4.3657928937217765,-4.141460759108453,-4.7682947035443375,-14008.052928204732,-3.3220862866644234,-2.185487758291238,-2.660326667672247,-14008.052928204732,-14008.052928204732,-4.741039575648937,-14008.052928204732,-14008.052928204732,-14008.052928204732,-14008.052928204732,-14008.052928204732,-0.635559153164964,-14007.658476127652,-2.1336845467536785,-1.8335534554617734,-14007.658476127652,-14007.658476127652,-14007.658476127652,-14007.658476127652,-14007.658476127652,-14007.658476127652,-14007.658476127652,-2.4176775871125518,-2.6837285130542092,-4.632271801646954,-14007.658476127652,-6.177826017239854,-14007.658476127652,-4.684104297854194,-14007.658476127652,-4.5763749097678,-14008.862299830855,-2.338244454023372,-14008.862299830855,-2.063907602459242,-1.851940787216602,-3.743525588731613,-14008.862299830855,-14008.862299830855,-2.614150932561185,-2.681958347126404,-2.715604983497448,-14008.862299830855,-3.375767571025058,-14008.862299830855,-4.066706993169251,-2.0387407431707185,-2.800146930783975,-14008.862299830855,-3.2125118185886983,-2.2630555785786397,-14008.510374301504,-2.0418931075411706,-14008.510374301504,-4.5242520222382785,-3.381805764557299,-1.6468446933353214,-2.487471828432044,-1.7955258930765376,-3.342226106628713,-5.190703979027637,-3.2441199225349813,-3.213798089360412,-3.9136646495992435,-2.042827866112032,-2.4570702484581286,-14008.510374301504,-5.849593330582591,-4.115386309216649,-5.076820799313161,-14008.510374301504],[-1.1690883018537583,-3.5552304298882236,-14007.477181358847,-4.295817482694735,-3.2400936133242113,-0.8879518316242203,-14007.477181358847,-14007.477181358847,-3.23810028498372,-14007.477181358847,-14007.477181358847,-2.952953420412154,-4.9476137123381,-14007.477181358847,-2.6903661284854863,-14007.477181358847,-14007.477181358847,-3.6654650067518455,-14007.477181358847,-14007.477181358847,-13300.002229966625,-13300.002229966625,-13300.002229966625,-13300.002229966625,-13300.002229966625,-13300.002229966625,-13300.002229966625,-13300.002229966625,-13300.002229966625,-13300.002229966625,-13300.002229966625,-13300.002229966625,-13300.002229966625,-13300.002229966625,-13300.002229966625,-13300.002229966625,-13300.002229966625,-13300.002229966625,-13300.002229966625,-13300.002229966625,-14007.96162613582,-1.3939931416949483,-2.097282645871026,-7.3063111636185045,-14007.96162613582,-14007.96162613582,-14007.96162613582,-1.6280229876908079,-14007.96162613582,-3.786356630036284,-14007.96162613582,-14007.96162613582,-2.8988640535904118,-1.5898841340229497,-2.6080121747964258,-14007.96162613582,-14007.96162613582,-2.599839276419609,-14007.96162613582,-14007.96162613582,-14008.052928204732,-14008.052928204732,-14008.052928204732,-1.9057805203099765,-2.6929072065049917,-1.9473308082451064,-14008.052928204732,-14008.052928204732,-1.8104572457825396,-14008.052928204732,-14008.052928204732,-2.3521864489393307,-14008.052928204732,-14008.052928204732,-3.8542823105053516,-1.9034256457472942,-1.7424966175632912,-14008.052928204732,-3.3632874503312253,-14008.052928204732,-14007.658476127652,-14007.658476127652,-14007.658476127652,-14007.658476127652,-1.715586626577858,-14007.658476127652,-1.6113375955987257,-14007.658476127652,-14007.658476127652,-2.6256515674390037,-1.6368744161517563,-14007.658476127652,-14007.658476127652,-14007.658476127652,-14007.658476127652,-2.166723507252658,-14007.658476127652,-14007.658476127652,-3.0133064492481525,-1.6748330049207683,-1.6704766787613377,-1.7553954284964703,-5.483747777659653,-2.6050640365207345,-2.5308395493765055,-14008.862299830855,-14008.862299830855,-14008.862299830855,-3.616430476604976,-2.922149335512046,-3.166084507292952,-3.3193939021520604,-2.891951393593189,-7.758675501144135,-4.34206367046948,-2.080315259814096,-4.758725450349274,-14008.862299830855,-4.315733196588159,-2.2565854371009513,-1.1195841911491113,-3.1478517337049956,-1.7445261589726888,-14008.510374301504,-6.391604730292141,-4.824937582241144,-2.4587780311629324,-2.6311691566906523,-3.198820534389654,-4.32295471116139,-4.130364172511043,-5.645926056667832,-6.0904271658470615,-2.103460123205152,-14008.510374301504,-14008.510374301504,-14008.510374301504,-2.4261510969397078,-14008.510374301504,-14008.510374301504],[-1.004235633092276,-2.034746193929222,-1.233911174443703,-1.5592230519115944,-2100.001760132606,-2100.001760132606,-2100.001760132606,-2100.001760132606,-1.017182039573063,-1.9363895244886704,-1.24944616688793,-1.5771191423499014,-0.9421596201079314,-1.7470042332079787,-1.4085795524199263,-1.6576856950654077,-1.1052295250655586,-1.9202244340934378,-1.342439491599884,-1.3477548161239516,-1.1074203272213126,-2.005196741510492,-1.395135992128326,-1.249045629606548,-0.8856452809867248,-2.2090419146547378,-1.1768014301575782,-1.7781803893215828]]]},"cp_smc":{"log_Z":[-8340.322829692672],"inf_results":[{"S_R":[158.0,9403.0,2176.0,30.999999999999996,5.999999999999999,490.0,50.0],"S_IR":[[0.0,114.0,0.0,0.0,0.0,44.0,0.0,0.0,0.0,0.0,0.0,0.0,0.0,0.0,0.0,0.0,0.0,0.0,0.0,0.0],[1800.0000000000002,1180.0000000000002,261.00000000000006,723.0,747.0,611.0,94.0,33.0,407.00000000000006,346.00000000000006,548.0,433.00000000000006,262.00000000000006,26.0,357.00000000000006,529.0,283.00000000000006,124.0,178.0,461.00000000000006],[539.0,0.0,565.0,0.0,0.0,0.0,242.0,280.00000000000006,135.0,0.0,0.0,0.0,0.0,220.0,0.0,0.0,0.0,195.0,0.0,0.0],[0.0,0.0,0.0,0.0,0.0,0.0,0.0,0.0,0.0,0.0,0.0,0.0,0.0,0.0,0.0,0.0,0.0,0.0,0.0,31.0],[0.0,0.0,0.0,0.0,0.0,0.0,0.0,0.0,0.0,6.0,0.0,0.0,0.0,0.0,0.0,0.0,0.0,0.0,0.0,0.0],[0.0,0.0,0.0,0.0,0.0,0.0,139.0,166.0,0.0,0.0,23.0,0.0,11.999999999999998,150.0,0.0,0.0,0.0,0.0,0.0,0.0],[0.0,0.0,0.0,25.0,0.0,0.0,25.0,0.0,0.0,0.0,0.0,0.0,0.0,0.0,0.0,0.0,0.0,0.0,0.0,0.0]],