{"EPOCHS":100,"Rs":[15],"num_results":{"cp_vb":{"log_Z":[-5614.0972176268115],"inf_results":[[[-4.317363849174696,-1.9135598049194913,-2.0400981015312514,-2.842971193992895,-3.136135116054491,-3.432862231155153,-2.3561915878847834,-2.9275396584056654,-2.697879255658762,-4.474296911684875,-2.0549269564432304,-1.833081097578324,-4.070714859792569,-3.1672657565917026,-24.440926910056522],[-305.2227145220917,-305.2227145220917,-305.2227145220917,-305.2227145220917,-305.2227145220917,-305.2227145220917,-305.2227145220917,-305.2227145220917,-305.2227145220917,-305.2227145220917,-305.2227145220917,-305.2227145220917,-305.2227145220917,-305.2227145220917,-305.2227145220917,-305.2227145220917,-305.2227145220917,-0.8874470920002668,-305.2227145220917,-0.5396415387380102,-1.3055458495982544,-307.62651856634693,-2.9052712854315486,-2.0943447053654047,-2.140516890132262,-307.62651856634693,-307.62651856634693,-307.62651856634693,-2.604092719143253,-3.853985810224055,-307.62651856634693,-3.2041425776935353,-4.23645667760405,-307.62651856634693,-307.62651856634693,-2.397572053590584,-2.0121360595478874,-4.809588496221478,-3.0850814157428443,-307.62651856634693,-307.49998026973515,-1.6129339881774554,-2.29378012031426,-307.49998026973515,-2.9598814453083397,-1.2128931852846865,-2.353317807712876,-2.3016043456374007,-307.49998026973515,-2.7410576480514655,-307.49998026973515,-307.49998026973515,-307.49998026973515,-307.49998026973515,-307.49998026973515,-307.49998026973515,-307.49998026973515,-5.991035952238686,-4.060127662994297,-2.7055806526807586,-306.6971071772735,-306.6971071772735,-306.6971071772735,-306.6971071772735,-306.6971071772735,-1.4278583601063177,-2.4434681111169745,-0.7745465814818484,-306.6971071772735,-306.6971071772735,-2.677001868270695,-306.6971071772735,-306.6971071772735,-306.6971071772735,-2.294919933215311,-6.497164250761525,-4.695542764021382,-306.6971071772735,-5.041779353602168,-4.067427087115979,-0.6117748270510495,-306.4039432552119,-306.4039432552119,-1.5059381351731336,-306.4039432552119,-306.4039432552119,-306.4039432552119,-306.4039432552119,-4.0304427982402595,-306.4039432552119,-4.665521116501077,-2.3004466596221187,-2.292540315243139,-306.4039432552119,-306.4039432552119,-306.4039432552119,-306.4039432552119,-306.4039432552119,-306.4039432552119,-306.4039432552119,-306.10721614011123,-306.10721614011123,-0.8370232834648563,-306.10721614011123,-5.428413346681032,-306.10721614011123,-306.10721614011123,-5.100953366757577,-3.5064852278263428,-3.7881395900827015,-306.10721614011123,-306.10721614011123,-306.10721614011123,-5.683151837918363,-3.6662741829413834,-306.10721614011123,-306.10721614011123,-0.793748738358742,-306.10721614011123,-4.904518883466295,-307.18388678338164,-307.18388678338164,-3.178411971103936,-2.2322128305051248,-2.4611801353263676,-307.18388678338164,-307.18388678338164,-307.18388678338164,-1.9340530809685337,-307.18388678338164,-2.2489928984502416,-2.9839870910952366,-3.218456726747745,-1.4403295033528751,-2.076440422154006,-2.8692497097627,-307.18388678338164,-307.18388678338164,-307.18388678338164,-307.18388678338164,-1.7905360002069601,-306.6125387128607,-306.6125387128607,-306.6125387128607,-1.8775930897584079,-306.6125387128607,-2.5999234209595543,-306.6125387128607,-306.6125387128607,-306.6125387128607,-1.0870785448025968,-2.7044710855052823,-2.9145776955106912,-306.6125387128607,-5.122196800967566,-306.6125387128607,-3.6012292669118295,-4.699758197563895,-306.6125387128607,-2.3590359401589898,-306.8421991156076,-1.6395549192957057,-306.8421991156076,-1.445946991832865,-306.8421991156076,-306.8421991156076,-306.8421991156076,-6.773662782395313,-1.8226046768366801,-2.20975995910276,-2.6292194226303263,-2.647617647342315,-306.8421991156076,-5.759103660204213,-3.1265982358977755,-2.307049134325216,-306.8421991156076,-306.8421991156076,-306.8421991156076,-306.8421991156076,-305.0657814595815,-0.0602812637505048,-305.0657814595815,-305.0657814595815,-305.0657814595815,-305.0657814595815,-305.0657814595815,-305.0657814595815,-2.949969436858354,-305.0657814595815,-305.0657814595815,-305.0657814595815,-305.0657814595815,-305.0657814595815,-305.0657814595815,-305.0657814595815,-305.0657814595815,-305.0657814595815,-305.0657814595815,-305.0657814595815,-0.5631478034966122,-2.3216893874120954,-1.5431194101867307,-307.4851514148232,-307.4851514148232,-307.4851514148232,-2.20420573939686,-307.4851514148232,-307.4851514148232,-307.4851514148232,-307.4851514148232,-5.052094583585814,-307.4851514148232,-307.4851514148232,-307.4851514148232,-307.4851514148232,-307.4851514148232,-307.4851514148232,-307.4851514148232,-307.4851514148232,-0.6819510773173603,-1.0865190238951987,-3.878787472214556,-307.70699727368805,-3.3843203588698025,-4.1724578255407065,-5.607032338957161,-307.70699727368805,-307.70699727368805,-307.70699727368805,-307.70699727368805,-4.105280333519353,-307.70699727368805,-307.70699727368805,-307.70699727368805,-307.70699727368805,-307.70699727368805,-307.70699727368805,-307.70699727368805,-2.748454733184162,-305.46936351147383,-305.46936351147383,-305.46936351147383,-305.46936351147383,-305.46936351147383,-305.46936351147383,-305.46936351147383,-305.46936351147383,-305.46936351147383,-1.7454606933546724,-305.46936351147383,-305.46936351147383,-2.5726324089786643,-0.7815458479554405,-2.2238061695600546,-305.46936351147383,-305.46936351147383,-1.783871945772323,-305.46936351147383,-305.46936351147383,-306.3728126146747,-306.3728126146747,-306.3728126146747,-1.336930117809275,-1.3124153521564539,-306.3728126146747,-306.3728126146747,-306.3728126146747,-306.3728126146747,-306.3728126146747,-2.6640612383144884,-306.3728126146747,-2.5806167081787077,-306.3728126146747,-306.3728126146747,-1.1501084253736176,-306.3728126146747,-306.3728126146747,-306.3728126146747,-306.3728126146747,-285.0991514612099,-285.0991514612099,-285.0991514612099,-285.0991514612099,-285.0991514612099,-285.0991514612099,-285.0991514612099,-285.0991514612099,-285.0991514612099,-285.0991514612099,-285.0991514612099,-285.0991514612099,-285.0991514612099,-285.0991514612099,-285.0991514612099,-285.0991514612099,-285.0991514612099,-285.0991514612099,-285.0991514612099,-285.0991514612099],[-305.2227145220917,-2.343262249014352,-305.2227145220917,-305.2227145220917,-305.2227145220917,-0.8553835256790019,-305.2227145220917,-305.2227145220917,-305.2227145220917,-3.917179741613504,-305.2227145220917,-305.2227145220917,-305.2227145220917,-305.2227145220917,-305.2227145220917,-1.0912704211684003,-305.2227145220917,-305.2227145220917,-2.264556061266936,-305.2227145220917,-2.674626539328173,-0.6212766188973031,-307.62651856634693,-307.62651856634693,-307.62651856634693,-307.62651856634693,-4.496112074822749,-307.62651856634693,-307.62651856634693,-2.049710717212329,-3.1314982353640355,-3.0244712301834147,-2.285483810031363,-307.62651856634693,-307.62651856634693,-5.157485050470268,-307.62651856634693,-307.62651856634693,-4.704514891529481,-3.188954883939025,-0.36162340678018445,-307.49998026973515,-307.49998026973515,-307.49998026973515,-307.49998026973515,-307.49998026973515,-307.49998026973515,-5.141173731299853,-3.0003201027599333,-307.49998026973515,-307.49998026973515,-3.1258853178563752,-307.49998026973515,-6.216056665643802,-3.9292362657684317,-307.49998026973515,-307.49998026973515,-1.7185371849155722,-307.49998026973515,-307.49998026973515,-306.6971071772735,-2.374179947564665,-1.1035015118672291,-306.6971071772735,-4.459165000808285,-306.6971071772735,-1.889939432379924,-306.6971071772735,-306.6971071772735,-3.0467089011815203,-3.4404494224492135,-306.6971071772735,-306.6971071772735,-1.1197526952205195,-306.6971071772735,-306.6971071772735,-306.6971071772735,-306.6971071772735,-306.6971071772735,-306.6971071772735,-306.4039432552119,-306.4039432552119,-306.4039432552119,-306.4039432552119,-0.9008229502094576,-306.4039432552119,-306.4039432552119,-306.4039432552119,-1.7096443590091814,-306.4039432552119,-1.4402371816029493,-306.4039432552119,