{"EPOCHS":100,"Rs":[4],"num_results":{"cp_vb":{"log_Z":[-5333.446022180113],"inf_results":[[[-1.6233479816329073,-1.202370496614928,-1.374593434046603,-1.38969781447571],[-1.2854720274196696,-6.4119559960839485,-3.121868010751056,-2.327639971133748,-2.330848941965873,-3.7986089694213443,-3.6699839379457266,-5.115229926058452,-2.9544182313195595,-4.15613965955272,-2.8130037884048313,-2.7749844273531687,-4.388099971454073,-6.256114315411278,-5.619386552327106,-2.790513087467417,-2.4100249509213016,-5.071939308595008,-3.476168381534707,-3.626911678527512,-1.4346071177837807,-1.4236823000462584,-5.3525157518899915,-2.211133648401277,-2.627240298616461,-5.661455853790478,-6.557165946261527,-7.906706483661734,-3.557118821218391,-3.3540886442276587,-2.997474129491936,-3.6738836891183686,-3.399500818992524,-6.795011157960757,-4.434181802053589,-2.6875852442555113,-7.043907521373612,-5.978970998211398,-6.079605022546267,-2.713310280852184,-0.9492995752380855,-2.7703360868959637,-1.85525262080208,-6.872673816327211,-7.370630510432095,-3.7492218607563057,-2.6880457059852967,-2.3395688272059223,-3.9676104344010095,-5.6316510247266365,-4.563811055523722,-4.763159579626542,-6.54613187838556,-2.8685528230587343,-3.6934708693451195,-7.623176631976739,-6.879183577685144,-2.6237010410901433,-7.6048076603979275,-7.395015482148572,-7.351302481090181,-2.224106503034757,-2.521795926878447,-3.003330652287917,-2.7259866149427507,-1.7440042511212122,-2.9005860201885127,-2.837770383183516,-2.845095570093884,-3.3749697440809197,-3.1171747636303992,-3.8427286445383717,-3.8324604970942118,-2.7614598061662674,-2.9095598862301246,-3.6541678819928336,-4.187773134282452,-3.8951725114411384,-4.451779449880837,-3.4372226529431362],[-6.009554378663369,-0.6524051448925432,-6.243124139765369,-3.0287334918139965,-4.693679014231188,-5.68400512952099,-6.544350384402345,-6.94398424539179,-2.7007006851782407,-2.4345066699423947,-2.4624781128182454,-3.2671800375313556,-2.453833840599456,-5.46228230898701,-3.8218163140648995,-5.749875555200337,-6.458556247997802,-6.025743687096503,-6.477686235321306,-5.02429779775169,-6.348052359751011,-6.466789604077041,-6.272675012883622,-2.199300454600868,-1.8298718855082763,-4.046133312292193,-5.682434598901445,-7.4107041272117335,-3.5817496965103164,-4.498274728136236,-3.190489096273902,-3.521209669207641,-4.362415867369944,-6.613786209944233,-4.512303454734015,-1.3048626636000336,-2.427020712824752,-6.354330239597753,-3.3949541412016995,-1.7806268107616292,-6.772162786258054,-4.866379982314986,-1.9477053765566499,-6.331447102827257,-4.182276219057957,-1.6628262152496847,-1.9790661527173157,-1.8385501092718632,-3.941083211086279,-5.693115712095816,-5.529217119712147,-5.118751340702011,-6.263606147341694,-1.4751908429588765,-3.318586448323778,-6.284014661647971,-6.546947416278097,-3.349605928993431,-6.767797158715227,-7.059578687136763,-0.30998350796323315,-5.1707119560224815,-2.630207819933374,-5.546085923495484,-5.544526131771261,-6.292127512658341,-5.0453781830634,-6.755143201850354,-3.5107597710719896,-4.744002038016355,-5.498445762206307,-4.018916305761083,-5.990437295877837,-5.612481839022044,-4.904804170567862,-6.690477705305578,-6.566688569601596,-2.4349580144890464,-7.390015096470674,-6.358109223543706],[-1.0263117718546004,-1.5439610735801077,-1.3231595393546973,-1.8270264097924693,-1.5105128308975537,-1.2698419111225698,-1.821718328225348,-1.0907874640739665,-1.1239117774754304,-1.8246908916208833,-1.1090821175369534,-1.6976182305330605,-1.0297892883862012,-1.6509936317038818,-1.1714427757249029,-1.9633879864301038]]]},"cp_smc":{"log_Z":[-5522.092197772199],"inf_results":[{"S_R":[1671.0,2088.0,2279.0,1812.0],"S_IR":[[722.0,42.0,263.0,2.0,7.0,222.0,100.0,2.0,22.0,3.0,15.0,4.0,19.0,84.0,21.0,0.0,2.0,137.0,1.0,3.0],[44.0,274.0,219.0,53.0,102.0,165.0,135.0,307.0,138.0,67.0,90.0,39.0,27.0,150.0,133.0,23.0,20.0,52.0,18.0,32.0],[478.0,599.0,2.0,231.0,171.0,0.0,1.0,0.0,63.0,81.0,120.0,45.0,68.0,3.0,35.0,188.0,3.0,4.0,3.0,184.0],[535.0,0.0,67.0,226.0,173.0,47.0,50.0,8.0,77.0,29.0,94.0,127.0,28.0,5.0,0.0,97.0,147.0,6.0,53.0,43.0]],"S_JR":[[0.0,8.0,231.0,19.0,45.0,335.0,129.0,292.0,35.0,8.0,10.0,22.0,7.0,205.0,72.0,0.0,3.0,223.0,20.0,7.0],[1177.0,42.0,151.0,28.0,9.0,61.0,142.0,16.0,53.0,39.0,12.0,39.0,15.0,251.0,21.0,5.0,12.0,9.0,2.0,4.0],[135.0,15.0,22.0,241.0,325.0,26.0,4.0,2.0,50.0,27.0,64.0,65.0,29.0,8.0,21.0,592.0,201.0,8.0,53.0,391.0],[148.0,779.0,30.0,61.0,54.0,7.0,23.0,12.0,129.0,111.0,159.0,49.0,120.0,10.0,31.0,59.0,0.0,9.0,8.0,13.0]],"S_KR":[[499.0,305.0,499.0,368.0],[784.0,337.0,746.0,221.0],[489.0,649.0,334.0,807.0],[655.0,396.0,479.0,282.0]]}]}},"resampling_scheme":"systematic","datetime":"2020-06-26T17:36:18.208","N":78500,"M":[10,10],"durations":{"4:4":{"(Main.CP, \"vb\")":1.38,"(Main.CP, \"smc\")":15857.62}},"adaptive":true,"a":100.0,"resampling_freq":0}