{"EPOCHS":100,"Rs":[17],"num_results":{"cp_vb":{"log_Z":[-5365.59936370654],"inf_results":[[[-2.6033471646771105,-3.1674401733217703,-3.5765230248639766,-26.45273814787645,-2.4796639686370305,-2.8936983505602916,-3.194507616694356,-2.9596628288546665,-1.6955811599916704,-3.9724944543668235,-2.037498521783819,-2.346382316411323,-2.444980381136377,-2.664473163429953,-4.713824949567058,-3.5522758986219305,-7.449279529200439],[-346.93737333349924,-346.93737333349924,-0.7014140391369548,-346.93737333349924,-3.4156971245224,-346.93737333349924,-346.93737333349924,-0.7997070939901665,-346.93737333349924,-346.93737333349924,-346.93737333349924,-346.93737333349924,-346.93737333349924,-3.9554126611886233,-346.93737333349924,-346.93737333349924,-346.93737333349924,-346.93737333349924,-346.93737333349924,-346.93737333349924,-346.3732803248546,-1.2019266973746827,-2.7032567236838134,-346.3732803248546,-346.3732803248546,-346.3732803248546,-1.3697296063544258,-346.3732803248546,-346.3732803248546,-4.2450442718271315,-2.127556978425541,-346.3732803248546,-3.886135610741471,-346.3732803248546,-1.5883210392494416,-346.3732803248546,-4.670069390910909,-346.3732803248546,-346.3732803248546,-346.3732803248546,-345.96419747331237,-0.36272863235111075,-345.96419747331237,-345.96419747331237,-3.4470953128804602,-2.913149524632266,-3.6015721827225464,-345.96419747331237,-1.7060980184213914,-345.96419747331237,-345.96419747331237,-345.96419747331237,-345.96419747331237,-345.96419747331237,-345.96419747331237,-345.96419747331237,-345.96419747331237,-345.96419747331237,-345.96419747331237,-345.96419747331237,-323.0879823502999,-323.0879823502999,-323.0879823502999,-323.0879823502999,-323.0879823502999,-323.0879823502999,-323.0879823502999,-323.0879823502999,-323.0879823502999,-323.0879823502999,-323.0879823502999,-323.0879823502999,-323.0879823502999,-323.0879823502999,-323.0879823502999,-323.0879823502999,-323.0879823502999,-323.0879823502999,-323.0879823502999,-323.0879823502999,-0.2312348618201403,-3.0906521191142065,-1.8364590543348402,-347.0610565295393,-347.0610565295393,-347.0610565295393,-347.0610565295393,-347.0610565295393,-347.0610565295393,-347.0610565295393,-347.0610565295393,-347.0610565295393,-347.0610565295393,-347.0610565295393,-347.0610565295393,-347.0610565295393,-347.0610565295393,-347.0610565295393,-347.0610565295393,-347.0610565295393,-346.64702214761604,-346.64702214761604,-346.64702214761604,-3.7859307046270843,-346.64702214761604,-0.22590554479637692,-346.64702214761604,-2.1605981523142037,-346.64702214761604,-346.64702214761604,-346.64702214761604,-346.64702214761604,-3.6476025199744666,-346.64702214761604,-346.64702214761604,-346.64702214761604,-346.64702214761604,-346.64702214761604,-4.138379016624046,-4.106712851107128,-346.346212881482,-0.0156316522633535,-346.346212881482,-346.346212881482,-346.346212881482,-346.346212881482,-346.346212881482,-346.346212881482,-346.346212881482,-346.346212881482,-346.346212881482,-346.346212881482,-346.346212881482,-346.346212881482,-4.2815936272986495,-346.346212881482,-346.346212881482,-346.346212881482,-346.346212881482,-346.346212881482,-2.9126290145429987,-346.5810576693217,-1.4497862582429955,-346.5810576693217,-346.5810576693217,-346.5810576693217,-346.5810576693217,-346.5810576693217,-3.2511796883972814,-346.5810576693217,-346.5810576693217,-3.540283190874911,-346.5810576693217,-1.2306670047832569,-346.5810576693217,-346.5810576693217,-346.5810576693217,-1.0642305404657408,-346.5810576693217,-346.5810576693217,-347.84513933818465,-347.84513933818465,-347.84513933818465,-2.0972071389368487,-1.5059233719684153,-3.7941391062350593,-347.84513933818465,-347.84513933818465,-2.378248828639461,-2.978048514368595,-2.0722874352755856,-347.84513933818465,-3.5611777678503738,-347.84513933818465,-347.84513933818465,-2.2424565145138144,-2.288231007459842,-4.540187769031541,-3.2401803730737466,-2.608041580105672,-0.42396626827143447,-1.359749438473282,-345.56822604380955,-345.56822604380955,-345.56822604380955,-345.56822604380955,-345.56822604380955,-345.56822604380955,-2.5040118259053283,-345.56822604380955,-345.56822604380955,-345.56822604380955,-345.56822604380955,-345.56822604380955,-345.56822604380955,-345.56822604380955,-345.56822604380955,-345.56822604380955,-345.56822604380955,-345.56822604380955,-0.22948073729070195,-347.5032219763925,-347.5032219763925,-347.5032219763925,-347.5032219763925,-4.0110429905607985,-2.6356202946244833,-347.5032219763925,-347.5032219763925,-347.5032219763925,-3.0008051807752265,-2.9307941612735027,-347.5032219763925,-347.5032219763925,-5.342190021936025,-347.5032219763925,-5.419287781621227,-347.5032219763925,-347.5032219763925,-347.5032219763925,-1.6792504582981849,-2.3709173957230734,-3.2318757004865124,-1.5307071653604885,-347.19433818176503,-3.537604066759757,-347.19433818176503,-5.18187724264374,-347.19433818176503,-2.4949151945338635,-4.579590722685916,-2.363967968078371,-2.227569518243822,-347.19433818176503,-347.19433818176503,-4.180914391845228,-3.83252608717964,-347.19433818176503,-347.19433818176503,-2.4078153329735494,-347.09574011703995,-1.2025419203368442,-347.09574011703995,-347.09574011703995,-2.8213988217581467,-347.09574011703995,-1.7304393950719632,-347.09574011703995,-2.256119588862301,-347.09574011703995,-347.09574011703995,-347.09574011703995,-347.09574011703995,-1.840101822400852,-2.0135813978751917,-347.09574011703995,-347.09574011703995,-2.791688710219632,-347.09574011703995,-347.09574011703995,-1.1017586982703849,-346.8762473347464,-346.8762473347464,-2.0130224786569393,-2.138875053939418,-346.8762473347464,-346.8762473347464,-346.8762473347464,-3.1079321043680843,-346.8762473347464,-3.42486935871816,-3.6871500802299395,-346.8762473347464,-346.8762473347464,-3.3720925644599733,-1.3713578608328962,-346.8762473347464,-346.8762473347464,-3.983320003697479,-346.8762473347464,-344.8268955486093,-344.8268955486093,-344.8268955486093,-344.8268955486093,-344.8268955486093,-344.8268955486093,-344.8268955486093,-344.8268955486093,-344.8268955486093,-2.687497982103624,-344.8268955486093,-0.13122338376587983,-344.8268955486093,-344.8268955486093,-344.8268955486093,-3.210246968355886,-344.8268955486093,-344.8268955486093,-344.8268955486093,-344.8268955486093,-345.98844459955444,-345.98844459955444,-3.369075172077681,-1.007557232600405,-345.98844459955444,-345.98844459955444,-345.98844459955444,-345.98844459955444,-345.98844459955444,-1.9287133509534216,-2.478123639201988,-345.98844459955444,-345.98844459955444,-4.7634581656459165,-345.98844459955444,-345.98844459955444,-345.98844459955444,-345.98844459955444,-345.98844459955444,-1.0454332223595504,-342.0914409689759,-342.0914409689759,-342.0914409689759,-0.012284567127026857,-342.0914409689759,-342.0914409689759,-342.0914409689759,-342.0914409689759,-342.0914409689759,-342.0914409689759,-342.0914409689759,-342.0914409689759,-342.0914409689759,-342.0914409689759,-342.0914409689759,-342.0914409689759,-342.0914409689759,-342.0914409689759,-342.0914409689759,-342.0914409689759],[-0.9506938780060095,-2.240937271173169,-346.93737333349924,-5.399574147048945,-346.93737333349924,-6.052542374752414,-1.944871507604594,-346.93737333349924,-346.93737333349924,-346.93737333349924,-346.93737333349924,-346.93737333349924,-5.364765931798941,-1.1667180526600474,-346.93737333349924,-346.93737333349924,-346.93737333349924,-3.3452268370251206,-346.93737333349924,-346.93737333349924,-346.3732803248546,-346.3732803248546,-1.2348512107305742,-346.3732803248546,-346.3732803248546,-1.9972162692822013,-3.143004040353114,-1.585517601675523,-1.9318143589966201,-3.766978441400795,-346.3732803248546,-2.0711730304975617,-346.3732803248546,-346.3732803248546,-346.3732803248546,-346.3732803248546,-346.3732803248546,-346.3732803248546,-3.8761208368698616,-346.3732803248546,-345.96419747331237,-345.96419747331237,-2.4303152747724552,-345.96419747331237,-345.96419747331237,-345.96419747331237,-345.96419747331237,-3.557926216714669,-345.96419747331237,