{"EPOCHS":100,"Rs":[2,3,4],"num_results":{"cp_vb":{"log_Z":[-6502.5238885493745,-6556.855357188164,-6575.940002746604],"inf_results":[[[-0.5595621515630071,-0.8475180260721196],[-1.544902357777846,-1.8557890792463088,-4.767349938377199,-2.183485357743433,-2.323859134521295,-4.990439882396285,-5.694162926905905,-4008.9854487440557,-3.124067746928752,-3.385078794242304,-2.838551303975825,-3.21637178550142,-3.565036028723431,-4008.9854487440557,-4.5436987775561715,-2.68016789665164,-3.2998961767624566,-5.6569033915689895,-4.097834249592425,-2.8422083887146394,-1.41009283338445,-2.7605363972688153,-1.8826362304604958,-6.379425458374691,-5.565137473063611,-2.123024580064776,-2.5226122583601365,-2.363363915628038,-3.4983611935441496,-4.822994017389186,-4.103532315332738,-4.590655115788362,-5.476126025901516,-2.633817140343571,-3.17689825072767,-4008.6974928695467,-6.40776227014678,-2.9148509389668433,-4008.6974928695467,-4008.6974928695467],[-1.9174453807564227,-1.8870376868737804,-5.190574579666721,-2.566792433762701,-2.3752995350244124,-4.689626729314729,-6.651418067086645,-4008.9854487440557,-3.269837347312733,-3.31464160709138,-3.014917115226279,-3.4962411942494844,-3.269906041264428,-4008.9854487440557,-4.367938901865672,-1.929402147544911,-3.035681270718605,-5.2391480244057576,-3.9958367922904063,-2.3815704173327523,-1.436467582481309,-3.0249071934045757,-2.109366249268879,-6.840985793395873,-5.419622809343769,-2.162838133931749,-2.446638655944642,-2.347689638656142,-3.561677582194249,-5.077996572132475,-4.943446581070997,-4.48215139050736,-4008.6974928695467,-1.9605357365973184,-3.653226598251641,-6.85790431592856,-4008.6974928695467,-2.708118884807594,-4008.6974928695467,-4008.6974928695467],[-1.288461951067883,-1.4055156326569023,-1.4970672793943711,-1.366707146126556,-1.0395457131020835,-1.7474826651906756,-1.161125011739049,-1.841413202460875]],[[-0.9165253934419173,-1.8834162079364667,-0.8031925452592787],[-1.3880729732491233,-2.9171075564565374,-1.8182335046427855,-6008.62862253829,-6008.62862253829,-2.0360965428829543,-2.433235879781239,-2.2943568115543203,-3.2609170543180745,-5.734261808873871,-6008.62862253829,-6008.62862253829,-6008.62862253829,-2.5815341207856566,-3.277326099109083,-6008.62862253829,-6008.62862253829,-2.8410992313864067,-6008.62862253829,-6008.62862253829,-1.778068687937835,-1.7696157147349236,-6007.661731723795,-6007.661731723795,-1.7772633167652314,-6007.661731723795,-4.828866559502426,-6007.661731723795,-6007.661731723795,-3.1509515891141504,-2.0229997915963516,-2.7455518285902896,-3.3982725064757973,-6007.661731723795,-3.528222225092399,-2.6833154092003477,-6007.661731723795,-6007.661731723795,-3.319509252736398,-2.6260378593789167,-1.489896249200533,-1.8728723625955226,-4.463898128878384,-1.9276657733759537,-2.6429519099828083,-5.019269283222204,-6008.741955386472,-6008.741955386472,-2.979822591020243,-3.4006750698349215,-3.089040723201638,-3.242466558503999,-3.548941807210727,-6.907354350185215,-4.637869658470761,-2.7470043752437077,-3.020428188808091,-5.470199697586199,-4.736628872881943,-3.0023937194340125],[-1.4462815130755224,-3.013207338530388,-2.1328825028280054,-5.569736009860997,-6008.62862253829,-2.1701621830529936,-2.4323082705952013,-2.2957662760358852,-3.683550415977095,-4.85291183702401,-4.993519959389182,-4.545876157552572,-5.181053702301065,-1.9822342356946097,-3.657408313266651,-6008.62862253829,-7.711555915693666,-2.6867800880188835,-6008.62862253829,-6008.62862253829,-1.1848758663599082,-6007.661731723795,-3.1531370562551233,-1.3893242866806066,-6007.661731723795,-5.2371279426356105,-6007.661731723795,-6007.661731723795,-2.136727785856513,-2.5910488054869845,-6007.661731723795,-6007.661731723795,-2.416847035685498,-3.8540052833211775,-6007.661731723795,-3.8783898481879,-6007.661731723795,-6007.661731723795,-2.671983746003039,-6007.661731723795,-2.2945324931560416,-1.6301118999198163,-5.9084667585618975,-4.52676130541184,-2.0954309093856924,-4.024903377085901,-5.106961331810897,-6.564753716443827,-4.342816120325319,-3.9230339989552787,-2.7591249371438087,-3.218429086956669,-4.349995735188935,-5.472809496471095,-4.021628323503395,-1.7187988508985104,-2.8007978322995877,-4.631861884280278,-6008.741955386472,-2.137940224681718],[-1.0348190132887982,-1.748897057862262,-1.1668373656054456,-1.839381021033212,-1.1264454329396916,-1.7322965021526828,-1.06268884073753,-1.8828417778892002,-1.3371113214151942,-1.33168194161067,-1.662659418225621,-1.2612366588066042]],[[-1.3159826627905415,-1.3119385348309587,-1.3824070599374192,-1.5543483060841048],[-0.9338219311030906,-8008.229233793255,-8008.229233793255,-2.1946519162567695,-8008.229233793255,-5.249124016038225,-8008.229233793255,-8008.229233793255,-2.9689408318003547,-3.7952114826087087,-2.4378264563903995,-2.8246646328579716,-3.4275671305619815,-8008.229233793255,-8008.229233793255,-2.1550376831411118,-2.824365753966797,-8008.229233793255,-4.502424679402563,-3.0285565763184152,-1.1608753737854522,-2.0484160509455087,-2.15969901686925,-8008.233277921215,-3.4010908210296664,-2.0860998376376543,-2.7405622712503996,-2.369497256201731,-4.281733016018135,-8008.233277921215,-8008.233277921215,-4.2981242677988565,-5.638629532020786,-2.8776192460638237,-3.46014346542898,-8008.233277921215,-8008.233277921215,-5.216927951052422,-8008.233277921215,-8008.233277921215,-8008.162809396108,-3.010290868348049,-1.8956585742123924,-3.271678092433672,-2.287757427142365,-2.5170903263714344,-2.5846400744557707,-2.812601889526486,-2.503356370430139,-3.3393689977122456,-8008.162809396108,-3.493768216106206,-4.203301612316587,-2.781307579222184,-3.0991723926766745,-3.4427164367216267,-3.755888180060971,-2.406612583678588,-3.660436059060754,-8008.162809396108,-1.751166200501376,-1.115156023368164,-5.1400938669021805,-2.109428670172986,-2.2148794077661087,-8007.990868149962,-8007.990868149962,-8007.990868149962,-8007.990868149962,-3.2977002070264136,-2.5152734684350717,-8007.990868149962,-3.8673068332378002,-8007.990868149962,-3.940245715115738,-8007.990868149962,-8007.990868149962,-5.273169321993542,-8007.990868149962,-2.344111395509394],[-8008.229233793255,-1.285622319508784,-4.0151074559526005,-2.3952581512307045,-2.1219156711935776,-2.609774092482459,-8008.229233793255,-8008.229233793255,-3.0524001241762804,-2.90196378187545,-2.6905929767046075,-3.1440578783320925,-8008.229233793255,-8008.229233793255,-3.1596320868394683,-2.955932066422709,-8008.229233793255,-5.162734288158866,-8008.229233793255,-2.2554603180236015,-15.191445984890379,-8008.233277921215,-1.7437835925773388,-2.6057554720241276,-4.606795128312056,-8008.233277921215,-1.9894941636141343,-1.8966062435960325,-2.824630160631286,-8008.233277921215,-4.906084969469621,-3.23446774216096,-8008.233277921215,-1.5613781785631016,-8008.233277921215,-8008.233277921215,-3.7106665844768316,-2.192653188909202,-8008.233277921215,-8008.233277921215,-0.524017871199403,-2.021569162870506,-4.371017763689855,-8008.162809396108,-8008.162809396108,-1.9757716527365625,-8008.162809396108,-8008.162809396108,-8008.162809396108,-3.5527580492154076,-4.538860677066235,-8008.162809396108,-3.285706158507314,-5.102630117973996,-3.584872756469024,-4.948807955023879,-8008.162809396108,-8008.162809396108,-5.537677008970646,-8008.162809396108,-1.7359419639034224,-8007.990868149962,-8007.990868149962,-8007.990868149962,-2.3501436359937715,-8007.990868149962,-5.346317797778667,-6.086680088577804,-3.709617280554213,-4.975126609634648,-3.263081618773353,-8007.990868149962,-2.846445972378887,-4.584054678388302,-8007.990868149962,-1.1391101824253953,-2.3183064869006698,-8007.990868149962,-3.106381975528569,-2.149564610740889],[-1.4306575285942174,-1.5271700475746846,-1.3569181713016683,-1.253395083081096,-1.015699385680385,-1.7054603117425637,-1.2257530626849773,-1.8206763979798772,-0.9629136842009487,-1.6217395345619297,-1.1832034580549058,-2.174990777012513,-1.4127668534105355,-1.2944768116558167,-1.7437056516378187,-1.1818366900635873]]]},