{"EPOCHS":100,"Rs":[16],"num_results":{"cp_vb":{"log_Z":[-5323.549353546259],"inf_results":[[[-25.44718599375175,-4.031055867676384,-25.44718599375175,-3.458735951414674,-3.5468823966209913,-1.533959451332291,-5.139861369949562,-3.7536375718054638,-2.3383236888164305,-2.229401480356888,-1.687949675653316,-1.8335894650242786,-3.5125733597122597,-5.258963458238599,-3.3520786524672967,-2.8595437033657065],[-304.0932334617882,-304.0932334617882,-304.0932334617882,-304.0932334617882,-304.0932334617882,-304.0932334617882,-304.0932334617882,-304.0932334617882,-304.0932334617882,-304.0932334617882,-304.0932334617882,-304.0932334617882,-304.0932334617882,-304.0932334617882,-304.0932334617882,-304.0932334617882,-304.0932334617882,-304.0932334617882,-304.0932334617882,-304.0932334617882,-325.50936358786356,-325.50936358786356,-325.50936358786356,-0.04531378142930098,-325.50936358786356,-325.50936358786356,-325.50936358786356,-325.50936358786356,-325.50936358786356,-325.50936358786356,-325.50936358786356,-325.50936358786356,-325.50936358786356,-325.50936358786356,-325.50936358786356,-325.50936358786356,-325.50936358786356,-325.50936358786356,-3.209794968799212,-325.50936358786356,-304.0932334617882,-304.0932334617882,-304.0932334617882,-304.0932334617882,-304.0932334617882,-304.0932334617882,-304.0932334617882,-304.0932334617882,-304.0932334617882,-304.0932334617882,-304.0932334617882,-304.0932334617882,-304.0932334617882,-304.0932334617882,-304.0932334617882,-304.0932334617882,-304.0932334617882,-304.0932334617882,-304.0932334617882,-304.0932334617882,-1.133073406996849,-1.3591390756018074,-326.0816835041253,-326.0816835041253,-326.0816835041253,-326.0816835041253,-326.0816835041253,-326.0816835041253,-326.0816835041253,-2.1337719021564316,-326.0816835041253,-326.0816835041253,-326.0816835041253,-326.0816835041253,-4.132965238599855,-326.0816835041253,-326.0816835041253,-326.0816835041253,-326.0816835041253,-1.2786230359918163,-325.99353705891895,-325.99353705891895,-325.99353705891895,-325.99353705891895,-325.99353705891895,-325.99353705891895,-325.99353705891895,-325.99353705891895,-325.99353705891895,-325.99353705891895,-1.9191163367854442,-325.99353705891895,-325.99353705891895,-325.99353705891895,-2.1648077910598196,-0.48245952980042883,-325.99353705891895,-325.99353705891895,-325.99353705891895,-2.168087229444512,-0.7076232447739788,-1.640786361234574,-328.00646000420767,-4.2921046105320855,-2.0323202994004577,-328.00646000420767,-4.925529435618952,-328.00646000420767,-5.259349146738044,-4.698319107937637,-2.546505921755066,-3.4673593539837397,-4.075770128598697,-5.819857791327208,-4.245156849752732,-328.00646000420767,-328.00646000420767,-328.00646000420767,-328.00646000420767,-328.00646000420767,-324.4005580855904,-1.9242921614271025,-324.4005580855904,-324.4005580855904,-324.4005580855904,-324.4005580855904,-324.4005580855904,-324.4005580855904,-324.4005580855904,-324.4005580855904,-324.4005580855904,-0.5679103698758712,-324.4005580855904,-324.4005580855904,-1.3293899539254266,-324.4005580855904,-324.4005580855904,-324.4005580855904,-324.4005580855904,-324.4005580855904,-325.7867818837345,-325.7867818837345,-0.7081407819455823,-325.7867818837345,-325.7867818837345,-325.7867818837345,-325.7867818837345,-4.902299002431278,-325.7867818837345,-325.7867818837345,-325.7867818837345,-325.7867818837345,-325.7867818837345,-0.7386149769873267,-325.7867818837345,-325.7867818837345,-325.7867818837345,-325.7867818837345,-325.7867818837345,-4.264559616205184,-327.2020957667235,-327.2020957667235,-327.2020957667235,-327.2020957667235,-327.2020957667235,-1.4305720832533089,-327.2020957667235,-0.9419969830815491,-3.4764092794310724,-327.2020957667235,-327.2020957667235,-327.2020957667235,-327.2020957667235,-1.7645863646232334,-1.8411121958940884,-327.2020957667235,-4.988072482144525,-327.2020957667235,-327.2020957667235,-327.2020957667235,-327.31101797518306,-327.31101797518306,-327.31101797518306,-327.31101797518306,-327.31101797518306,-2.6882114344830166,-1.9607516351345247,-3.8014571009029736,-327.31101797518306,-2.8720484441984633,-327.31101797518306,-2.442779825852824,-2.1823300741994034,-3.8834210798958306,-327.31101797518306,-1.6802831391432447,-327.31101797518306,-2.8843663965082,-2.601043150516989,-1.7737396359025226,-327.85246977988663,-1.4124906727038535,-2.0747097068204017,-1.6773459385553382,-2.1272467727864655,-5.142207847586258,-327.85246977988663,-327.85246977988663,-2.078026409988327,-2.8312767517735704,-2.4995086511726115,-4.049589481931016,-327.85246977988663,-327.85246977988663,-327.85246977988663,-327.85246977988663,-3.435558750701515,-327.85246977988663,-327.85246977988663,-327.85246977988663,-0.6509596344277169,-327.70682999051564,-1.6018664461347205,-327.70682999051564,-327.70682999051564,-327.70682999051564,-2.108701722298288,-327.70682999051564,-3.7296952043179425,-327.70682999051564,-327.70682999051564,-4.581944977598889,-327.70682999051564,-327.70682999051564,-327.70682999051564,-327.70682999051564,-327.70682999051564,-2.1262697379310556,-327.70682999051564,-327.70682999051564,-1.878994605289567,-326.02784609582767,-2.3102165756199784,-326.02784609582767,-326.02784609582767,-0.29634484203443545,-326.02784609582767,-326.02784609582767,-326.02784609582767,-326.02784609582767,-326.02784609582767,-326.02784609582767,-326.02784609582767,-326.02784609582767,-326.02784609582767,-326.02784609582767,-326.02784609582767,-326.02784609582767,-326.02784609582767,-326.02784609582767,-324.28145599730135,-324.28145599730135,-324.28145599730135,-324.28145599730135,-324.28145599730135,-324.28145599730135,-324.28145599730135,-324.28145599730135,-324.28145599730135,-324.28145599730135,-324.28145599730135,-324.28145599730135,-324.28145599730135,-324.28145599730135,-324.28145599730135,-1.4572878655297994,-1.9848040136558724,-324.28145599730135,-2.0552301372624373,-0.7674188474330399,-326.18834080307266,-326.18834080307266,-326.18834080307266,-1.2047263622816837,-326.18834080307266,-3.2773002785823855,-326.18834080307266,-326.18834080307266,-2.0437691092272163,-326.18834080307266,-2.1522669950698456,-326.18834080307266,-326.18834080307266,-326.18834080307266,-326.18834080307266,-326.18834080307266,-0.8932695602352307,-326.18834080307266,-326.18834080307266,-326.18834080307266,-0.9594007864171461,-1.0295297971225956,-326.68087575217425,-326.68087575217425,-2.0714367359648227,-326.68087575217425,-6.670806513120725,-326.68087575217425,-3.2530524328868182,-326.68087575217425,-326.68087575217425,-3.0370939713741287,-3.3050861538729346,-326.68087575217425,-326.68087575217425,-326.68087575217425,-326.68087575217425,-6.495304739887701,-326.68087575217425,-326.68087575217425],[-304.0932334617882,-304.0932334617882,-304.0932334617882,-304.0932334617882,-304.0932334617882,-304.0932334617882,-304.0932334617882,-304.0932334617882,-304.0932334617882,-304.0932334617882,-304.0932334617882,-304.0932334617882,-304.0932334617882,-304.0932334617882,-304.0932334617882,-304.0932334617882,-304.0932334617882,-304.0932334617882,-304.0932334617882,-304.0932334617882,-325.50936358786356,-325.50936358786356,-325.50936358786356,-325.50936358786356,-325.50936358786356,-325.50936358786356,-325.50936358786356,-325.50936358786356,-3.637803434279966,-2.970264223730153,-0.7925102817719702,-325.50936358786356,-325.50936358786356,-325.50936358786356,-325.50936358786356,-325.50936358786356,-325.50936358786356,-325.50936358786356,-325.50936358786356,-0.7793519093277226,-304.0932334617882,-304.0932334617882,-304.0932334617882,-304.0932334617882,-304.0932334617882,-304.0932334617882,-304.0932334617882,-304.0932334617882,-304.0932334617882,-304.0932334617882,-304.0932334617882,-304.0932334617882,-304.0932334617882,-304.0932334617882,-304.0932334617882,-304.0932334617882,-304.0932334617882,-304.0932334617882,-304.0932334617882,-304.0932334617882,-326.0816835041253,-326.0816835041253,-326.0816835041253,-326.0816835041253,-1.9768471058146524,-326.0816835041253,-326.0816835041253,-326.0816835041253,