{"EPOCHS":100,"Rs":[3],"num_results":{"td_smc":{"log_Z":[-6872.545662287097],"inf_results":[{"S_R":[[[1.0,56.0,0.0],[1.0,0.0,0.0],[0.0,39.0,13.000000000000002]],[[367.00000000000006,0.0,1.0],[0.0,0.0,0.0],[0.0,0.0,1.0]],[[337.00000000000006,795.0,1042.0],[96.0,49.0,1673.0],[950.0,1180.0,1249.0]]],"S_IR":[[0.0,6.0,0.0,512.0,0.0,0.0,94.0,3.0,0.0,0.0,319.0,214.99999999999997,141.99999999999997,0.0,0.0,0.0,0.0,198.99999999999997,0.0,262.0],[0.0,727.0,0.0,0.0,453.0,0.0,0.0,0.0,277.0,179.99999999999997,0.0,0.0,0.0,4.0,0.0,306.0,171.99999999999997,0.0,0.0,0.0],[1779.0,181.99999999999997,551.0,0.0,0.0,434.0,191.99999999999997,314.0,23.0,0.0,0.0,0.0,0.0,237.99999999999997,188.99999999999997,2.0,0.0,0.0,75.0,0.0]],"S_JR":[[0.0,0.0,87.0,0.0,433.0,429.0,111.0,0.0,118.0,184.99999999999997,0.0,0.0,170.99999999999997,0.0,110.0,656.0,215.99999999999997,0.0,83.0,0.0],[0.0,0.0,347.0,0.0,0.0,0.0,186.99999999999997,322.0,148.99999999999997,0.0,56.0,0.0,0.0,474.0,35.0,0.0,0.0,248.99999999999997,0.0,0.0],[1460.0,844.0,0.0,349.0,0.0,0.0,0.0,0.0,0.0,0.0,188.99999999999997,174.99999999999997,0.0,0.0,0.0,0.0,0.0,0.0,0.0,415.0]],"S_KR":[[0.0,110.0,0.0,0.0],[49.99999999999999,117.0,46.99999999999999,154.99999999999997],[2376.9999999999995,1460.0,2011.0,1523.0]]}]},"td_vb":{"log_Z":[-6343.9239281973005],"inf_results":[[[-36.48622049094615,-36.486220490930044,-36.486220490953585,-36.48622049096862,-3.326252399500162,-4.929017669066408,-4.157103380186051,-36.48622049094167,-6.948251788525244,-36.48622049096518,-36.48622049092501,-2.4753375812222167,-2.715568909252534,-36.486220490951496,-36.486220490884016,-36.48622049095452,-1.4102304595698474,-2.209034286508591,-2.3040491899839637,-2.10704157360233,-2.369609330323237,-2.117836176798666,-36.48622049092576,-36.48622049097561,-36.48622049097008,-36.48622049093645,-36.486220490980386],[-1.366457147936452,-3.4549434456835435,-1.4607429279439703,-68.32172936642121,-68.32172936642121,-4.1063042042847435,-2.117299381007336,-2.0142239812402654,-3.7365361049174215,-68.32172936642121,-68.32172936642121,-68.32172936642121,-68.32172936642121,-2.284661098493536,-68.32172936642121,-68.32172936642121,-68.32172936642121,-2.480726179692298,-68.32172936642121,-68.32172936642121,-0.9890580697420503,-1.3241249911062694,-68.60657948995899,-68.60657948995899,-3.0085353682160996,-68.60657948995899,-68.60657948995899,-68.60657948995899,-68.60657948995899,-2.866181073111707,-2.892330090867441,-68.60657948995899,-3.104030843888702,-68.60657948995899,-2.8172628274360427,-2.8023032766156843,-68.60657948995899,-68.60657948995899,-68.60657948995899,-3.390920309572376,-68.30081305025449,-68.30081305025449,-68.30081305025449,-1.5133036524608334,-2.0591892353063592,-1.7744173299449084,-68.30081305025449,-68.30081305025449,-2.259733025810788,-68.30081305025449,-2.786788771489988,-2.382295639592921,-68.30081305025449,-68.30081305025449,-68.30081305025449,-2.9998934278113323,-2.6060021204977994,-68.30081305025449,-3.43965366288438,-2.708471759535426],[-0.9660216222222564,-1.3127539418887562,-1.9784031972420904,-68.60046273096367,-5.307902454928296,-68.60046273096367,-68.60046273096367,-68.60046273096367,-3.28174509467239,-68.60046273096367,-68.60046273096367,-3.306296433157576,-2.911499184502948,-68.60046273096367,-68.60046273096367,-68.60046273096367,-68.60046273096367,-2.5600848970415964,-68.60046273096367,-68.60046273096367,-1.9146987142684182,-68.0480660883163,-68.0480660883163,-68.0480660883163,-68.0480660883163,-1.4376071589706632,-1.8024663019848397,-1.7248872327968483,-68.0480660883163,-68.0480660883163,-4.81774392088716,-68.0480660883163,-68.0480660883163,-1.3377497218219814,-68.0480660883163,-68.0480660883163,-68.0480660883163,-68.0480660883163,-68.0480660883163,-68.0480660883163,-68.52615528485397,-68.52615528485397,-68.52615528485397,-2.1223398189690865,-1.9441123035157704,-68.52615528485397,-68.52615528485397,-68.52615528485397,-2.97691679620657,-2.7582851976197285,-2.5403477870294138,-3.8961648966672957,-68.52615528485397,-68.52615528485397,-3.002629378886617,-1.4906023893404017,-2.6029870719290136,-6.231483861122193,-3.5630198027371884,-1.9489127897207403],[-1.1405753443634596,-1.3404196102262862,-1.4316991149803906,-1.7341835418417118,-1.4661410154448067,-1.4154164331089154,-1.553260144396007,-1.1570092322208527,-0.9208715978888184,-1.738525271270543,-1.1280530729589868,-2.2832998987958923]]]}},"resampling_scheme":"systematic","datetime":"2020-06-29T08:16:13.162","N":78500,"M":[1,1],"durations":{"3:3":{"(Main.TD, \"vb\")":0.85,"(Main.TD, \"smc\")":3741.4}},"adaptive":true,"a":1.0,"resampling_freq":0}