{"EPOCHS":100,"Rs":[6],"num_results":{"td_smc":{"log_Z":[-6333.012470326089],"inf_results":[{"S_R":[[[0.0,0.0,84.0,0.0,0.0,0.0],[0.0,0.0,0.0,0.0,0.0,0.0],[0.0,0.0,0.0,0.0,0.0,0.0],[0.0,0.0,0.0,0.0,0.0,0.0],[159.0,0.0,0.0,0.0,0.0,0.0],[0.0,0.0,0.0,0.0,0.0,0.0]],[[0.0,0.0,0.0,0.0,0.0,0.0],[614.9999999999999,0.0,0.0,0.0,0.0,0.0],[0.0,0.0,0.0,0.0,0.0,0.0],[0.0,0.0,0.0,0.0,0.0,0.0],[0.0,0.0,0.0,0.0,0.0,0.0],[0.0,0.0,42.00000000000001,335.0,0.0,0.0]],[[0.0,12.0,28.0,0.0,0.0,0.0],[0.0,191.0,0.0,0.0,0.0,0.0],[0.0,0.0,0.0,0.0,0.0,0.0],[0.0,0.0,0.0,0.0,0.0,0.0],[49.00000000000001,0.0,76.0,0.0,0.0,0.0],[0.0,0.0,0.0,0.0,0.0,0.0]],[[782.9999999999999,0.0,0.0,0.0,1294.0,62.00000000000001],[0.0,0.0,0.0,1387.0,0.0,0.0],[0.0,0.0,127.99999999999999,0.0,44.00000000000001,0.0],[0.0,4.0,0.0,888.9999999999999,0.0,0.0],[0.0,0.0,0.0,0.0,0.0,0.0],[0.0,0.0,0.0,0.0,0.0,0.0]],[[0.0,0.0,0.0,0.0,0.0,0.0],[0.0,0.0,0.0,0.0,0.0,881.9999999999999],[0.0,0.0,0.0,0.0,0.0,0.0],[59.00000000000001,0.0,0.0,0.0,0.0,0.0],[0.0,0.0,0.0,0.0,287.0,0.0],[0.0,0.0,0.0,0.0,0.0,0.0]],[[0.0,0.0,0.0,0.0,0.0,0.0],[0.0,0.0,241.0,0.0,0.0,0.0],[0.0,0.0,0.0,0.0,0.0,0.0],[0.0,0.0,5.0,0.0,0.0,4.0],[0.0,190.0,0.0,0.0,0.0,0.0],[0.0,0.0,0.0,0.0,0.0,0.0]]],"S_IR":[[0.0,492.0,0.0,352.0,0.0,0.0,0.0,0.0,179.0,0.0,318.0,0.0,80.99999999999999,0.0,37.0,0.0,3.0,0.0,0.0,203.0],[0.0,0.0,0.0,0.0,224.0,0.0,0.0,0.0,0.0,0.0,0.0,105.99999999999999,0.0,0.0,56.0,0.0,0.0,0.0,11.0,0.0],[0.0,0.0,0.0,0.0,3.0,254.0,0.0,0.0,120.99999999999999,180.0,0.0,15.0,3.9999999999999996,0.0,27.0,0.0,0.0,0.0,0.0,0.0],[1063.9999999999998,68.99999999999999,526.0,0.0,0.0,125.99999999999999,184.0,317.0,0.0,0.0,0.0,0.0,0.0,242.0,68.99999999999999,0.0,10.0,0.0,3.9999999999999996,0.0],[715.0,354.0,25.0,0.0,226.0,0.0,0.0,0.0,0.0,0.0,0.0,52.0,57.0,0.0,0.0,196.0,0.0,0.0,0.0,0.0],[0.0,0.0,0.0,160.0,0.0,54.0,101.99999999999999,0.0,0.0,0.0,1.0,42.0,0.0,0.0,0.0,111.99999999999999,159.0,199.0,60.0,59.0]],"S_JR":[[0.0,0.0,0.0,347.0,414.0,87.99999999999999,54.0,0.0,0.0,0.0,0.0,1.0,0.0,0.0,0.0,647.0,214.0,0.0,82.99999999999999,415.0],[1144.9999999999998,844.0,434.0,0.0,0.0,341.0,0.0,0.0,0.0,22.0,245.0,174.0,65.99999999999999,0.0,0.0,0.0,0.0,45.0,0.0,0.0],[0.0,0.0,0.0,0.0,0.0,0.0,0.0,0.0,3.9999999999999996,0.0,0.0,0.0,2.0,0.0,0.0,0.0,0.0,166.0,0.0,0.0],[0.0,0.0,0.0,2.0,17.0,0.0,0.0,322.0,108.99999999999999,0.0,0.0,0.0,0.0,473.0,0.0,0.0,0.0,38.0,0.0,0.0],[315.0,0.0,0.0,0.0,2.0,0.0,0.0,0.0,154.0,152.0,0.0,0.0,102.99999999999999,1.0,34.0,0.0,0.0,0.0,0.0,0.0],[0.0,0.0,0.0,0.0,0.0,0.0,244.0,0.0,0.0,11.0,0.0,0.0,0.0,0.0,110.99999999999999,9.0,2.0,0.0,0.0,0.0]],"S_KR":[[0.0,0.0,141.00000000000003,102.0],[445.0,219.00000000000003,188.00000000000003,140.00000000000003],[201.00000000000003,142.00000000000003,13.000000000000002,0.0],[1298.0,1041.0,1112.0,1140.0],[386.0,219.00000000000003,349.0,274.0],[97.0,66.0,255.00000000000003,22.0]]}]},"td_vb":{"log_Z":[-6179.360574027121],"inf_results":[[[-225.537958390426,-4.558432859864788,-225.537958390426,-225.537958390426,-225.537958390426,-225.537958390426,-225.537958390426,-225.537958390426,-225.537958390426,-225.537958390426,-225.537958390426,-225.537958390426,-225.537958390426,-225.537958390426,-4.222474063017912,-225.537958390426,-225.537958390426,-225.537958390426,-225.537958390426,-225.537958390426,-1.4381271367642716,-225.537958390426,-225.537958390426,-3.729522316941111,-225.537958390426,-225.537958390426,-225.537958390426,-225.537958390426,-225.537958390426,-225.537958390426,-225.537958390426,-225.537958390426,-225.537958390426,-225.537958390426,-225.537958390426,-225.537958390426,-225.537958390426,-225.537958390426,-225.537958390426,-225.537958390426,-4.126202238267082,-225.537958390426,-225.537958390426,-225.537958390426,-225.537958390426,-225.537958390426,-225.537958390426,-225.537958390426,-225.537958390426,-225.537958390426,-225.537958390426,-225.537958390426,-225.537958390426,-4.525809078193392,-225.537958390426,-225.537958390426,-225.537958390426,-225.537958390426,-225.537958390426,-3.196918978673536,-225.537958390426,-225.537958390426,-225.537958390426,-225.537958390426,-3.3885806728413694,-225.537958390426,-225.537958390426,-225.537958390426,-225.537958390426,-3.895058472076525,-225.537958390426,-225.537958390426,-2.9760869948832163,-225.537958390426,-225.537958390426,-225.537958390426,-225.537958390426,-225.537958390426,-225.537958390426,-225.537958390426,-2.8106667550430835,-225.537958390426,-225.537958390426,-2.121050995847205,-225.537958390426,-225.537958390426,-225.537958390426,-225.537958390426,-225.537958390426,-225.537958390426,-225.537958390426,-225.537958390426,-225.537958390426,-225.537958390426,-225.537958390426,-225.537958390426,-225.537958390426,-225.537958390426,-225.537958390426,-225.537958390426,-225.537958390426,-225.537958390426,-225.537958390426,-3.714776198369764,-225.537958390426,-225.537958390426,-225.537958390426,-225.537958390426,-225.537958390426,-225.537958390426,-225.537958390426,-6.001468618686021,-225.537958390426,-225.537958390426,-225.537958390426,-225.537958390426,-225.537958390426,-225.537958390426,-225.537958390426,-225.537958390426,-225.537958390426,-225.537958390426,-225.537958390426,-3.6701375441217365,-225.537958390426,-225.537958390426,-225.537958390426,-225.537958390426,-225.537958390426,-225.537958390426,-225.537958390426,-225.537958390426,-225.537958390426,-225.537958390426,-225.537958390426,-225.537958390426,-225.537958390426,-225.537958390426,-225.537958390426,-225.537958390426,-225.537958390426,-2.381307692339943,-225.537958390426,-225.537958390426,-225.537958390426,-3.463585001159209,-225.537958390426,-225.537958390426,-225.537958390426,-225.537958390426,-225.537958390426,-225.537958390426,-225.537958390426,-225.537958390426,-225.537958390426,-225.537958390426,-225.537958390426,-5.110366488378589,-225.537958390426,-225.537958390426,-225.537958390426,-225.537958390426,-225.537958390426,-225.537958390426,-2.6139500975923324,-225.537958390426,-8.38110593454721,-225.537958390426,-225.537958390426,-225.537958390426,-225.537958390426,-5.095356773869288,-225.537958390426,-225.537958390426,-225.537958390426,-225.537958390426,-225.537958390426,-225.537958390426,-225.537958390426,-225.537958390426,-225.537958390426,-225.537958390426,-225.537958390426,-225.537958390426,-225.537958390426,-225.537958390426,-225.537958390426,-225.537958390426,-225.537958390426,-225.537958390426,-225.537958390426,-225.537958390426,-225.537958390426,-225.537958390426,-225.537958390426,-225.537958390426,-225.537958390426,-225.537958390426,-225.537958390426,-225.537958390426,-225.537958390426,-225.537958390426,-225.537958390426,-225.537958390426,-225.537958390426,-225.537958390426,-225.537958390426,-225.537958390426,-2.706659472895306,-225.537958390426,-225.537958390426,-3.4898791048025366,-225.537958390426,-225.537958390426,-225.537958390426,-225.537958390426],[-126.55624093895827,-126.55624093895827,-126.55624093895827,-126.55624093895827,-126.55624093895827,-126.55624093895827,-126.55624093895827,-126.55624093895827,-1.6452524350183815,-126.55624093895827,-126.55624093895827,-126.55624093895827,-126.55624093895827,-1.831607492328005,-126.55624093895827,-1.452852876331356,-1.0184615395460321,-126.55624093895827,-3.0676152852483956,-126.55624093895827,-127.25858505166049,-127.25858505166049,-127.25858505166049,-0.6183051820235441,-127.25858505166049,-127.25858505166049,-127.25858505166049,-127.25858505166049,-127.25858505166049,-1.8853397430270258,-127.25858505166049,-1.739436604181483,-2.0270235772403824,-127.25858505166049,-127.25858505166049,-127.25858505166049,-127.25858505166049,-127.25858505166049,-127.25858505166049,-127.25858505166049,-1.0445133343085402,-128.57910756397936,-2.2445316528574617,-3.6922763253124735,-1.9007104455158164,-1.9436055870531792,-128.57910756397936,-128.57910756397936,-128.57910756397936,-128.57910756397936,-2.273553850005138,-128.57910756397936,-128.57910756397936,-3.3454582363125045,-128.57910756397936,-4.417335324709832,-128.57910756397936,-4.26005640189378,