{"EPOCHS":100,"Rs":[5],"num_results":{"td_smc":{"log_Z":[-6741.106137704567],"inf_results":[{"S_R":[[[0.0,0.0,143.99999999999997,2.0,2.0],[278.0,263.0,0.0,591.0,0.0],[101.0,980.0,637.0,285.0,0.0],[0.0,0.0,0.0,34.99999999999999,2.0],[0.0,47.99999999999999,0.0,0.0,885.0]],[[0.0,0.0,0.0,0.0,0.0],[0.0,0.0,0.0,0.0,0.0],[0.0,81.0,0.0,0.0,0.0],[0.0,0.0,0.0,139.99999999999997,0.0],[0.0,0.0,0.0,0.0,0.0]],[[240.99999999999997,0.0,0.0,0.0,0.0],[0.0,0.0,0.0,370.0,0.0],[0.0,0.0,0.0,3.0,0.0],[0.0,520.0,0.0,0.0,0.0],[0.0,0.0,0.0,283.0,0.0]],[[0.0,0.0,0.0,0.0,0.0],[0.0,0.0,0.0,0.0,0.0],[0.0,0.0,0.0,0.0,0.0],[0.0,219.99999999999997,25.0,0.0,0.0],[0.0,0.0,37.99999999999999,40.99999999999999,0.0]],[[0.0,0.0,0.0,0.0,125.0],[0.0,567.0,0.0,0.0,0.0],[0.0,0.0,0.0,0.0,0.0],[0.0,91.0,0.0,314.0,0.0],[538.0,0.0,0.0,0.0,0.0]]],"S_IR":[[0.0,0.0,475.0,0.0,0.0,0.0,286.0,0.0,0.0,0.0,155.0,0.0,0.0,242.0,0.0,0.0,0.0,0.0,0.0,0.0],[1185.0,0.0,0.0,0.0,307.0,0.0,0.0,3.0,300.0,180.0,112.99999999999999,0.0,142.0,0.0,0.0,308.0,0.0,199.0,33.0,0.0],[0.0,559.0,75.99999999999999,0.0,0.0,0.0,0.0,0.0,0.0,0.0,0.0,0.0,0.0,0.0,0.0,0.0,0.0,0.0,0.0,209.0],[0.0,356.0,0.0,490.0,146.0,434.0,0.0,0.0,0.0,0.0,51.0,215.0,0.0,0.0,147.0,0.0,172.0,0.0,0.0,53.0],[594.0,0.0,0.0,21.999999999999996,0.0,0.0,0.0,314.0,0.0,0.0,0.0,0.0,0.0,0.0,42.0,0.0,0.0,0.0,42.0,0.0]],"S_JR":[[509.0,0.0,0.0,0.0,0.0,0.0,0.0,0.0,0.0,3.0,0.0,1.9999999999999998,0.0,0.0,0.0,0.0,0.0,0.0,0.0,0.0],[951.0,583.0,0.0,0.0,0.0,0.0,0.0,0.0,0.0,0.0,0.0,141.0,0.0,0.0,145.0,0.0,0.0,249.0,0.0,0.0],[0.0,0.0,67.99999999999999,349.0,227.0,429.0,59.0,0.0,0.0,0.0,0.0,0.0,0.0,0.0,0.0,656.0,216.0,0.0,82.99999999999999,0.0],[0.0,0.0,159.0,0.0,206.0,0.0,0.0,0.0,232.0,182.0,56.0,0.0,101.99999999999999,0.0,0.0,0.0,0.0,0.0,0.0,410.0],[0.0,261.0,207.0,0.0,0.0,0.0,239.0,322.0,35.0,0.0,189.0,31.999999999999996,68.99999999999999,474.0,0.0,0.0,0.0,0.0,0.0,5.0]],"S_KR":[[1305.0,1050.0,917.0,981.0],[102.0,0.0,0.0,119.0],[427.0,307.0,586.0,97.0],[20.0,0.0,0.0,304.0],[573.0,330.0,555.0,177.0]]}]},"td_vb":{"log_Z":[-6614.43503804025],"inf_results":[[[-134.53246507776487,-6.824326149136045,-134.53246507776487,-134.53246507776487,-134.53246507776487,-134.53246507776487,-134.53246507776487,-134.53246507776487,-134.53246507776487,-134.53246507776487,-134.53246507776487,-134.53246507776487,-3.5857050912736597,-134.53246507776487,-134.53246507776487,-2.061668323870573,-134.53246507776487,-134.53246507776487,-134.53246507776487,-134.53246507776487,-134.53246507776487,-134.53246507776487,-134.53246507776487,-134.53246507776487,-134.53246507776487,-134.53246507776487,-134.53246507776487,-134.53246507776487,-6.731283640834501,-134.53246507776487,-134.53246507776487,-134.53246507776487,-134.53246507776487,-134.53246507776487,-2.028699936752088,-4.364909853384924,-134.53246507776487,-4.63012420329086,-134.53246507776487,-134.53246507776487,-134.53246507776487,-134.53246507776487,-134.53246507776487,-134.53246507776487,-134.53246507776487,-134.53246507776487,-134.53246507776487,-134.53246507776487,-134.53246507776487,-134.53246507776487,-134.53246507776487,-134.53246507776487,-134.53246507776487,-134.53246507776487,-5.230360597731286,-2.067400570210612,-134.53246507776487,-2.7894044602841177,-134.53246507776487,-134.53246507776487,-134.53246507776487,-134.53246507776487,-134.53246507776487,-134.53246507776487,-134.53246507776487,-134.53246507776487,-134.53246507776487,-6.369162147807854,-134.53246507776487,-134.53246507776487,-134.53246507776487,-134.53246507776487,-134.53246507776487,-3.355898758307446,-134.53246507776487,-134.53246507776487,-134.53246507776487,-134.53246507776487,-2.1977175565867295,-134.53246507776487,-134.53246507776487,-134.53246507776487,-134.53246507776487,-3.9469920944526438,-134.53246507776487,-134.53246507776487,-3.9656488952070283,-134.53246507776487,-134.53246507776487,-134.53246507776487,-134.53246507776487,-134.53246507776487,-134.53246507776487,-134.53246507776487,-2.13700760315552,-134.53246507776487,-134.53246507776487,-3.7701059717970393,-134.53246507776487,-134.53246507776487,-3.038077226900456,-134.53246507776487,-134.53246507776487,-134.53246507776487,-134.53246507776487,-134.53246507776487,-134.53246507776487,-134.53246507776487,-134.53246507776487,-134.53246507776487,-134.53246507776487,-134.53246507776487,-134.53246507776487,-134.53246507776487,-2.126036824338833,-134.53246507776487,-134.53246507776487,-134.53246507776487,-134.53246507776487,-134.53246507776487,-134.53246507776487,-134.53246507776487,-134.53246507776487,-134.53246507776487,-134.53246507776487],[-0.33809909684354444,-1.9797664906713441,-108.37279926233064,-3.246193737566414,-108.37279926233064,-108.37279926233064,-5.152674161143649,-108.37279926233064,-108.37279926233064,-108.37279926233064,-108.37279926233064,-3.085533019803317,-2.8595413377917707,-108.37279926233064,-108.37279926233064,-108.37279926233064,-108.37279926233064,-108.37279926233064,-108.37279926233064,-108.37279926233064,-105.62363644697842,-105.62363644697842,-105.62363644697842,-105.62363644697842,-105.62363644697842,-105.62363644697842,-105.62363644697842,-105.62363644697842,-105.62363644697842,-105.62363644697842,-105.62363644697842,-105.62363644697842,-105.62363644697842,-0.8965667244977134,-1.6205111940266193,-105.62363644697842,-105.62363644697842,-105.62363644697842,-105.62363644697842,-0.949729177379016,-107.44147245781001,-107.44147245781001,-1.766230028704948,-107.44147245781001,-107.44147245781001,-107.44147245781001,-107.44147245781001,-107.44147245781001,-2.229541078686071,-1.8275422176667053,-107.44147245781001,-107.44147245781001,-107.44147245781001,-1.7069721345012256,-107.44147245781001,-107.44147245781001,-1.7654056391598285,-107.44147245781001,-107.44147245781001,-1.582821163444721,-107.73736996237207,-107.73736996237207,-1.2268147988996843,-107.73736996237207,-107.73736996237207,-107.73736996237207,-1.5753342482077848,-1.419129251918493,-3.026756816884281,-4.061908742312768,-107.73736996237207,-107.73736996237207,-107.73736996237207,-107.73736996237207,-3.244973041856239,-107.73736996237207,-5.672744495663474,-1.9169261379149685,-107.73736996237207,-107.73736996237207,-5.169875527998711,-1.6351037697073103,-108.54675255228832,-1.957856698238147,-1.8710570285915242,-1.9139520087019033,-108.54675255228832,-108.54675255228832,-3.115105432244091,-108.54675255228832,-2.2222128120098317,-3.369415595831928,-108.54675255228832,-108.54675255228832,-3.3291327180006345,-2.257359046751313,-108.54675255228832,-6.2575647126230525,-3.674926244936165,-108.54675255228832],[-1.1140435543564688,-107.73878991936041,-107.73878991936041,-107.73878991936041,-107.73878991936041,-1.1175901595866584,-107.73878991936041,-107.73878991936041,-4.779173706978801,-107.73878991936041,-107.73878991936041,-107.73878991936041,-3.5329556843013825,-1.1859840927063665,-107.73878991936041,-107.73878991936041,-107.73878991936041,-107.73878991936041,-107.73878991936041,-107.73878991936041,-108.44747317652144,-1.2550559933275398,-108.44747317652144,-108.44747317652144,-1.8169820484219477,-108.44747317652144,-2.1911394100426467,-108.44747317652144,-108.44747317652144,-108.44747317652144,-108.44747317652144,-2.912617374867705,-108.44747317652144,-108.44747317652144,-3.1006126493004373,-1.401174063066903,-108.44747317652144,-3.336554925432992,-108.44747317652144,-2.846382582981816,-0.364544675326008,-107.86176080464126,-107.86176080464126,-2.279047595325462,-107.86176080464126,-107.86176080464126,-107.86176080464126,-107.86176080464126,-3.3006449357511674,-107.86176080464126,-107.86176080464126,-3.9191379611574004,-2.4200405646345606,-107.86176080464126,-107.86176080464126,-107.86176080464126,-107.86176080464126,-107.86176080464126,-2.887949728473151,-107.86176080464126,-108.13130413153085,-5.697926570495532,-1.8261586145090227,-2.325012173686037,-108.13130413153085,-108.13130413153085,-108.13130413153085,-2.6459816330546575,-2.2725272630709963,-2.3527137872062047,-2.2572517798466167,-108.13130413153085,-108.13130413153085,