{"EPOCHS":100,"Rs":[2],"num_results":{"cp_vb":{"log_Z":[-7535.401787598414],"inf_results":[[[-0.8460646567060603,-0.5606122438417636],[-1.6152569739203795,-2.7674404438668727,-1.9237548610339452,-5.142012843145519,-4.389893065320501,-2.2091638402924305,-2.4100197833006822,-2.414360196433881,-3.13968207841124,-4.887461262567504,-3.9113653172291105,-4.008356412208086,-5.572983096387771,-2.610137597301149,-2.9627956459079003,-6.884513734412183,-5.262273938866794,-2.9376073452851745,-5.819650042491869,-5.794887312000251,-1.7083058292122937,-1.9954931364082702,-4.914575124746996,-2.2854794152571065,-2.336597178859014,-4.559481795886468,-5.623422039487713,-6.967655817250275,-3.1121643140585142,-3.110706284771373,-2.716609973970658,-3.036242079373608,-3.3138768455407632,-6.741607508411279,-4.4144834371775366,-2.5976729688017954,-3.3075909432124906,-5.158960352972393,-3.7527959216026305,-2.6925722149042004],[-1.644278560330016,-2.8838376371185284,-2.095941104808846,-5.144260776720957,-4.2967955087716065,-2.2581492463232085,-2.4733418854794067,-2.3319565995625497,-3.1880597997686078,-4.614894703565771,-4.215914445492922,-3.9353651665442424,-5.490157628419144,-2.087328746416974,-3.27408167897598,-5.5978242619169025,-6.239043941017006,-2.81588563898187,-5.963460584900197,-6.67024997101997,-2.0188246753350736,-2.018839953655063,-4.913394369266368,-2.565266065543682,-2.4257886069089523,-3.989710577860617,-5.401698899659074,-7.305097931025263,-3.053988082900606,-3.0782635605187636,-2.9513825133790483,-3.2494266234756912,-3.142283792013279,-6.131292698393251,-4.491694303753911,-2.0857079439705073,-3.0440421023587616,-4.506753971615322,-3.7641817709616756,-2.41033352868062],[-0.9278133451643065,-2.1469270442553707,-1.1903804574266275,-1.6963430308593201,-1.0790621810282017,-1.8732598841254005,-1.4030578433845804,-1.3455053785842939]]]},"cp_smc":{"log_Z":[-7577.333233418022],"inf_results":[{"S_R":[7173.0,5141.0],"S_IR":[[1343.0,1039.0,54.0,711.0,714.0,96.0,34.0,6.0,308.0,280.0,491.0,326.0,260.0,11.0,81.0,528.0,253.0,39.0,143.0,456.0],[996.0,255.0,772.0,37.0,33.0,559.0,466.0,473.0,234.0,72.0,80.0,107.0,14.0,385.0,276.0,1.0,30.0,280.0,35.0,36.0]],"S_JR":[[888.0,932.0,118.0,552.0,630.0,115.0,49.0,14.0,374.0,320.0,368.0,282.0,285.0,77.0,71.0,872.0,339.0,103.0,155.0,629.0],[1078.0,303.0,585.0,20.0,65.0,569.0,428.0,504.0,176.0,55.0,77.0,93.0,39.0,595.0,206.0,24.0,5.0,290.0,19.0,10.0]],"S_KR":[[2404.0,1097.0,1791.0,1881.0],[2087.0,590.0,1547.0,917.0]]}]}},"resampling_scheme":"systematic","datetime":"2020-06-25T17:53:29.113","N":123140,"M":[10,10],"durations":{"2:2":{"(Main.CP, \"smc\")":30507.92,"(Main.CP, \"vb\")":1.26}},"adaptive":true,"a":100.0,"resampling_freq":0}