{"EPOCHS":100,"Rs":[17],"num_results":{"cp_vb":{"log_Z":[-7456.669679794519],"inf_results":[[[-1.5568441824357313,-2.791892966675981,-1709.9947007851908,-2.8295535601764517,-3.2797349080270326,-1709.9947007851908,-1.912043409795264,-1709.9947007851908,-2.5429911736519584,-6.10518199709228,-4.123918654278961,-2.1376007749423005,-3.3639237786981946,-1.9276159354261688,-3.891692004363909,-2.741209857584751,-5.831427165163333],[-0.8860722333138238,-1.2498797050657267,-34008.43877541595,-2.8398663211543287,-5.220934107919084,-34008.43877541595,-4.57257355432949,-4.977574191008544,-2.856597760724566,-3.0307188136189467,-3.0999889483160468,-2.7776054254833626,-5.253867590107083,-34008.43877541595,-34008.43877541595,-34008.43877541595,-34008.43877541595,-34008.43877541595,-34008.43877541595,-34008.43877541595,-0.9776648384107123,-34007.203726631706,-34007.203726631706,-34007.203726631706,-34007.203726631706,-2.42619497550995,-34007.203726631706,-3.1642626102351654,-1.9603383826359009,-34007.203726631706,-1.784637675792955,-34007.203726631706,-34007.203726631706,-34007.203726631706,-34007.203726631706,-2.2050758918365307,-2.654789624512478,-34007.203726631706,-34007.203726631706,-34007.203726631706,-32300.00091881319,-32300.00091881319,-32300.00091881319,-32300.00091881319,-32300.00091881319,-32300.00091881319,-32300.00091881319,-32300.00091881319,-32300.00091881319,-32300.00091881319,-32300.00091881319,-32300.00091881319,-32300.00091881319,-32300.00091881319,-32300.00091881319,-32300.00091881319,-32300.00091881319,-32300.00091881319,-32300.00091881319,-32300.00091881319,-0.6550748988624084,-1.5289294368706159,-34007.166066038204,-34007.166066038204,-1.7842593286029906,-34007.166066038204,-34007.166066038204,-4.928124608659564,-34007.166066038204,-34007.166066038204,-34007.166066038204,-2.454237026149518,-34007.166066038204,-34007.166066038204,-34007.166066038204,-34007.166066038204,-34007.166066038204,-34007.166066038204,-34007.166066038204,-34007.166066038204,-2.000227419746631,-34006.715884690355,-1.3956442097787702,-34006.715884690355,-34006.715884690355,-34006.715884690355,-34006.715884690355,-34006.715884690355,-2.3375786798920775,-34006.715884690355,-34006.715884690355,-34006.715884690355,-34006.715884690355,-4.866610800851387,-3.174412687938008,-34006.715884690355,-34006.715884690355,-0.870777950515504,-3.0816928437906617,-34006.715884690355,-32300.00091881319,-32300.00091881319,-32300.00091881319,-32300.00091881319,-32300.00091881319,-32300.00091881319,-32300.00091881319,-32300.00091881319,-32300.00091881319,-32300.00091881319,-32300.00091881319,-32300.00091881319,-32300.00091881319,-32300.00091881319,-32300.00091881319,-32300.00091881319,-32300.00091881319,-32300.00091881319,-32300.00091881319,-32300.00091881319,-34008.08357618858,-1.5652478594133523,-6.152665178634271,-3.871668827213819,-34008.08357618858,-1.7521591890596886,-2.0563014494864884,-1.732065082895172,-34008.08357618858,-6.760459079525763,-2.4515654158560762,-34008.08357618858,-5.240912353530357,-2.6670571528179607,-2.1563147163542826,-6.436132429265853,-34008.08357618858,-34008.08357618858,-5.440669390817492,-6.002346598854836,-32300.00091881319,-32300.00091881319,-32300.00091881319,-32300.00091881319,-32300.00091881319,-32300.00091881319,-32300.00091881319,-32300.00091881319,-32300.00091881319,-32300.00091881319,-32300.00091881319,-32300.00091881319,-32300.00091881319,-32300.00091881319,-32300.00091881319,-32300.00091881319,-32300.00091881319,-32300.00091881319,-32300.00091881319,-32300.00091881319,-34007.452628424726,-34007.452628424726,-34007.452628424726,-2.7498382018752725,-34007.452628424726,-2.2305043496055896,-34007.452628424726,-34007.452628424726,-34007.452628424726,-34007.452628424726,-1.7480887153525817,-34007.452628424726,-2.0741401097822907,-34007.452628424726,-2.4941692570890064,-1.2462086849427747,-4.1987348842348435,-34007.452628424726,-34007.452628424726,-1.9658665083317484,-34003.89043760129,-34003.89043760129,-34003.89043760129,-34003.89043760129,-34003.89043760129,-34003.89043760129,-34003.89043760129,-34003.89043760129,-34003.89043760129,-34003.89043760129,-34003.89043760129,-34003.89043760129,-34003.89043760129,-34003.89043760129,-34003.89043760129,-34003.89043760129,-2.0338556400822938e-5,-34003.89043760129,-34003.89043760129,-34003.89043760129,-34005.8717009441,-34005.8717009441,-0.6973402804503666,-34005.8717009441,-34005.8717009441,-34005.8717009441,-34005.8717009441,-0.6939811571339973,-34005.8717009441,-34005.8717009441,-34005.8717009441,-34005.8717009441,-34005.8717009441,-34005.8717009441,-34005.8717009441,-34005.8717009441,-34005.8717009441,-34005.8717009441,-34005.8717009441,-34005.8717009441,-34007.85801882344,-34007.85801882344,-34007.85801882344,-34007.85801882344,-1.652085022973833,-34007.85801882344,-34007.85801882344,-34007.85801882344,-34007.85801882344,-1.8732802288860189,-34007.85801882344,-34007.85801882344,-2.50951089571267,-34007.85801882344,-3.473005063667804,-2.1906325968152505,-34007.85801882344,-2.460692256194439,-2.2880253774374877,-1.4217038351443412,-34006.631695819684,-34006.631695819684,-34006.631695819684,-0.9099889828974739,-0.5170160447652448,-34006.631695819684,-34006.631695819684,-34006.631695819684,-34006.631695819684,-34006.631695819684,-34006.631695819684,-34006.631695819684,-34006.631695819684,-34006.631695819684,-34006.631695819684,-34006.631695819684,-34006.631695819684,-34006.631695819684,-34006.631695819684,-34006.631695819684,-1.3455344086477892,-5.161107444108948,-1.083712451602099,-5.362146945343967,-34008.06800366296,-34008.06800366296,-2.2888039080844473,-34008.06800366296,-2.0110484021860575,-34008.06800366296,-34008.06800366296,-34008.06800366296,-34008.06800366296,-1.9127819285890029,-34008.06800366296,-34008.06800366296,-5.118496666665635,-34008.06800366296,-34008.06800366296,-34008.06800366296,-1.2083430422875274,-34006.10392759402,-34006.10392759402,-34006.10392759402,-34006.10392759402,-0.41054472619770177,-34006.10392759402,-34006.10392759402,-34006.10392759402,-34006.10392759402,-34006.10392759402,-34006.10392759402,-3.3796197918564115,-34006.10392759402,-34006.10392759402,-34006.10392759402,-34006.10392759402,-34006.10392759402,-34006.10392759402,-34006.10392759402,-34007.254409740795,-34007.254409740795,-34007.254409740795,-0.9290043582840308,-2.3459523541050187,-34007.254409740795,-2.6383819319731163,-34007.254409740795,-34007.254409740795,-34007.254409740795,-34007.254409740795,-1.3415624407104465,-34007.254409740795,-34007.254409740795,-34007.254409740795,-34007.254409740795,-1.749465237234559,-34007.254409740795,-34007.254409740795,-34007.254409740795,-34004.164192433214,-34004.164192433214,-34004.164192433214,-34004.164192433214,-34004.164192433214,-34004.164192433214,-34004.164192433214,-34004.164192433214,-34004.164192433214,-34004.164192433214,-34004.164192433214,-34004.164192433214,-34004.164192433214,-34004.164192433214,-34004.164192433214,-34004.164192433214,-1.546817059594474e-5,-34004.164192433214,-34004.164192433214,-34004.164192433214],[-34008.43877541595,-34008.43877541595,-34008.43877541595,-3.6337566521611224,-1.9447821293025713,-2.607583419907421,-34008.43877541595,-4.630180843297667,-3.9220198785690514,-2.8010467364028324,-2.6955328075275036,-34008.43877541595,-34008.43877541595,-2.3292587759342487,-3.7806893038871108,-1.6273653173681675,-2.0681120579019527,-34008.43877541595,-3.182053317280195,-2.187560577605084,-34007.203726631706,-0.506447715912528,-34007.203726631706,-34007.203726631706,-34007.203726631706,-3.9085870657018393,-34007.203726631706,-34007.203726631706,-34007.203726631706,-34007.203726631706,-34007.203726631706,-1.6817189407817503,-2.759521612029007,-3.8495460658200176,-2.481794940993285,-4.763733770461668,-5.274485286426482,-34007.203726631706,-5.48791336484898,-34007.203726631706,-32300.00091881319,-32300.00091881319,-32300.00091881319,-32300.00091881319,-32300.00091881319,-32300.00091881319,-32300.00091881319,-32300.00091881319,-32300.00091881319,