{"EPOCHS":100,"Rs":[2],"num_results":{"cp_vb":{"log_Z":[-7948.236201921798],"inf_results":[[[-0.9727304516336659,-0.4749598702317481],[-1.5995528223932576,-2.885339212120215,-1.8182592376532822,-4009.0225263677107,-4009.0225263677107,-2.1157644371978206,-2.2973488163052735,-2.2816992170105816,-3.1727507709350595,-4009.0225263677107,-4009.0225263677107,-4.367675596666921,-4009.0225263677107,-2.465570175519474,-2.8871934204750316,-4009.0225263677107,-6.432518111546456,-2.8363006881666744,-4009.0225263677107,-4009.0225263677107,-1.7008885865222432,-2.003194057388,-4.7030500295231725,-2.3267577283326846,-2.3280964159703395,-4.412309863078703,-5.508006158922304,-7.957837152068269,-3.097035212992269,-3.081281682889638,-2.5969787070820978,-3.021990997807512,-3.332189349655618,-4009.5202969491124,-4.373324559078428,-2.6734490150931594,-3.3284721879249535,-5.136487840611271,-3.764519102772904,-2.7460298219009696],[-1.6449215252521272,-2.905029738748474,-2.1012596583637624,-5.572766650041462,-4.394331983671711,-2.2455036807003257,-2.4174099174899393,-2.2344251780265996,-3.279715132846075,-4.813168790371834,-4.287791233263271,-4.091837812617426,-5.95469163214551,-2.0586046040261765,-3.2569503637206747,-5.560645825992463,-4009.0225263677107,-2.7936515162221607,-4009.0225263677107,-4009.0225263677107,-1.9714163911838885,-2.0568112941948913,-4.055629375518819,-2.627567308021593,-2.487470315333728,-3.695709486842534,-4.832824950603916,-6.017336124431278,-3.0198060939416456,-3.1258085218592155,-3.0031575469670084,-3.2523859763672522,-3.2039234333878115,-4.601509975519804,-4.371331595837644,-2.1668737747842757,-3.1043042500222624,-4.2695392098151075,-3.7873120181487367,-2.4843702733970883],[-0.9417048649419995,-2.146174755516726,-1.1801795797039052,-1.6843704199124812,-1.0519064380395395,-1.9032386837621296,-1.3902889114571169,-1.3765637223940912]]]},"cp_smc":{"log_Z":[-8414.454746605652],"inf_results":[{"S_R":[2359.0,9955.000000000002],"S_IR":[[474.0,245.0,363.0,7.0,0.0,97.0,294.0,388.0,0.0,0.0,37.0,0.0,0.0,319.0,129.0,0.0,0.0,0.0,6.0,0.0],[1865.0,1049.0,463.0,741.0,747.0,558.0,206.0,91.0,542.0,352.0,534.0,433.0,274.0,77.0,228.0,529.0,283.0,319.0,172.0,492.0]],"S_JR":[[500.0,0.0,375.0,0.0,0.0,0.0,379.0,493.0,0.0,0.0,0.0,0.0,0.0,544.0,0.0,0.0,67.0,0.0,0.0,1.0],[1466.0,1235.0,328.0,572.0,695.0,684.0,98.0,25.0,550.0,375.0,445.0,375.0,324.0,128.0,277.0,896.0,277.0,393.0,174.0,638.0]],"S_KR":[[863.0,279.0,779.0,438.0],[3628.0000000000005,1408.0,2559.0000000000005,2360.0000000000005]]}]}},"resampling_scheme":"systematic","datetime":"2020-06-26T04:07:49.116","N":123140,"M":[10,10],"durations":{"2:2":{"(Main.CP, \"smc\")":24512.36,"(Main.CP, \"vb\")":0.73}},"adaptive":true,"a":0.01,"resampling_freq":0}