{"EPOCHS":100,"Rs":[17],"num_results":{"cp_vb":{"log_Z":[-6450.054266598745],"inf_results":[[[-1.91099070837857,-4.794316307122201,-3.217781201387888,-3.890597747737827,-3.8864547727569043,-26.90293835329674,-2.361722070727316,-2.519762779390259,-3.5941735538733104,-2.6994788827176572,-1.5424246193274254,-3.986964507316575,-3.944441384481294,-4.26822698705106,-2.0115776357228548,-3.7483214421783773,-2.6649991148737495],[-348.0799299952181,-348.0799299952181,-1.5442404875387945,-348.0799299952181,-5.90716876654194,-1.4507057879290528,-1.9231698672246385,-348.0799299952181,-4.106102621054914,-348.0799299952181,-348.0799299952181,-348.0799299952181,-348.0799299952181,-1.5743802987691353,-2.5487487746001456,-2.307230525941521,-348.0799299952181,-348.0799299952181,-348.0799299952181,-348.0799299952181,-345.1966043964744,-345.1966043964744,-0.030095321737466207,-345.1966043964744,-345.1966043964744,-345.1966043964744,-345.1966043964744,-345.1966043964744,-345.1966043964744,-345.1966043964744,-345.1966043964744,-345.1966043964744,-345.1966043964744,-345.1966043964744,-345.1966043964744,-345.1966043964744,-3.713839466523737,-345.1966043964744,-345.1966043964744,-345.1966043964744,-1.201503636887658,-346.7731395022088,-346.7731395022088,-346.7731395022088,-2.5136000001539256,-346.7731395022088,-346.7731395022088,-346.7731395022088,-3.7403368694707972,-346.7731395022088,-346.7731395022088,-346.7731395022088,-1.6216091012697662,-346.7731395022088,-3.123650736765665,-1.0560673827311193,-346.7731395022088,-346.7731395022088,-346.7731395022088,-346.7731395022088,-346.1003229558588,-346.1003229558588,-346.1003229558588,-346.1003229558588,-346.1003229558588,-346.1003229558588,-346.1003229558588,-346.1003229558588,-346.1003229558588,-346.1003229558588,-2.5401566311760164,-1.2261772339002874,-346.1003229558588,-346.1003229558588,-346.1003229558588,-346.1003229558588,-0.47229111321847395,-346.1003229558588,-346.1003229558588,-346.1003229558588,-346.10446593083975,-346.10446593083975,-346.10446593083975,-346.10446593083975,-346.10446593083975,-346.10446593083975,-346.10446593083975,-346.10446593083975,-346.10446593083975,-2.397036433130575,-346.10446593083975,-3.8507051787890365,-346.10446593083975,-346.10446593083975,-346.10446593083975,-346.10446593083975,-346.10446593083975,-0.1237165715125963,-346.10446593083975,-346.10446593083975,-323.0879823502999,-323.0879823502999,-323.0879823502999,-323.0879823502999,-323.0879823502999,-323.0879823502999,-323.0879823502999,-323.0879823502999,-323.0879823502999,-323.0879823502999,-323.0879823502999,-323.0879823502999,-323.0879823502999,-323.0879823502999,-323.0879823502999,-323.0879823502999,-323.0879823502999,-323.0879823502999,-323.0879823502999,-323.0879823502999,-0.8055882115195088,-0.9244159435803114,-4.554139544564325,-347.6291986328693,-347.6291986328693,-347.6291986328693,-347.6291986328693,-347.6291986328693,-347.6291986328693,-347.6291986328693,-2.1909534945317803,-3.4320229131580833,-347.6291986328693,-347.6291986328693,-347.6291986328693,-347.6291986328693,-347.6291986328693,-347.6291986328693,-347.6291986328693,-347.6291986328693,-347.4711579242064,-347.4711579242064,-347.4711579242064,-347.4711579242064,-1.4518863042048027,-347.4711579242064,-2.1225496294689057,-347.4711579242064,-347.4711579242064,-347.4711579242064,-1.8470455111201618,-1.8234969831056267,-2.5376851642380567,-347.4711579242064,-2.1614562157369495,-347.4711579242064,-2.462895760908032,-347.4711579242064,-3.1229968213228725,-347.4711579242064,-346.39674714972335,-4.308806709681551,-346.39674714972335,-0.21586042848819798,-346.39674714972335,-346.39674714972335,-346.39674714972335,-2.8783171843188713,-346.39674714972335,-346.39674714972335,-346.39674714972335,-346.39674714972335,-346.39674714972335,-346.39674714972335,-346.39674714972335,-346.39674714972335,-3.23723398449091,-3.404424810641214,-3.111626988295957,-346.39674714972335,-0.7690848078706924,-347.29144182087896,-347.29144182087896,-347.29144182087896,-1.8390810414004441,-1.4961462270175492,-347.29144182087896,-5.064919867234172,-347.29144182087896,-3.7127886755774657,-347.29144182087896,-347.29144182087896,-3.5285467504358565,-347.29144182087896,-347.29144182087896,-2.523878248025899,-4.694972571720445,-347.29144182087896,-347.29144182087896,-347.29144182087896,-348.4484960842692,-1.3916946640558967,-3.207854442217819,-1.904912483739575,-2.059062697684208,-4.27568878145231,-4.864765164075699,-348.4484960842692,-2.718146730821851,-2.6264174164076337,-3.066158307198986,-2.890028605142824,-3.6002562250219254,-5.004654910084055,-4.083776363418889,-348.4484960842692,-348.4484960842692,-348.4484960842692,-3.107024114702628,-2.6022271273615276,-346.00395619628006,-346.00395619628006,-346.00395619628006,-346.00395619628006,-346.00395619628006,-346.00395619628006,-346.00395619628006,-0.525456052516124,-0.9006706786708172,-346.00395619628006,-346.00395619628006,-346.00395619628006,-346.00395619628006,-346.00395619628006,-346.00395619628006,-346.00395619628006,-346.00395619628006,-346.00395619628006,-346.00395619628006,-346.00395619628006,-346.04647931911535,-0.8008789170511639,-346.04647931911535,-346.04647931911535,-346.04647931911535,-346.04647931911535,-346.04647931911535,-0.912020757295128,-346.04647931911535,-346.04647931911535,-3.051592476344735,-3.5372073133947795,-346.04647931911535,-346.04647931911535,-346.04647931911535,-346.04647931911535,-2.7417458731381403,-346.04647931911535,-346.04647931911535,-346.04647931911535,-345.72269371654556,-0.9830268011722278,-345.72269371654556,-345.72269371654556,-345.72269371654556,-3.7854298318789725,-0.8935614643129153,-345.72269371654556,-345.72269371654556,-345.72269371654556,-345.72269371654556,-345.72269371654556,-345.72269371654556,-345.72269371654556,-1.6872180054569883,-345.72269371654556,-345.72269371654556,-345.72269371654556,-345.72269371654556,-345.72269371654556,-0.5567280029600399,-347.9793430678738,-347.9793430678738,-3.0026647099900874,-347.9793430678738,-347.9793430678738,-347.9793430678738,-347.9793430678738,-2.1426543707187884,-2.6507173259743553,-3.9332570157293336,-347.9793430678738,-347.9793430678738,-347.9793430678738,-347.9793430678738,-347.9793430678738,-347.9793430678738,-2.9880824660620675,-347.9793430678738,-2.1411920907905246,-346.24259926141826,-346.24259926141826,-346.24259926141826,-346.24259926141826,-346.24259926141826,-346.24259926141826,-346.24259926141826,-346.24259926141826,-346.24259926141826,-346.24259926141826,-1.2944368528043633,-346.24259926141826,-346.24259926141826,-346.24259926141826,-346.24259926141826,-0.9899163694642059,-346.24259926141826,-346.24259926141826,-346.24259926141826,-1.0477538600483012,-0.91951084737003,-347.3259215887229,-1.373638707520894,-347.3259215887229,-347.3259215887229,-347.3259215887229,-3.6745086861122322,-1.3536888565091045,-3.133334709468155,-347.3259215887229,-4.02159069726847,-347.3259215887229,-347.3259215887229,-347.3259215887229,-347.3259215887229,-347.3259215887229,-347.3259215887229,-347.3259215887229,-347.3259215887229,-347.3259215887229],[-1.1235259527650436,-1.9528878664660114,-2.0327275494125114,-348.0799299952181,-348.0799299952181,-348.0799299952181,-2.798916115309418,-1.7001254433730715,-2.8941722091124698,-348.0799299952181,-348.0799299952181,-3.7659146972331903,-348.0799299952181,-348.0799299952181,-3.379189618079959,-348.0799299952181,-348.0799299952181,-3.130119910753323,-348.0799299952181,-348.0799299952181,-345.1966043964744,-345.1966043964744,-345.1966043964744,-345.1966043964744,-345.1966043964744,-0.13468173189357735,-345.1966043964744,-345.1966043964744,-345.1966043964744,-345.1966043964744,-345.1966043964744,-2.115154262002071,-345.1966043964744,-345.1966043964744,-345.1966043964744,-345.1966043964744,-345.1966043964744,-345.1966043964744,-345.1966043964744,-345.1966043964744,-346.7731395022088,-346.7731395022088,-346.7731395022088,-346.7731395022088,-0.9979726612368154,-3.21792175576874,-346.7731395022088,-346.7731395022088,-346.7731395022088,