{"EPOCHS":100,"Rs":[9],"num_results":{"cp_vb":{"log_Z":[-5345.164684672753],"inf_results":[[[-1.9565777114886487,-2.2664407970374967,-2.683884580641344,-2.255294479636839,-2.0281977738801444,-2.3605690280836438,-2.291740293086148,-2.20319133163959,-1.9376884621016979],[-1.1060536006197959,-0.8092819803229947,-5.279968013011094,-4.302282499731501,-8.243472158388856,-5.701017806560082,-5.650832386741893,-6.62405699794355,-3.5101855985173276,-4.35674915617852,-2.476869455388009,-2.8138602452156967,-6.1146220854069115,-8.816423317162597,-7.5739491663123815,-8.606186695021373,-8.328706600527514,-8.344475149151974,-6.621087612737826,-8.283245538565481,-1.7053248728506123,-1.7946381889871503,-4.644600542217164,-1.7638045302684215,-1.859419288235821,-6.29704257874126,-6.794275414463985,-6.99305006800562,-2.882298585428238,-2.9289116440880285,-3.193964218875241,-3.267628821247059,-4.459057957302735,-5.864668783094235,-4.40703579993456,-8.289716961872756,-6.495558296711952,-6.705813838732671,-4.493435911236142,-2.591322695198226,-1.4702531942158164,-7.231311753705822,-1.6834221175853825,-5.420708450916051,-4.104592321908659,-8.212849317283126,-3.2953182703634907,-4.784090458546961,-2.086522241687736,-3.3040390973866254,-4.031599225876685,-3.7783540318292124,-5.945850273425593,-8.190057813361637,-3.749154174969901,-7.693435553788608,-6.686949005849165,-1.387191520059086,-8.281748503786377,-3.6159181233525777,-6.915756572004645,-8.226609114498686,-2.1709503749739945,-1.3327702616183235,-5.074026855231924,-7.557395211254414,-2.8399992629236275,-3.7847131376027847,-2.661010598042865,-2.7830254902060982,-6.150005424734161,-1.9357306482788355,-3.718819380625777,-4.2334083776967315,-6.231915458940219,-5.829955927577964,-1.6673409478282322,-7.597355761406207,-4.32959226495235,-6.3993857323529255,-1.3506518273119523,-2.9651004801855594,-1.6336305242141895,-5.062978687140769,-6.184939380076546,-4.214079042440953,-2.093272050665317,-1.8780142622163218,-4.016477610570103,-8.311030405555025,-4.802391561421807,-5.043154437825555,-8.81877727308994,-2.155193284968961,-3.3915171093492678,-8.745304953474985,-5.303254204470864,-7.367469309670773,-7.163571669817701,-8.862163863146883,-0.7629591051854847,-7.606140560430883,-2.8279837589903014,-5.7860397366168375,-2.5869120764343423,-1.0807580276981046,-6.1033702904147855,-7.217959826908826,-5.175617229052597,-8.237900900685482,-4.3350400305916015,-7.211689468128123,-5.133845602115925,-6.9639166300409245,-4.229663364901298,-8.056967104456847,-6.067443556266272,-8.03901070187797,-7.769646944078079,-6.6291996948871885,-1.251965565650064,-7.73142929685318,-8.174965623693868,-2.473697288667628,-8.26612446630718,-4.260379299628982,-8.015696052673595,-8.485225768151976,-5.701998461441716,-3.014948573640848,-7.449550169631612,-4.286232883143425,-2.0486390694368417,-8.281350843887308,-3.3643024099082055,-1.5416320183976024,-8.047568999394137,-4.486824187891657,-4.8208748378171355,-1.9451418742116147,-7.557568107717839,-7.875042945636866,-7.415945698484932,-7.02442877962926,-1.156883076083294,-7.5466656930480065,-4.06975525252368,-5.497875960675282,-2.866745289778404,-4.824916482106138,-1.5656949114253278,-6.972272223810915,-7.390897544893654,-7.739931069355903,-7.2119280495814335,-1.7143973206201855,-4.092157419167207,-6.679162023043983,-2.495548069379578,-2.325085279024151,-8.908350252441732,-2.1273731721476405,-2.7873549978098504,-3.8966489553645345,-6.988439457237773,-2.158541482294024,-2.427784206134561,-2.278831168809581,-2.848387624935598,-3.151823826271581,-3.861312592220918,-3.747182411866025,-3.53063580989425,-2.2815521517908843,-2.180278435821209,-5.29178406739179,-8.039507753119166,-3.0099606410218254,-4.5064775577429135,-3.4696755260325762],[-8.336924962994452,-8.304751403463463,-3.0236186780564838,-2.199929186328088,-2.390070580592737,-3.131259441163631,-3.2502879791863553,-5.099276237521083,-2.4207278610875003,-3.0145626705790924,-2.8317252445627963,-2.5465329575977655,-3.0497437388176465,-3.3483159794340285,-7.928110010256991,-3.161475841206414,-1.6669496691942225,-4.615492448980513,-3.1685503480418333,-4.310450085651679,-7.297028073430826,-7.503140743839648,-7.843108919683972,-7.714810860832019,-7.565106660348336,-4.657754525076005,-5.4420508065796955,-8.17816574180342,-6.608959713025298,-7.45202976969012,-4.239099260576144,-6.92933643402389,-3.560827390860536,-7.0946336012077085,-3.574624669182016,-0.46804188351366793,-5.186787651598065,-5.156268032931368,-7.694132751579749,-1.3327379111727042,-7.347876556507025,-2.8097067139822225,-5.595554307579662,-4.273799868525244,-2.8313644530254813,-0.4076716049997655,-7.686084618237616,-6.192133073249352,-6.6705318756796945,-5.9830943441179185,-7.0801839158661135,-3.9002142691626136,-3.807153995584951,-4.461532051492553,-2.1789819076269374,-6.948530931985773,-7.89443190905371,-7.620297601302751,-4.621327521669259,-7.0400587305005216,-1.4977540791572324,-0.908940838276421,-6.261108237738223,-7.5591448762701425,-2.854360036455107,-5.513372993288533,-5.151339650533749,-7.880756109103716,-2.984220325120951,-3.9504872614738056,-1.7752808477828168,-3.0570160181845463,-5.397266568722232,-7.056407426308615,-6.917969859716229,-6.817100626996838,-7.62447988801795,-7.002051492092501,-7.225519207687854,-7.949291532975516,-8.083930462877783,-3.6388594006989337,-3.3159083617723226,-5.840972428452472,-8.161511711749377,-7.614497700485464,-1.522002370970056,-1.2028358897092026,-7.574387718575316,-7.443493807902935,-7.512137930150397,-6.900420781026291,-6.632961136624944,-1.0536346971266033,-3.0672751048289113,-4.928287956368802,-8.39227609365645,-6.197317538205701,-7.630537052660279,-8.570417610426764,-8.185072020473086,-1.8825100778368933,-1.7630344640922813,-4.417595834600159,-5.1115742717358295,-8.045496528920197,-3.741775235771746,-4.438108633070248,-2.247298316535625,-3.0413384625792776,-3.429893381339248,-3.2444313971886705,-3.759443101909488,-4.461370165047594,-3.048850529693177,-7.450807420312984,-6.423933892694167,-1.243546724181428,-7.615969869038996,-4.130608379651331,-7.348894023121011,-1.976827260671489,-6.717728305410492,-2.5095776450425804,-1.1669581357617549,-3.952242952082681,-4.958617052329825,-8.475750272189522,-3.386247904276883,-2.7749852506850274,-2.9962962068539243,-3.5881822949973197,-6.935600526612756,-8.2602799802069,-4.71579765560287,-7.531655950250633,-6.344395622099468,-3.9465688177540352,-2.644602179181862,-1.8535407123966925,-1.2445206314260426,-1.6501632210568546,-7.135231040716984,-1.728488317839001,-8.218384335554163,-7.4002843661902995,-7.9412390559249975,-8.31609318367872,-3.178358936947731,-2.507467179153135,-7.750073748636177,-3.0441199566363,-2.2184299106871794,-4.732373785934396,-7.963741983240895,-8.051214676970616,-8.258938053557412,-7.735181641231128,-8.497668398718325,-3.138323931787421,-0.33628328496962645,-7.787116670030274,-1.6326882159356204,-7.652189704613851,-5.10750322800447,-8.015523404967722,-6.536069581376239,-7.91351951926226,-2.865270396243657,-4.799136509422333,-8.298168942655343,-5.078380717597211,-8.349990011592379,-6.193627424521747,-8.13673962481533,-7.9134010226582205,-7.929454548373747,-7.168340768740906,-8.358700247993184,-8.46198883376031],[-0.6698814170790994,-1.813555164767287,-1.5535881945935994,-2.1820060595588133,-1.711194833749814,-1.395769286812932,-1.8412006458721883,-0.8869362228740751,-1.0233198066441789,-2.021861257066864,-1.2661825770753028,-1.4938020411869877,-0.6821715438121068,-2.1579830891966285,-1.4079658801686694,-2.016417407407056,-1.1032210972270153,-2.4116524506059998,-1.054066096338234,-1.4736117031275784,-1.0127602146518742,-1.883787991247285,-1.261580402360135,-1.608010492653726,-1.5866481691867413,-2.3405389530997125,-1.436016604216447,-0.7764292695736845,-1.0247887844791785,-2.2728050407568023,-1.059270297346857,-1.659139628294941,-0.9345461433406594,-1.9538128403828559,-1.1770425260455282,-1.8548543111020228]]]},"cp_smc":{"log_Z":[-5987.91021842198],