{"EPOCHS":100,"Rs":[5],"num_results":{"cp_vb":{"log_Z":[-6306.88234229607],"inf_results":[[[-1.3874285784200406,-1.497286213696003,-2.411956994481094,-1.5130399455075434,-1.5301340886383992],[-8.05516628009962,-2.721219474211492,-2.5899551887955345,-2.956008944766647,-2.6160518836027595,-2.5430315403227226,-2.746232287903843,-2.92486340510054,-2.720726394666988,-3.1561539009087545,-2.6652564817254367,-3.137712685567581,-3.698913006888124,-2.885617827353573,-2.946328455258878,-3.1083031374398633,-3.118139058487814,-3.689119821873472,-3.6725827558383113,-3.208304640964035,-1.290430314679349,-2.6515854070621643,-1.9503784280346386,-5.354687351888452,-5.072656659225769,-2.050941577530309,-2.383587509105624,-2.213621648498642,-4.199527606717065,-7.634469978104645,-4.459580347199943,-4.4107892739523535,-6.897729853180419,-2.531834945565847,-3.157183401602433,-8.031896365276257,-5.713589179477288,-7.481619025650066,-7.182359887481857,-7.854452621154928,-1.4153995623695312,-2.949256088279725,-1.8351607178016192,-4.873074595553808,-4.040592169022959,-7.039137797110261,-3.391240668973233,-4.906897507995398,-2.214606352166693,-3.4600500315139504,-3.739017012710991,-3.6165136040711503,-4.704014804852033,-7.216398670654848,-3.7565133485548254,-6.375673993086641,-6.160293328190763,-1.5475528930061246,-7.234016316616388,-3.5781620807311296,-1.3421870890089078,-6.831134390931853,-5.417203319658457,-1.6551133388207537,-4.499613337432452,-4.431230426701022,-7.045496603737384,-7.675510968396099,-3.6969180416578835,-2.9300203714329323,-4.889116467226785,-2.835122928013588,-2.715557117257527,-6.968909222911503,-4.091688100931794,-2.003517502822433,-3.0023137719306483,-6.556053703364556,-5.019243247099717,-2.3694429318440147,-1.5131571752849071,-1.168478920159587,-5.477606466314219,-4.084813897565155,-1.7748349703510868,-4.756876398172974,-5.863143310578673,-7.151448474633918,-3.2007378525222174,-4.202140183635365,-2.2664608700744635,-3.554240821866747,-6.101566487757859,-7.609661669789155,-5.976986388293376,-4.824744256413318,-7.797248636572401,-7.268366788942034,-3.5042343728132375,-3.4975251020419353],[-0.4594721258894383,-1.64354162087482,-3.437698058503904,-4.212843875655891,-5.23465894373702,-6.955145217953303,-6.559707237063794,-7.25132324004263,-3.101288989997772,-3.978529749585486,-5.025218438730535,-3.4061691338981497,-5.498938051836003,-5.741043668710852,-6.902187094770501,-6.535938931662706,-7.478370306047995,-6.416933130373134,-7.5716825860624075,-7.121155398963175,-7.073662743690882,-6.163747281210339,-1.7238468298515546,-6.468753652530558,-5.361190444818405,-7.0173127389779815,-1.8535412003328897,-1.693473238639939,-2.995780602163647,-5.314535505326957,-3.761143024491213,-4.799988135159452,-6.288926969759272,-1.5077856515253982,-3.1923913534135906,-5.1797635352886875,-6.898133013530382,-2.2233086748284627,-6.587582811248123,-7.4381746336611325,-6.144769963711528,-3.479292371176806,-2.8121788231270157,-4.56791641396218,-2.5788971580401565,-0.533998215909949,-6.180734159322661,-5.4762690504698,-4.699626932063724,-5.031370380666408,-4.420728602913016,-3.6433437691190003,-4.132529059469785,-4.166185295288547,-2.250353088334342,-4.891071886155517,-6.48477297041408,-6.824261998657061,-4.513835738941678,-4.831543539451774,-6.9298300802710315,-1.529598637392442,-6.904614840633883,-2.8371017992597576,-1.796361240590576,-5.006618066165334,-4.782005807131088,-7.755332109636387,-3.4174875530051745,-3.0274187570436144,-2.2992027256563734,-3.8710435298785066,-4.239132340364968,-7.14894158728356,-4.249717610924248,-2.042849956169791,-6.984695375260032,-4.314658946052521,-3.292387456398262,-2.0797790527075586,-6.724900923562555,-6.1134027751055715,-4.185709360066865,-2.0311575163770748,-3.029078882957587,-5.550829094958753,-5.203684271411306,-7.2774137594711785,-2.7350835418523944,-2.783580781795938,-3.580987552858252,-2.7859212149370247,-2.369354322885874,-4.486618717737313,-6.091469757158691,-1.6511778445572247,-2.073977089666319,-3.943938849588357,-3.84774600919289,-2.2372477986841686],[-0.8233434646228197,-2.0792966204010197,-1.2368251080435106,-1.9294222104601975,-0.9953910648081692,-2.272469856960716,-1.1272495581067616,-1.5950378766635849,-0.9529569257814376,-2.019656538614373,-1.341658663882181,-1.5189544937251878,-1.3799574432070072,-1.9665798761651203,-1.4129767626922458,-1.0092014657478856,-0.9792666005582502,-1.6708566540920575,-1.4918783668326663,-1.556750920457076]]]},"cp_smc":{"log_Z":[-6602.605591198733],"inf_results":[{"S_R":[2185.0,2474.0,2926.0,1603.0,3126.0],"S_IR":[[518.0,123.0,144.0,199.0,120.0,37.0,46.0,21.0,148.0,54.0,185.0,210.0,40.0,3.0,12.0,75.0,228.0,6.0,5.0,11.0],[3.0,174.0,147.0,177.0,160.0,165.0,148.0,120.0,181.0,158.0,121.0,93.0,69.0,142.0,132.0,158.0,43.0,56.0,94.0,133.0],[738.0,192.0,401.0,11.0,45.0,396.0,275.0,329.0,60.0,0.0,26.0,27.0,0.0,246.0,146.0,0.0,10.0,10.0,6.0,8.0],[378.0,368.0,125.0,41.0,6.0,0.0,24.0,9.0,103.0,59.0,61.0,28.0,48.0,1.0,7.0,23.0,1.0,243.0,1.0,77.0],[702.0,437.0,9.0,320.0,416.0,57.0,7.0,0.0,50.0,81.0,178.0,75.0,117.0,4.0,60.0,273.0,1.0,4.0,72.0,263.0]],"S_JR":[[62.0,794.0,33.0,99.0,10.0,70.0,27.0,5.0,186.0,45.0,320.0,234.0,37.0,8.0,72.0,87.0,40.0,15.0,4.0,37.0],[1657.0,286.0,4.0,22.0,113.0,18.0,9.0,0.0,62.0,67.0,16.0,16.0,46.0,25.0,8.0,78.0,9.0,4.0,4.0,30.0],[170.0,5.0,564.0,7.0,7.0,39.0,393.0,504.0,138.0,19.0,11.0,24.0,10.0,584.0,134.0,11.0,5.0,288.0,7.0,6.0],[51.0,8.0,48.0,68.0,287.0,548.0,43.0,4.0,57.0,27.0,4.0,12.0,21.0,48.0,18.0,40.0,252.0,4.0,51.0,12.0],[26.0,142.0,54.0,376.0,278.0,9.0,5.0,5.0,107.0,217.0,94.0,89.0,210.0,7.0,45.0,680.0,38.0,82.0,108.0,554.0]],"S_KR":[[1097.0,315.0,487.0,286.0],[929.0,340.0,802.0,403.0],[1058.0,318.0,963.0,587.0],[627.0,215.0,381.0,380.0],[780.0,499.0,705.0,1142.0]]}]}},"resampling_scheme":"systematic","datetime":"2020-06-26T01:24:34.447","N":123140,"M":[10,10],"durations":{"5:5":{"(Main.CP, \"vb\")":1.62,"(Main.CP, \"smc\")":49514.17}},"adaptive":true,"a":100.0,"resampling_freq":0}