{"EPOCHS":100,"Rs":[12],"num_results":{"cp_vb":{"log_Z":[-6495.296970968542],"inf_results":[[[-2.551655981886107,-2.265484850239085,-1.944881586301384,-1.8416132777854708,-21.86643803753943,-2.555451838297256,-6.25132422635679,-2.022359745564816,-3.908711789337242,-2.3381083398536866,-2.3216526765655834,-2.411572909598502],[-0.6971747053018991,-247.43725929124383,-247.43725929124383,-247.43725929124383,-1.8365138404891388,-2.8088899277128316,-247.43725929124383,-3.8246467615206026,-2.34964013800471,-3.189519665742605,-247.43725929124383,-2.113883888350064,-247.43725929124383,-247.43725929124383,-247.43725929124383,-247.43725929124383,-247.43725929124383,-247.43725929124383,-247.43725929124383,-247.43725929124383,-247.72343042289086,-247.72343042289086,-247.72343042289086,-1.2871718012371147,-247.72343042289086,-247.72343042289086,-247.72343042289086,-247.72343042289086,-3.6613997140477745,-2.4421058833524922,-247.72343042289086,-3.140803870676021,-2.0826273638509925,-247.72343042289086,-3.8965695752615734,-1.4747630974913104,-3.553156438520063,-247.72343042289086,-247.72343042289086,-1.8171668947829929,-248.04403368682856,-248.04403368682856,-248.04403368682856,-5.134308573262568,-2.3360461690254413,-248.04403368682856,-248.04403368682856,-2.0362847421767105,-2.049830395722376,-2.809184384243391,-2.538848356989628,-2.7112565689105157,-4.099149135824453,-2.183923986802263,-2.046599666375811,-5.505779411056585,-248.04403368682856,-1.7903075646095568,-248.04403368682856,-248.04403368682856,-1.0241045595463865,-0.8244508565748863,-3.7871410582535985,-2.5733728023054017,-248.14730199534446,-3.49167347322339,-248.14730199534446,-248.14730199534446,-248.14730199534446,-3.5699813924867048,-248.14730199534446,-3.298180769931202,-248.14730199534446,-248.14730199534446,-248.14730199534446,-248.14730199534446,-248.14730199534446,-248.14730199534446,-5.099941313288971,-248.14730199534446,-228.1224772355905,-228.1224772355905,-228.1224772355905,-228.1224772355905,-228.1224772355905,-228.1224772355905,-228.1224772355905,-228.1224772355905,-228.1224772355905,-228.1224772355905,-228.1224772355905,-228.1224772355905,-228.1224772355905,-228.1224772355905,-228.1224772355905,-228.1224772355905,-228.1224772355905,-228.1224772355905,-228.1224772355905,-228.1224772355905,-247.43346343483267,-1.2475703134727452,-247.43346343483267,-247.43346343483267,-247.43346343483267,-1.6831721464035683,-3.413327850684041,-247.43346343483267,-247.43346343483267,-3.2323949957790843,-247.43346343483267,-247.43346343483267,-2.5274786736002097,-247.43346343483267,-247.43346343483267,-1.7165786084048218,-247.43346343483267,-247.43346343483267,-247.43346343483267,-1.6508303030332492,-243.73759104677313,-243.73759104677313,-243.73759104677313,-243.73759104677313,-243.73759104677313,-243.73759104677313,-243.73759104677313,-243.73759104677313,-243.73759104677313,-243.73759104677313,-243.73759104677313,-243.73759104677313,-243.73759104677313,-243.73759104677313,-0.0033399045050321874,-243.73759104677313,-243.73759104677313,-243.73759104677313,-243.73759104677313,-243.73759104677313,-1.2928313224439432,-247.9665555275651,-1.2935071498385584,-247.9665555275651,-247.9665555275651,-247.9665555275651,-2.0915376424892136,-1.9847316201437648,-3.6072222612050258,-247.9665555275651,-4.321792378293415,-247.9665555275651,-247.9665555275651,-2.2577208600797904,-3.7072333699670406,-247.9665555275651,-247.9665555275651,-4.27765625029858,-247.9665555275651,-5.498058277779179,-246.0802034837927,-246.0802034837927,-246.0802034837927,-246.0802034837927,-246.0802034837927,-246.0802034837927,-4.337263953929154,-246.0802034837927,-1.8164578415827686,-246.0802034837927,-0.373406970769512,-246.0802034837927,-3.535360738773153,-246.0802034837927,-246.0802034837927,-246.0802034837927,-2.3173570231731664,-246.0802034837927,-246.0802034837927,-246.0802034837927,-1.532699473608666,-247.65080693327624,-247.65080693327624,-247.65080693327624,-1.034904471642677,-247.65080693327624,-247.65080693327624,-6.249831677038976,-2.441108224647534,-247.65080693327624,-2.2948356122269686,-4.05019210457397,-247.65080693327624,-247.65080693327624,-3.4580403851436867,-3.0623963257787183,-7.1913923599574,-247.65080693327624,-2.6636429006349482,-2.6780251255795884,-0.9804156162692763,-2.011200883069285,-2.8346603427167043,-247.66726259656434,-247.66726259656434,-1.216242106159756,-2.5657057991479864,-247.66726259656434,-247.66726259656434,-247.66726259656434,-247.66726259656434,-3.206056346148051,-247.66726259656434,-247.66726259656434,-247.66726259656434,-247.66726259656434,-247.66726259656434,-7.087750258089762,-5.1002718616275065,-4.789295199973138,-247.57734236353144,-247.57734236353144,-1.4395447691118495,-1.5520007369571864,-247.57734236353144,-247.57734236353144,-1.878969209749842,-247.57734236353144,-247.57734236353144,-247.57734236353144,-2.2365694118552764,-247.57734236353144,-247.57734236353144,-3.7576115491255657,-247.57734236353144,-247.57734236353144,-1.616864172855328,-247.57734236353144,-2.703863558208642,-247.57734236353144],[-247.43725929124383,-0.7692559094444213,-247.43725929124383,-1.695311874392945,-247.43725929124383,-247.43725929124383,-4.395617207018724,-247.43725929124383,-247.43725929124383,-247.43725929124383,-2.13907934518208,-247.43725929124383,-247.43725929124383,-247.43725929124383,-1.9939601064950985,-247.43725929124383,-5.808021805560158,-247.43725929124383,-2.517192821697944,-247.43725929124383,-247.72343042289086,-1.5084784423958428,-247.72343042289086,-247.72343042289086,-1.4000655022875357,-3.525131852234185,-247.72343042289086,-247.72343042289086,-3.054970594654071,-2.82320142905973,-2.53983148763452,-247.72343042289086,-247.72343042289086,-247.72343042289086,-247.72343042289086,-1.8231126738828909,-7.373529356049756,-247.72343042289086,-247.72343042289086,-1.8836842106472504,-0.6950528238161304,-3.0250488722269875,-1.8686303318768482,-248.04403368682856,-3.3094861225478978,-1.8483844206554183,-4.42612054345494,-248.04403368682856,-2.8342724699591884,-4.671955485419921,-248.04403368682856,-248.04403368682856,-5.0141835889580815,-248.04403368682856,-248.04403368682856,-4.6808546275760445,-248.04403368682856,-248.04403368682856,-7.151570435869425,-5.485620076295421,-248.14730199534446,-248.14730199534446,-248.14730199534446,-4.033961773040085,-2.0655653763724953,-2.9401954382410276,-2.7129735041435055,-3.291904374033545,-248.14730199534446,-3.4758312066925052,-2.811995912437413,-2.725517411817365,-3.106308387361368,-2.829658443149367,-248.14730199534446,-1.650120178153598,-1.9020912186103782,-248.14730199534446,-248.14730199534446,-2.359457900200952,-228.1224772355905,-228.1224772355905,-228.1224772355905,-228.1224772355905,-228.1224772355905,-228.1224772355905,-228.1224772355905,-228.1224772355905,-228.1224772355905,-228.1224772355905,-228.1224772355905,-228.1224772355905,-228.1224772355905,-228.1224772355905,-228.1224772355905,-228.1224772355905,-228.1224772355905,-228.1224772355905,-228.1224772355905,-228.1224772355905,-0.47561583529928253,-247.43346343483267,-247.43346343483267,-1.4429511387862473,-247.43346343483267,-247.43346343483267,-247.43346343483267,-247.43346343483267,-247.43346343483267,-247.43346343483267,-247.43346343483267,-247.43346343483267,-247.43346343483267,-247.43346343483267,-3.868201463299552,-247.43346343483267,-247.43346343483267,-3.356058271616679,-2.4728115950676948,-247.43346343483267,-243.73759104677313,-243.73759104677313,-1.1010654974093375,-243.73759104677313,-243.73759104677313,-243.73759104677313,-243.73759104677313,-243.73759104677313,-243.73759104677313,-243.73759104677313,-243.73759104677313,-243.73759104677313,-243.73759104677313,-0.4407918463113609,-243.73759104677313,-243.73759104677313,-243.73759104677313,-243.73759104677313,-243.73759104677313,-243.73759104677313,-247.9665555275651,-247.9665555275651,-247.9665555275651,-4.183507119658671,-247.9665555275651,-1.8318965551878907,-1.6512879722130052,-1.3279420551201877,-247.9665555275651,-247.9665555275651,