{"EPOCHS":100,"Rs":[14],"num_results":{"cp_vb":{"log_Z":[-6489.520853722788],"inf_results":[[[-2.1677471827090127,-3.9253687868836407,-2.7621828709711806,-2.409255541082466,-2.1424997864096893,-4.255908563699996,-1.5874202416700909,-2.3489842579915745,-3.137907176720966,-23.884016819759438,-3.4850840009363004,-3.061151094770624,-2.5186058568712575,-2.533117195039324],[-0.9507858481105531,-287.8221417100025,-2.4965207444597715,-2.0081878733154497,-287.8221417100025,-2.905150738004048,-2.8755165131166223,-287.8221417100025,-2.235956909126066,-3.361498105578706,-287.8221417100025,-287.8221417100025,-287.8221417100025,-287.8221417100025,-287.8221417100025,-287.8221417100025,-1.9537082460505308,-287.8221417100025,-287.8221417100025,-287.8221417100025,-286.06452010582785,-286.06452010582785,-286.06452010582785,-2.4866050348041644,-286.06452010582785,-286.06452010582785,-286.06452010582785,-286.06452010582785,-286.06452010582785,-4.915014446984822,-286.06452010582785,-286.06452010582785,-4.87120574814114,-0.11027007052472726,-286.06452010582785,-286.06452010582785,-286.06452010582785,-286.06452010582785,-286.06452010582785,-286.06452010582785,-287.22770602174035,-287.22770602174035,-287.22770602174035,-0.890752174568707,-287.22770602174035,-287.22770602174035,-287.22770602174035,-287.22770602174035,-2.3527186760415573,-287.22770602174035,-287.22770602174035,-287.22770602174035,-1.755482383359234,-287.22770602174035,-3.0451202137979307,-1.3038273550458257,-287.22770602174035,-287.22770602174035,-287.22770602174035,-287.22770602174035,-0.5655486977684889,-2.5987876921861286,-287.58063335162905,-287.58063335162905,-3.225042718996654,-287.58063335162905,-287.58063335162905,-287.58063335162905,-287.58063335162905,-2.839422794489253,-287.58063335162905,-2.3445120694228923,-287.58063335162905,-287.58063335162905,-287.58063335162905,-3.524186722630153,-4.228153921234252,-287.58063335162905,-3.8392541928974535,-2.3615481072057634,-0.8756716819430856,-2.43467941790977,-1.8094555527686884,-5.481436936061552,-287.8473891063018,-287.8473891063018,-2.028813197646352,-2.694476673942007,-2.9511874800146094,-287.8473891063018,-4.216955314696381,-5.121379930910933,-287.8473891063018,-287.8473891063018,-2.9431385971719752,-287.8473891063018,-287.8473891063018,-287.8473891063018,-287.8473891063018,-287.8473891063018,-285.7339803290115,-285.7339803290115,-285.7339803290115,-285.7339803290115,-285.7339803290115,-285.7339803290115,-285.7339803290115,-285.7339803290115,-285.7339803290115,-0.8274897616886729,-285.7339803290115,-285.7339803290115,-285.7339803290115,-285.7339803290115,-285.7339803290115,-285.7339803290115,-285.7339803290115,-285.7339803290115,-285.7339803290115,-0.5804839238657111,-288.40246865104143,-1.9236976204331544,-288.40246865104143,-288.40246865104143,-1.9545938502337599,-288.40246865104143,-3.84726581324656,-288.40246865104143,-2.909353074605857,-3.2337687944548934,-2.0078860458912784,-2.687527286296768,-3.177381441750166,-2.6984317759140763,-4.371120409810789,-2.2080454905160716,-288.40246865104143,-4.456028555423158,-3.189680603092021,-2.2275325566746007,-0.7386986812085503,-287.6409046347199,-4.573968220852429,-287.6409046347199,-1.6776250093617646,-1.4297460714019863,-287.6409046347199,-4.7614992208086235,-287.6409046347199,-287.6409046347199,-287.6409046347199,-287.6409046347199,-287.6409046347199,-287.6409046347199,-4.384064962585855,-5.194696464578757,-287.6409046347199,-287.6409046347199,-3.177463507093395,-4.2631340931069435,-286.8519817159905,-286.8519817159905,-0.7920842627167657,-286.8519817159905,-4.495567050879199,-286.8519817159905,-286.8519817159905,-286.8519817159905,-286.8519817159905,-2.2179981476908432,-4.936168536839726,-286.8519817159905,-286.8519817159905,-286.8519817159905,-286.8519817159905,-286.8519817159905,-286.8519817159905,-0.8767735782450661,-286.8519817159905,-286.8519817159905,-266.1058720729521,-266.1058720729521,-266.1058720729521,-266.1058720729521,-266.1058720729521,-266.1058720729521,-266.1058720729521,-266.1058720729521,-266.1058720729521,-266.1058720729521,-266.1058720729521,-266.1058720729521,-266.1058720729521,-266.1058720729521,-266.1058720729521,-266.1058720729521,-266.1058720729521,-266.1058720729521,-266.1058720729521,-266.1058720729521,-286.5048048917752,-286.5048048917752,-286.5048048917752,-0.5815808156218676,-1.1596048531896042,-286.5048048917752,-286.5048048917752,-286.5048048917752,-2.6918094858419424,-286.5048048917752,-286.5048048917752,-3.06750388088244,-286.5048048917752,-286.5048048917752,-286.5048048917752,-286.5048048917752,-4.867927041115422,-286.5048048917752,-286.5048048917752,-286.5048048917752,-286.92872694178635,-1.9122761754136848,-0.9785806159679051,-286.92873779794087,-286.92873779794087,-2.743801986797024,-286.92873779794087,-1.2256093977915015,-286.92873779794087,-286.92873779794087,-3.5078962243122205,-2.887599822317241,-286.92873779794087,-4.356611216066229,-286.92873779794087,-286.92873779794087,-4.2757027632092495,-286.92873779794087,-286.92873779794087,-286.92873779794087,-287.47128303584026,-0.4548328035333924,-287.47128303584026,-287.47128303584026,-287.47128303584026,-287.47128303584026,-287.47128303584026,-287.47128303584026,-287.47128303584026,-287.47128303584026,-1.6632219385061653,-2.354069767465983,-3.472630850861651,-287.47128303584026,-287.47128303584026,-287.47128303584026,-7.181953467016494,-3.065654253474369,-287.47128303584026,-287.47128303584026,-287.4567716976722,-287.4567716976722,-287.4567716976722,-287.4567716976722,-287.4567716976722,-1.3349025132793582,-1.7218053135988223,-1.5871915136261654,-2.5539748945003105,-287.4567716976722,-287.4567716976722,-287.4567716976722,-287.4567716976722,-287.4567716976722,-1.6131037239709194,-287.4567716976722,-2.92404481105054,-3.926785582940565,-287.4567716976722,-287.4567716976722],[-287.8221417100025,-0.7922721180341572,-287.8221417100025,-287.8221417100025,-3.3985325285868635,-287.8221417100025,-287.8221417100025,-3.596878512589539,-287.8221417100025,-287.8221417100025,-2.381564593456047,-2.0887246536458566,-4.280531959767922,-287.8221417100025,-2.242623829256064,-2.332805473663515,-2.9916857400425263,-287.8221417100025,-287.8221417100025,-287.8221417100025,-286.06452010582785,-286.06452010582785,-1.5866022867456766,-286.06452010582785,-4.76811786118339,-286.06452010582785,-1.2461236841865615,-0.8359592887275822,-286.06452010582785,-286.06452010582785,-286.06452010582785,-286.06452010582785,-286.06452010582785,-286.06452010582785,-3.0197353341242166,-286.06452010582785,-286.06452010582785,-286.06452010582785,-5.004922365442547,-286.06452010582785,-1.3868166525250354,-287.22770602174035,-287.22770602174035,-287.22770602174035,-1.221465669506724,-287.22770602174035,-287.22770602174035,-287.22770602174035,-3.441736578325266,-2.3547442230164286,-287.22770602174035,-287.22770602174035,-287.22770602174035,-287.22770602174035,-287.22770602174035,-287.22770602174035,-287.22770602174035,-3.6823733467426623,-287.22770602174035,-1.2040722605998235,-287.58063335162905,-287.58063335162905,-287.58063335162905,-1.9844143320123404,-1.7157382315332868,-287.58063335162905,-3.4509507587191446,-287.58063335162905,-1.4266989551446638,-2.864354407380839,-2.30112934944835,-287.58063335162905,-287.58063335162905,-287.58063335162905,-3.0227409179748426,-287.58063335162905,-2.9345878037226063,-287.58063335162905,-2.3999156721576487,-2.8631637725771695,-287.8473891063018,-287.8473891063018,-287.8473891063018,-287.8473891063018,-287.8473891063018,-1.5756748241597993,-2.095592156775778,-1.3856445802969963,-6.216750974167509,-287.8473891063018,-287.8473891063018,-287.8473891063018,-287.8473891063018,-1.092636852265799,-287.8473891063018,-2.5146469675552217,-287.8473891063018,-287.8473891063018,-287.8473891063018,-287.8473891063018,-285.7339803290115,-285.7339803290115,-285.7339803290115,-285.7339803290115,-1.0862255740837634,-285.7339803290115,-285.7339803290115,-285.7339803290115,-285.7339803290115,-285.7339803290115,-285.7339803290115,