{"EPOCHS":100,"Rs":[12],"num_results":{"cp_vb":{"log_Z":[-7301.99691304419],"inf_results":[[[-1.8964956002028845,-2.2405865173240445,-3.423421679731188,-2.8529233214685332,-1.9658111331446175,-3.2253702389228334,-2.545296547355135,-4.018991021699272,-2.6910668678242695,-4.268636550728008,-1.4498347501023288,-2.8106675063158075],[-0.6710000923115444,-1.8734951557771078,-3.4096424015875098,-24008.099103840716,-2.1641609051697337,-2.6624045860015206,-24008.099103840716,-24008.099103840716,-24008.099103840716,-24008.099103840716,-3.478046564377199,-2.6114740591405425,-5.793979525690658,-24008.099103840716,-24008.099103840716,-24008.099103840716,-4.823319475358461,-24008.099103840716,-24008.099103840716,-24008.099103840716,-24007.755012923593,-24007.755012923593,-1.5965597987957176,-3.1911708729275214,-4.3524271003968344,-24007.755012923593,-2.0874743339519055,-2.137749189003655,-24007.755012923593,-24007.755012923593,-2.5371330453032757,-2.0965178576581547,-24007.755012923593,-24007.755012923593,-3.641319949432653,-24007.755012923593,-1.6590584960362058,-2.531418529498552,-24007.755012923593,-24007.755012923593,-24006.572177761187,-24006.572177761187,-24006.572177761187,-24006.572177761187,-24006.572177761187,-24006.572177761187,-0.8893228467825569,-24006.572177761187,-24006.572177761187,-24006.572177761187,-24006.572177761187,-24006.572177761187,-24006.572177761187,-0.6178362792148997,-3.047660564448575,-24006.572177761187,-24006.572177761187,-24006.572177761187,-24006.572177761187,-24006.572177761187,-24007.14267611945,-24007.14267611945,-1.3546242371374335,-24007.14267611945,-24007.14267611945,-0.7076425261524335,-24007.14267611945,-24007.14267611945,-24007.14267611945,-24007.14267611945,-4.674584605805805,-24007.14267611945,-3.591511269556192,-1.6998085464051176,-24007.14267611945,-5.410444721103661,-24007.14267611945,-24007.14267611945,-24007.14267611945,-3.8686342199944774,-0.7690044165864807,-1.903024780400587,-24008.029788307773,-3.4684483682207246,-1.7626567858005853,-3.575221196210812,-24008.029788307773,-24008.029788307773,-2.447117564359589,-24008.029788307773,-24008.029788307773,-3.258166801549619,-24008.029788307773,-24008.029788307773,-3.977510300144515,-24008.029788307773,-24008.029788307773,-24008.029788307773,-24008.029788307773,-4.547280247642088,-24006.770229201997,-24006.770229201997,-24006.770229201997,-24006.770229201997,-24006.770229201997,-1.3587681795652546,-24006.770229201997,-0.7934127432562663,-24006.770229201997,-24006.770229201997,-24006.770229201997,-2.988772627324876,-24006.770229201997,-24006.770229201997,-1.4383731071799621,-24006.770229201997,-24006.770229201997,-24006.770229201997,-24006.770229201997,-24006.770229201997,-24007.450302893565,-1.3724294194022928,-24007.450302893565,-24007.450302893565,-1.4795771299748628,-24007.450302893565,-3.3115252193732974,-24007.450302893565,-2.264176470759298,-3.148657786632606,-2.1537705342559876,-5.049018999769951,-3.5755097079260727,-24007.450302893565,-2.3067296008434104,-24007.450302893565,-24007.450302893565,-3.0474680371780933,-3.417320476933026,-24007.450302893565,-24005.97660841922,-1.4105826141540412,-2.85099008480861,-24005.97660841922,-24005.97660841922,-24005.97660841922,-1.4441725359719628,-1.1321565041840245,-2.7361949057281816,-24005.97660841922,-2.7509591531977176,-24005.97660841922,-24005.97660841922,-24005.97660841922,-24005.97660841922,-24005.97660841922,-24005.97660841922,-24005.97660841922,-24005.97660841922,-24005.97660841922,-1.3229500128299438,-0.66292562601841,-24007.304532573096,-24007.304532573096,-24007.304532573096,-24007.304532573096,-6.3773846550160584,-24007.304532573096,-24007.304532573096,-24007.304532573096,-1.7664295266722556,-3.1394210756136056,-24007.304532573096,-24007.304532573096,-24007.304532573096,-24007.304532573096,-24007.304532573096,-24007.304532573096,-24007.304532573096,-24007.304532573096,-24005.726962890192,-24005.726962890192,-1.2872425906790288,-24005.726962890192,-24005.726962890192,-24005.726962890192,-24005.726962890192,-24005.726962890192,-24005.726962890192,-24005.726962890192,-24005.726962890192,-24005.726962890192,-24005.726962890192,-24005.726962890192,-24005.726962890192,-24005.726962890192,-24005.726962890192,-0.327018824612864,-24005.726962890192,-24005.726962890192,-24008.545764690818,-24008.545764690818,-24008.545764690818,-1.5088957259263829,-24008.545764690818,-24008.545764690818,-6.84692899769645,-4.572357986981643,-2.3480572501004,-2.2334953336759487,-3.091479850149054,-24008.545764690818,-2.5760684941414267,-4.090712683434887,-3.94378328014879,-1.7055262827015767,-24008.545764690818,-4.216479894397972,-2.98970040284003,-1.8430595709788786,-0.6926473281122822,-3.5701411100483678,-1.074930263373341,-24007.184931934604,-24007.184931934604,-24007.184931934604,-2.2612546579515085,-24007.184931934604,-24007.184931934604,-24007.184931934604,-24007.184931934604,-24007.184931934604,-24007.184931934604,-24007.184931934604,-24007.184931934604,-24007.184931934604,-3.7565837287456976,-24007.184931934604,-24007.184931934604,-24007.184931934604],[-24008.099103840716,-1.6015066003828746,-24008.099103840716,-24008.099103840716,-2.200030354693504,-24008.099103840716,-2.352052363771592,-3.5860498897258974,-1.7577550397281092,-2.348214594250119,-2.2878576178501433,-24008.099103840716,-2.2050670975576265,-24008.099103840716,-24008.099103840716,-24008.099103840716,-4.747069886419116,-24008.099103840716,-2.8584512472983548,-4.1170873240798755,-1.115427675422585,-1.1528891825917524,-4.799365436586989,-24007.755012923593,-3.8252968128096203,-2.0208052041575586,-24007.755012923593,-24007.755012923593,-2.8825192078889,-24007.755012923593,-2.5774247855117673,-2.9510984670131837,-5.6647530689910806,-24007.755012923593,-24007.755012923593,-24007.755012923593,-24007.755012923593,-5.884966200464295,-24007.755012923593,-24007.755012923593,-1.2208673056293868,-24006.572177761187,-1.333900505139674,-24006.572177761187,-24006.572177761187,-24006.572177761187,-24006.572177761187,-0.823056741427675,-24006.572177761187,-24006.572177761187,-24006.572177761187,-24006.572177761187,-24006.572177761187,-24006.572177761187,-24006.572177761187,-24006.572177761187,-24006.572177761187,-24006.572177761187,-24006.572177761187,-24006.572177761187,-0.8613466319491021,-24007.14267611945,-24007.14267611945,-4.55974718194941,-24007.14267611945,-24007.14267611945,-1.6220469406876195,-24007.14267611945,-24007.14267611945,-24007.14267611945,-24007.14267611945,-24007.14267611945,-24007.14267611945,-24007.14267611945,-3.1002213900918862,-24007.14267611945,-24007.14267611945,-1.1344377877906489,-24007.14267611945,-24007.14267611945,-24008.029788307773,-24008.029788307773,-1.9148935353253513,-24008.029788307773,-24008.029788307773,-1.8492611494527216,-3.9767695348632217,-24008.029788307773,-24008.029788307773,-24008.029788307773,-24008.029788307773,-2.561450682948294,-24008.029788307773,-3.5835384540577135,-3.0781012578130085,-1.4837018589199324,-24008.029788307773,-2.380783870935108,-24008.029788307773,-1.589958136749674,-24006.770229201997,-24006.770229201997,-0.8565442697481851,-24006.770229201997,-24006.770229201997,-24006.770229201997,-1.5380171632433415,-24006.770229201997,-2.0838232267506553,-24006.770229201997,-24006.770229201997,-24006.770229201997,-24006.770229201997,-1.4565043562299635,-24006.770229201997,-24006.770229201997,-24006.770229201997,-24006.770229201997,-24006.770229201997,-24006.770229201997,-0.44060224137307635,-24007.450302893565,-2.211498991095251,-1.9154337239415025,-24007.450302893565,-24007.450302893565,-24007.450302893565,-3.915020513531951,-24007.450302893565,-2.557097946592526,-24007.450302893565,-24007.450302893565,-24007.450302893565,-24007.450302893565,-24007.450302893565,-24007.450302893565,-24007.450302893565,-24007.450302893565,-24007.450302893565,-24007.450302893565,-24005.97660841922,-24005.97660841922,-24005.97660841922,-24005.97660841922,-24005.97660841922,-24005.97660841922,-24005.97660841922,-24005.97660841922,