{"EPOCHS":100,"Rs":[12],"num_results":{"cp_vb":{"log_Z":[-5105.500744490884],"inf_results":[[[-2.11345885591295,-2.1710424697616837,-2.3642321852970873,-2.7259418625168106,-2.822447140839965,-2.8921161663618093,-2.967010701437373,-2.3631979129391656,-2.8826367845585485,-2.580893340885635,-2.290581210238159,-2.1912452814922156],[-0.16260495419837806,-8.83325671763289,-8.626655082792864,-8.579191440844014,-8.496901338701257,-2.9144594143622973,-3.7152890313615594,-8.692231792754075,-3.9548154606350456,-9.171423395350061,-4.030448849267149,-8.255193741699557,-9.128033543150277,-5.999401652653557,-3.698167104877143,-9.23198841867125,-8.980436450564559,-9.043705917526841,-8.758585450732042,-9.050670519660764,-9.215971688376907,-1.5633819717484494,-8.808499197872631,-5.243878975300527,-7.603641364572288,-3.7395404082530703,-2.3179846561431052,-1.1921495530919106,-3.0782875122310047,-5.670051976451773,-3.699097899473669,-3.534679465881103,-8.83973213115697,-2.5294706226958157,-2.0781176638628924,-8.964971386564505,-8.608980819827107,-3.234609301912106,-5.435339130581455,-8.888038653705538,-1.577939428791491,-1.7530900851867957,-5.134062497490168,-1.9178517755168851,-1.7892621174955625,-6.12890169564136,-6.528581422361209,-6.146121382677624,-3.086671166119106,-3.1425861687666656,-3.0656981765180222,-3.4404077284622194,-4.3345660345210195,-5.7892978553984245,-4.2115116858897546,-8.960490524584234,-6.465798321735004,-6.832489681536186,-4.540233573530218,-2.59217080329735,-8.480775669741323,-7.804851280963983,-8.634998955890651,-8.3603573849801,-0.9749142681624887,-5.555903628247833,-6.279043442220203,-4.86750313556406,-3.239200331931877,-4.095572860328614,-1.8189905091653253,-5.730686808465986,-8.50024778247054,-8.006702452490376,-7.473926734867037,-2.1153197536951778,-7.756001969811219,-3.8338215800694844,-2.173979769952595,-2.128414952380351,-8.12324365083675,-4.628857859971301,-8.535589593933853,-8.195247413303237,-8.632552990361562,-4.01033752957936,-7.664579720885434,-8.760685486817367,-8.18005327593776,-3.2684533397220346,-8.094559022911634,-5.801262219069084,-1.5123632596235739,-8.092940775819168,-3.3793410105247275,-0.9538860785576118,-8.512243905080876,-3.8368054478648093,-5.030749026485161,-1.388673042314891,-8.262144793734358,-6.959405106163512,-2.3261979781832176,-3.911653868240558,-2.372404795937692,-0.454933381587189,-8.358937181172156,-7.652417011947511,-7.663725413602018,-8.514809979764877,-6.293154481998348,-8.308504458627059,-3.6333035687636195,-6.316723920638382,-2.7020034377880418,-8.430704759553004,-7.644911119734598,-8.352028930988425,-8.319069701611395,-3.1812933077695993,-1.4882575808769696,-8.03152832571454,-1.7327289519053641,-7.252834718859338,-3.878699699253988,-8.835226550269152,-3.334721109908822,-5.361825479671918,-2.432338932809949,-3.7007677936548897,-4.116847279609987,-3.865787385434731,-4.939848649896964,-8.784047157802085,-3.585164980123556,-8.160222309710468,-5.791442230143812,-1.198865374615437,-8.831019990096932,-3.4448376276019794,-8.693800698415199,-8.65396161656496,-2.673893628896929,-0.763714216886795,-8.655907777132084,-8.386529216853598,-8.610584225604775,-8.045331600445902,-1.8605572103157826,-1.882724877375204,-8.750668576311643,-2.076226647160105,-8.093769366411681,-7.338605203684955,-8.190812091683368,-8.729575103665347,-8.048610659152057,-8.306039200158478,-3.8571788950192922,-7.674582629333295,-0.874753080745724,-8.844105938607113,-7.967111875522871,-6.922366243482674,-6.98121974618806,-6.073203706080032,-7.713896678423341,-4.510814746821236,-7.408055001562103,-8.256960084847107,-2.8705337212469515,-6.406462566837863,-8.310917638945213,-5.729918154086583,-4.058583107109027,-2.0071763983039803,-1.455366369027054,-6.509570072237979,-7.583492827377189,-2.2534286275415036,-8.612043702133382,-2.5358137315749465,-0.8182587318911061,-4.871063839232386,-5.128039927449867,-7.924746738670541,-1.7532905092852697,-8.467718637667781,-4.648298238949987,-8.721763783671625,-7.452226953185893,-8.727061442638872,-8.94396164324396,-1.364639984856745,-4.831085751803971,-8.927204969200542,-4.899927635579907,-6.583343741330409,-8.739972867014657,-8.844189450095133,-8.9014751217128,-9.055025399908324,-2.291085404465976,-6.872523123897219,-2.0618536517674944,-2.7412021200497305,-2.2754785343937343,-3.8198053458779873,-2.67962766736085,-3.1964927328994137,-2.2568337292315377,-2.44745439297444,-2.9006291327224965,-3.720947411048057,-4.421441999832577,-3.183944862194875,-2.4533677591747205,-3.65839478558059,-3.5536752133725718,-8.48609753888035,-1.2742042650707663,-0.6678004737899306,-4.511515421864637,-8.806340459695349,-9.106146327534642,-8.37005844764845,-5.693714376627092,-7.701739381566047,-3.8952236255390593,-5.030324174665198,-2.3018143847045156,-2.8734831256685123,-6.217599880203764,-9.19990821010997,-8.801071300733268,-9.194516170429571,-8.948993056312244,-9.188294415980298,-8.73829114936527,-8.920994731947683],[-9.65958633705091,-8.294325134629156,-2.0395929161953257,-3.3155589358022373,-2.4805483760936733,-8.569583221185928,-2.4278018617431742,-2.1690068048520716,-2.5805606571755515,-2.8362252524734446,-3.6516270651567786,-5.082494612683245,-3.1303013097333467,-2.0616526876169656,-2.565202962426433,-8.215604463772678,-8.619431382602507,-2.7756613363407974,-3.5387497667680776,-3.360693336691692,-0.9157137513211451,-8.69485018808418,-1.4717571280260202,-8.620578092157588,-5.321594870465148,-5.25383290998523,-2.235269142975958,-8.780880503554343,-3.8053429935649565,-8.539181203136485,-5.350557202447588,-9.103749621950904,-8.64541849025819,-1.5561656354571811,-5.154503602358196,-7.24260479574335,-7.111514084898794,-7.0883298602977245,-9.407963620386907,-9.344600879266617,-8.644026938378223,-8.451805651376693,-8.49032192765669,-8.616998565365005,-8.776479297961197,-5.625577619173168,-8.367371838166868,-8.95255080826908,-8.273838287994463,-8.788960974967377,-8.501184623363255,-8.176731880537258,-7.599206682133115,-8.294279835437209,-4.495365025507056,-0.44086528192510777,-8.31739608450715,-6.443054274939142,-8.641537594968417,-1.1084716472248868,-1.2669571025340414,-7.943835155371647,-8.243471794365442,-1.5160497280933418,-8.72362482276362,-8.117896247320523,-8.365502764689762,-8.768501000702729,-2.757913918976804,-2.0310983178724413,-8.164372094718006,-3.9323566066009166,-1.596434478023152,-4.338124024649948,-4.978201950085734,-8.418649550609212,-8.686037276003155,-8.12956084300444,-8.863010577291117,-3.007893131441555,-1.6745268088798948,-7.609785789444873,-6.154534825138953,-2.2097807688911457,-1.148861244846664,-4.244112726345581,-5.0408418607316445,-8.986520144380561,-4.1768490831701275,-2.8986341991082667,-4.438036139520533,-4.146942258621116,-8.220482774231746,-8.891806075732669,-4.711195986953805,-8.361371025984463,-6.418091788054508,-4.867377878362053,-2.5915405179376796,-1.841800611594758,-1.3879069799624855,-7.388575039945794,-1.9793268200066851,-8.194784976335582,-7.433469743972148,-8.717548302705687,-4.32933465988942,-7.5226555045473855,-2.2425887615512163,-3.8543584151333796,-4.518049877077882,-3.364727302802998,-8.146147388705558,-7.8360268141543425,-4.114882941109741,-8.255989150859339,-5.478892189385402,-0.9583798608908358,-8.607396286553094,-5.02109602508113,-7.917250768859614,-7.497502138857732,-4.113130162842898,-7.9759454256316475,-2.7301222925181747,-0.1128153638188154,-8.36150516962644,-7.6629918788679525,-6.683447406244262,-8.1452734520125,-7.440346532979365,-7.888518323687957,-5.0707050367825905,-8.03174280591109,-7.835067532376895,-7.902669159483265,-8.56996076139409,-8.295844462297548,-7.7858254344822955,-8.15427133898714,-1.5037697413696582,-1.6940263567515617,-8.344388358760044,-9.22929485346102,-2.0713067608172926,-4.277431881902875,-4.2850487588532395,-8.898260253681398,-3.28068927158211,-3.327541442010283,-1.8929039036885955,-3.446466501897483,-3.802658568350033,-7.44588911881322,-3.1010268477526273,-2.8690036789338,-4.141830955674448,-8.796031210010497,-4.540409079797525,-3.6964832158244043,