{"EPOCHS":100,"Rs":[9],"num_results":{"cp_vb":{"log_Z":[-7681.33069321324],"inf_results":[[[-2.669312755330041,-2.099087299339363,-2.08754362683277,-1.7082216260666883,-2.389078255928542,-2.334623970601914,-2.0911504504948217,-1.6831143304622485,-5.354327359273509],[-18007.326263840903,-18007.326263840903,-18007.326263840903,-18007.326263840903,-18007.326263840903,-18007.326263840903,-18007.326263840903,-18007.326263840903,-18007.326263840903,-2.4200354866802085,-1.3191661374902877,-4.090994131527188,-1.5072497402209706,-18007.326263840903,-18007.326263840903,-0.9084657196401951,-18007.326263840903,-18007.326263840903,-18007.326263840903,-18007.326263840903,-0.7914856624146314,-2.1770707395700093,-1.7364533757242633,-18007.896489296894,-18007.896489296894,-18007.896489296894,-18007.896489296894,-5.364505901169858,-4.359499800053216,-18007.896489296894,-2.158917427187415,-18007.896489296894,-18007.896489296894,-2.291929765080744,-3.8625979892447826,-18007.896489296894,-18007.896489296894,-18007.896489296894,-18007.896489296894,-18007.896489296894,-18007.9080329694,-18007.9080329694,-1.6598575558786477,-4.032707220222932,-18007.9080329694,-18007.9080329694,-1.9391538767172927,-1.210350294995231,-2.8677241646185596,-18007.9080329694,-18007.9080329694,-3.686114059911689,-4.782727163391726,-1.8741994219774414,-2.4220395505126406,-18007.9080329694,-4.215921721441212,-18007.9080329694,-18007.9080329694,-18007.9080329694,-0.7999343201733211,-18008.28735497017,-3.075664080940551,-1.6793961076066557,-18008.28735497017,-18008.28735497017,-4.500465249047538,-18008.28735497017,-2.6075807371923077,-3.466784979023134,-18008.28735497017,-2.58269976821642,-18008.28735497017,-18008.28735497017,-18008.28735497017,-18008.28735497017,-2.451429522315041,-18008.28735497017,-3.258893333294422,-18008.28735497017,-18007.606498340305,-1.1715285524266177,-18007.606498340305,-2.560306697525432,-1.283039610600512,-18007.606498340305,-18007.606498340305,-5.23125527749607,-3.4712518957315917,-18007.606498340305,-2.5555148110970576,-3.687517577479967,-4.15633644818957,-4.996011959652961,-3.950675619780755,-18007.606498340305,-18007.606498340305,-18007.606498340305,-18007.606498340305,-1.894188229636617,-18007.660952625632,-18007.660952625632,-18007.660952625632,-18007.660952625632,-1.3037950859131193,-1.0967094287160881,-3.02388520702178,-18007.660952625632,-18007.660952625632,-18007.660952625632,-18007.660952625632,-18007.660952625632,-3.122913337059028,-18007.660952625632,-18007.660952625632,-1.9000302754513596,-18007.660952625632,-3.7227646451362895,-18007.660952625632,-2.0742768443414272,-0.8487772408075482,-2.3001714110453424,-2.222364034257965,-18007.90442614574,-18007.90442614574,-2.692830826845328,-2.0508704929678743,-18007.90442614574,-18007.90442614574,-18007.90442614574,-2.958847748882296,-18007.90442614574,-18007.90442614574,-18007.90442614574,-18007.90442614574,-18007.90442614574,-6.048241042462501,-2.2016282360633506,-18007.90442614574,-18007.90442614574,-18008.312462265774,-1.30815571739471,-18008.312462265774,-2.361907564729141,-3.0468403194844313,-2.7097352791524267,-18008.312462265774,-5.560830667661768,-2.280480934931923,-2.749912607701072,-18008.312462265774,-2.536345800057914,-18008.312462265774,-18008.312462265774,-2.622907400378878,-6.098561106598108,-3.597979019816667,-2.9445607310039943,-3.2216306717855794,-2.5950348413612376,-18004.64124923696,-18004.64124923696,-18004.64124923696,-18004.64124923696,-18004.64124923696,-18004.64124923696,-18004.64124923696,-18004.64124923696,-18004.64124923696,-1.813228985358961e-5,-18004.64124923696,-18004.64124923696,-18004.64124923696,-18004.64124923696,-18004.64124923696,-18004.64124923696,-18004.64124923696,-18004.64124923696,-18004.64124923696,-18004.64124923696],[-1.3511590008206653,-1.491079601845298,-18007.326263840903,-18007.326263840903,-1.5918416110034173,-4.094266544788894,-18007.326263840903,-18007.326263840903,-4.075122198158365,-3.0431664704444463,-18007.326263840903,-18007.326263840903,-4.125999113673464,-18007.326263840903,-18007.326263840903,-18007.326263840903,-4.693152241643984,-18007.326263840903,-3.1337886336677028,-1.8519759492394892,-18007.896489296894,-18007.896489296894,-18007.896489296894,-2.100816161411763,-18007.896489296894,-18007.896489296894,-1.790979125658609,-1.589864326611714,-2.1224665209198434,-3.3240119376912003,-18007.896489296894,-2.202729111257274,-18007.896489296894,-2.382138524373034,-2.921089644759351,-18007.896489296894,-18007.896489296894,-2.388452719071873,-18007.896489296894,-18007.896489296894,-0.860202909981659,-2.41329313997458,-2.0434231861394085,-18007.9080329694,-18007.9080329694,-4.354801573765614,-2.19668067243956,-18007.9080329694,-18007.9080329694,-18007.9080329694,-4.302412156253734,-18007.9080329694,-18007.9080329694,-1.6323225382539048,-3.794097774150823,-18007.9080329694,-18007.9080329694,-18007.9080329694,-18007.9080329694,-18007.9080329694,-18008.28735497017,-1.2035756997472333,-18008.28735497017,-4.212191483891022,-2.1761905493015936,-18008.28735497017,-18008.28735497017,-18008.28735497017,-4.134824477545331,-3.0215642292533795,-2.085409755925883,-18008.28735497017,-2.874236236063764,-4.960418580982622,-2.883242436929832,-1.9656894597084973,-18008.28735497017,-4.640768017837834,-18008.28735497017,-2.198098506997674,-18007.606498340305,-18007.606498340305,-18007.606498340305,-1.8488886261492734,-3.5707182754511826,-18007.606498340305,-18007.606498340305,-5.236947821139766,-18007.606498340305,-18007.606498340305,-18007.606498340305,-18007.606498340305,-2.213471709471799,-18007.606498340305,-18007.606498340305,-0.7724445565358291,-18007.606498340305,-18007.606498340305,-2.951914370380787,-1.6980244771199198,-1.4684503884177484,-1.6258043731093696,-18007.660952625632,-1.9774694924749125,-18007.660952625632,-18007.660952625632,-4.405776637965433,-18007.660952625632,-3.001818148775161,-2.60285173640304,-3.957013301287207,-3.2156465638943716,-18007.660952625632,-4.413056692974239,-3.542829263769416,-18007.660952625632,-18007.660952625632,-1.6393934518499895,-18007.660952625632,-18007.660952625632,-18007.90442614574,-18007.90442614574,-1.4612890402350427,-18007.90442614574,-18007.90442614574,-1.2330602594584539,-18007.90442614574,-2.0156345517788994,-3.564584149165425,-18007.90442614574,-18007.90442614574,-4.731940412700299,-4.782696985555797,-2.021078922019889,-18007.90442614574,-4.916293636419918,-2.2541403256965404,-18007.90442614574,-2.9920689008202945,-18007.90442614574,-1.0230085623894354,-18008.312462265774,-2.7192766651572606,-18008.312462265774,-2.2784423698928604,-2.4129460158562157,-4.072356765724135,-18008.312462265774,-2.3704908114110443,-3.3478290009744986,-2.9287420856714794,-2.7587792307288073,-3.916108572044808,-18008.312462265774,-18008.312462265774,-18008.312462265774,-2.570477272750873,-18008.312462265774,-18008.312462265774,-3.8497223802987794,-18004.64124923696,-18004.64124923696,-18004.64124923696,-1.8721365347992736,-18004.64124923696,-18004.64124923696,-18004.64124923696,-18004.64124923696,-18004.64124923696,-18004.64124923696,-18004.64124923696,-18004.64124923696,-18004.64124923696,-18004.64124923696,-18004.64124923696,-0.1771175513332479,-18004.64124923696,-18004.64124923696,-18004.64124923696,-18004.64124923696],[-1.1238935588405123,-2.2910156095649663,-1.3328695664330228,-1.176525291590698,-0.9540969744958883,-2.3388786283489775,-1.156163299445252,-1.5959308710550122,-0.9131779010103518,-2.1678206316273387,-1.0813360251437754,-1.9365403493194702,-1.1179008267846342,-1.7343351327311067,-1.3665369903804896,-1.4235544090788181,-1.3208305092132955,-1.5438372083071839,-1.8456815502662973,-1.0208708088720266,-1.0345917350688616,-2.229927343573735,-1.2737409177146661,-1.3623746784412418,-0.9614366997339872,-1.9268439696435697,-1.32522128992807,-1.5831857760278156,-0.8527306675912572,-2.0836102951232602,-1.3157886379194057,-1.7128424118228178,-2.742719726630465,-2.2066275090919865,-1.2396374706272177,-0.6721046960281019]]]},