{"EPOCHS":100,"Rs":[15],"num_results":{"cp_vb":{"log_Z":[-6329.9858034643985],"inf_results":[[[-3.696672435489904,-3.603337248827806,-2.901096233895162,-4.038494652281837,-2.642599911939053,-1.9554806951897072,-1.7927980836677992,-3.0938379841825414,-5.063700901561189,-2.3127462628855975,-4.184597614701873,-4.002654602077946,-3.845254610126588,-3.60439435522742,-1.3359015916787964],[-306.2936061411968,-306.2936061411968,-0.21531134897329274,-306.2936061411968,-306.2936061411968,-306.2936061411968,-306.2936061411968,-306.2936061411968,-306.2936061411968,-306.2936061411968,-2.9187697326079927,-306.2936061411968,-306.2936061411968,-306.2936061411968,-306.2936061411968,-306.2936061411968,-306.2936061411968,-306.2936061411968,-306.2936061411968,-1.9931751533095592,-306.3869413278589,-306.3869413278589,-306.3869413278589,-0.7630533618797744,-306.3869413278589,-306.3869413278589,-2.087357929224966,-306.3869413278589,-306.3869413278589,-0.8999292073042682,-306.3869413278589,-306.3869413278589,-306.3869413278589,-306.3869413278589,-306.3869413278589,-306.3869413278589,-306.3869413278589,-306.3869413278589,-306.3869413278589,-306.3869413278589,-307.0891823427915,-0.8669996217093807,-307.0891823427915,-307.0891823427915,-307.0891823427915,-307.0891823427915,-307.0891823427915,-1.3912660478777594,-307.0891823427915,-307.0891823427915,-307.0891823427915,-2.737143702282602,-307.0891823427915,-307.0891823427915,-1.3318758392395171,-307.0891823427915,-307.0891823427915,-307.0891823427915,-307.0891823427915,-307.0891823427915,-305.9517839244049,-305.9517839244049,-1.4446747047394393,-305.9517839244049,-305.9517839244049,-305.9517839244049,-305.9517839244049,-305.9517839244049,-305.9517839244049,-305.9517839244049,-305.9517839244049,-305.9517839244049,-305.9517839244049,-0.2819306852081649,-305.9517839244049,-305.9517839244049,-305.9517839244049,-5.269354353591347,-305.9517839244049,-305.9517839244049,-0.660032732933721,-1.9913494772951497,-1.5855310276050751,-307.34767866474766,-3.5383484813288133,-307.34767866474766,-307.34767866474766,-307.34767866474766,-307.34767866474766,-307.34767866474766,-4.168232906121595,-307.34767866474766,-307.34767866474766,-2.686534772425894,-3.6614627853159343,-307.34767866474766,-307.34767866474766,-307.34767866474766,-307.34767866474766,-307.34767866474766,-0.8864175347752195,-308.03479788149696,-1.6706709178066674,-5.293447499686369,-308.03479788149696,-2.937058039883664,-1.9360114912363704,-308.03479788149696,-3.82556389992314,-308.03479788149696,-2.6254123130610543,-308.03479788149696,-4.34167494260611,-308.03479788149696,-3.0820904248239414,-308.03479788149696,-3.176404470747509,-308.03479788149696,-308.03479788149696,-308.03479788149696,-308.1974804930189,-308.1974804930189,-308.1974804930189,-2.033535727493451,-1.7926808678163058,-308.1974804930189,-308.1974804930189,-3.540759554856579,-2.1740943779826747,-2.6857401420958356,-308.1974804930189,-2.245455431246951,-308.1974804930189,-308.1974804930189,-308.1974804930189,-2.1644207693233533,-2.3002506688448587,-3.801880982354918,-2.815041110813949,-2.4519009225860238,-1.2909614860033285,-0.6351347515534762,-3.3958205368198504,-306.8964405925041,-306.8964405925041,-306.8964405925041,-306.8964405925041,-306.8964405925041,-2.9501104100920483,-4.563804479047247,-2.3610690094136895,-306.8964405925041,-306.8964405925041,-306.8964405925041,-306.8964405925041,-306.8964405925041,-306.8964405925041,-306.8964405925041,-306.8964405925041,-306.8964405925041,-304.9265776751255,-304.9265776751255,-304.9265776751255,-0.0008138167812479224,-304.9265776751255,-304.9265776751255,-304.9265776751255,-304.9265776751255,-304.9265776751255,-304.9265776751255,-304.9265776751255,-304.9265776751255,-304.9265776751255,-304.9265776751255,-304.9265776751255,-304.9265776751255,-304.9265776751255,-304.9265776751255,-304.9265776751255,-304.9265776751255,-307.67753231380107,-307.67753231380107,-307.67753231380107,-307.67753231380107,-307.67753231380107,-0.8657422639602972,-1.8611062864794334,-307.67753231380107,-2.6002917656065456,-307.67753231380107,-2.8488978388705446,-307.67753231380107,-2.5578296148356907,-2.0356861160840944,-307.67753231380107,-307.67753231380107,-307.67753231380107,-2.512785243152453,-307.67753231380107,-307.67753231380107,-305.8056809619848,-305.8056809619848,-305.8056809619848,-305.8056809619848,-305.8056809619848,-305.8056809619848,-2.4947507518620418,-305.8056809619848,-305.8056809619848,-305.8056809619848,-0.08936551338579068,-305.8056809619848,-305.8056809619848,-305.8056809619848,-305.8056809619848,-305.8056809619848,-305.8056809619848,-305.8056809619848,-305.8056809619848,-305.8056809619848,-305.98762397460877,-305.98762397460877,-305.98762397460877,-305.98762397460877,-305.98762397460877,-305.98762397460877,-305.98762397460877,-305.98762397460877,-1.4450406206703144,-305.98762397460877,-305.98762397460877,-305.98762397460877,-305.98762397460877,-305.98762397460877,-305.98762397460877,-305.98762397460877,-305.98762397460877,-0.27210035705038216,-305.98762397460877,-305.98762397460877,-0.0002405694075040543,-306.1450239665601,-306.1450239665601,-306.1450239665601,-306.1450239665601,-306.1450239665601,-306.1450239665601,-306.1450239665601,-306.1450239665601,-306.1450239665601,-306.1450239665601,-306.1450239665601,-306.1450239665601,-306.1450239665601,-306.1450239665601,-306.1450239665601,-306.1450239665601,-306.1450239665601,-306.1450239665601,-306.1450239665601,-306.38588422145926,-1.2676474819762733,-306.38588422145926,-306.38588422145926,-306.38588422145926,-306.38588422145926,-306.38588422145926,-0.33290711295085984,-306.38588422145926,-306.38588422145926,-306.38588422145926,-306.38588422145926,-306.38588422145926,-306.38588422145926,-306.38588422145926,-306.38588422145926,-306.38588422145926,-306.38588422145926,-306.38588422145926,-306.38588422145926,-1.4643490969863446,-1.873264162519101,-308.6543769850079,-2.626048800211045,-2.1460449355046043,-4.206390452016587,-308.6543769850079,-5.8781773392067835,-3.5273480436994955,-3.8619625420450996,-3.3242150204201346,-2.943311593885566,-3.036656326392553,-5.647949184427642,-3.779829308151985,-2.403823007155604,-6.890756697428001,-308.6543769850079,-4.090116060976451,-2.475739528455062],[-0.6694188172052842,-306.2936061411968,-306.2936061411968,-306.2936061411968,-306.2936061411968,-1.2671464603791849,-306.2936061411968,-306.2936061411968,-306.2936061411968,-306.2936061411968,-306.2936061411968,-306.2936061411968,-306.2936061411968,-306.2936061411968,-1.8286944916655319,-306.2936061411968,-306.2936061411968,-3.2023277482335377,-306.2936061411968,-306.2936061411968,-1.1997533807122744,-306.3869413278589,-306.3869413278589,-306.3869413278589,-1.4940997255265502,-2.0263809923417915,-306.3869413278589,-306.3869413278589,-306.3869413278589,-306.3869413278589,-306.3869413278589,-306.3869413278589,-306.3869413278589,-306.3869413278589,-306.3869413278589,-1.085171716458201,-306.3869413278589,-306.3869413278589,-306.3869413278589,-306.3869413278589,-0.5167714575227533,-307.0891823427915,-1.3545066162953479,-307.0891823427915,-307.0891823427915,-3.1076801531935665,-307.0891823427915,-307.0891823427915,-307.0891823427915,-307.0891823427915,-2.3178390819416705,-307.0891823427915,-307.0891823427915,-307.0891823427915,-307.0891823427915,-307.0891823427915,-307.0891823427915,-307.0891823427915,-307.0891823427915,-307.0891823427915,-0.8772762084984116,-305.9517839244049,-305.9517839244049,-305.9517839244049,-305.9517839244049,-305.9517839244049,-305.9517839244049,-0.5421301240047391,-305.9517839244049,-305.9517839244049,-305.9517839244049,-305.9517839244049,-305.9517839244049,-305.9517839244049,-305.9517839244049,-305.9517839244049,-305.9517839244049,-305.9517839244049,-305.9517839244049,-305.9517839244049,-307.34767866474766,-307.34767866474766,-307.34767866474766,-307.34767866474766,-307.34767866474766,-1.460782468014565,-1.0554008705296605,-1.9612374337329381,-307.34767866474766,-307.34767866474766,-307.34767866474766,-307.34767866474766,