{"EPOCHS":100,"Rs":[16],"num_results":{"cp_vb":{"log_Z":[-4911.071810283611],"inf_results":[[[-2.5649465256465103,-2.311983473090966,-2.6150346325702456,-2.9168198845636946,-3.2062026869752858,-3.28618921151773,-3.0227304696374997,-3.0382780216949463,-3.2252636219428625,-2.204159605243328,-3.070505375505218,-2.68000589426501,-3.2759745392377084,-2.247781463020986,-2.6683801292320606,-3.127692965271497],[-0.7732431020490989,-9.724623992112367,-9.905668054261064,-9.760123323269298,-4.087601780678568,-3.0792042001681605,-1.7122286531457247,-2.569925318837633,-2.850207189373285,-9.46980786207089,-3.13374062408395,-3.227877260188408,-9.954836060663505,-9.943732725972682,-3.045782123843719,-5.620480156945725,-4.682855939427865,-4.765425498581783,-9.503755421891444,-9.929469417135925,-1.5706501278472151,-1.9603705781464926,-9.591536999811984,-1.7020648198089887,-1.7957530886051778,-10.037894724793063,-9.86477225833102,-9.902129148304455,-2.9747444945594497,-3.7423427792351576,-3.03307680878791,-3.1821766437221832,-3.363581498939142,-10.0380664982199,-4.020794788208013,-2.774857499266103,-10.118721494192295,-5.864342136639209,-4.278115495963808,-10.198994209161377,-0.45777212370386255,-9.632255192851677,-1.3971705525267089,-9.562285437135596,-3.2794689942136332,-9.76199369826508,-9.525263363902091,-9.637203288548255,-2.6364660428275144,-9.70149120520804,-9.49957598464359,-9.779559407799539,-9.801215560012677,-9.880483170114417,-9.62882665154379,-9.697692807169458,-5.92972884422781,-9.900483839921435,-9.939315790806795,-9.79695822658991,-1.1120492016825816,-2.1292829804158266,-3.055866258029172,-3.406863620869473,-9.220675083610736,-2.272261584439052,-3.9253519051459236,-9.494030439654729,-9.659492415132915,-4.163553858552932,-2.5098131873797884,-2.07995608769303,-4.1955422005670355,-9.257336336220146,-2.4799450834195618,-9.391136190007238,-4.135709367464458,-9.32695161629925,-8.993009674186789,-9.10325448548111,-9.160820978959787,-9.014310502257928,-9.094473206463306,-3.5953492446217923,-2.2712133622385275,-0.22609656315100768,-8.515719110425367,-9.075167858792222,-9.207942480023403,-9.333280804766758,-4.3348773820509345,-9.316891327886221,-3.13026138885718,-9.058829768291313,-9.044502345389855,-8.88750362497116,-8.531383067851548,-9.327107853316338,-9.227223214255206,-9.045831317148362,-9.002417151479499,-9.032786725060351,-9.250823046315253,-2.41594876314796,-0.8292345040442166,-8.683963561426598,-9.23772593556274,-8.906340811445157,-2.496322311678103,-9.117494892972344,-8.075390742533548,-8.826883584690705,-9.111072370699627,-4.255926063687598,-9.196896921936805,-1.9047937535240695,-9.00903520167078,-3.5822623840751087,-1.691546951445929,-8.835186529211313,-1.1845712352761053,-9.305543697731139,-9.518621094892104,-2.4960335233702007,-9.662277785183717,-3.934471663468417,-9.451747932449878,-9.540350349260377,-9.246668888781288,-2.8214933924015058,-9.240002043962079,-8.875372320177515,-1.7674952205903898,-9.438936546855878,-4.30682025832272,-1.560139242658873,-9.584855731822323,-9.250443605324584,-8.8530862384356,-2.075982609832348,-1.0141651860988254,-9.611152775888629,-9.311074233970487,-1.4480923497244111,-9.011315751351292,-9.105028700942725,-9.415852027129263,-8.936467640730136,-9.064077572796158,-9.282088734385125,-9.449580616159466,-2.4627638733373525,-9.236310305295694,-9.362218916057875,-8.899740262096888,-3.259728079651313,-1.3444019546475516,-5.309104954968554,-8.352482429495389,-9.176453140827523,-8.949643366937018,-1.5515275704885356,-1.2076974376892586,-4.079884233289275,-8.9138327035536,-9.03104116526158,-9.113244546535242,-0.8673469350418124,-9.091586698867433,-5.399685648909839,-9.109822603994756,-9.07131258150293,-9.32991829817471,-9.323976479466502,-3.6056896875590008,-8.00498118130467,-9.091001074194963,-9.26238018096669,-5.327258072030077,-9.471855686450093,-10.347993500887075,-10.209398216558442,-1.7228496744610613,-1.9140577931755196,-9.904363914001113,-2.5748142264948646,-2.5082885181663546,-9.500753250832297,-1.8606159137439322,-2.24269781803953,-10.04332756360748,-2.3800406854026495,-2.7532714528352837,-4.9206064870797785,-9.945481901386692,-10.009131156034757,-3.155839877480216,-9.96811955065993,-3.161633098403353,-9.873466236152908,-9.315177926980926,-9.154321586100496,-2.301678725453896,-3.954678360441541,-8.355393756112468,-9.551717295466855,-2.9170749835629497,-4.195846804194197,-2.3167046491566827,-3.1611210637174136,-3.485961732862104,-3.1478271292220885,-4.469027822583466,-9.539336622222852,-3.0716315493462316,-9.051806014943038,-6.149131800322321,-0.7601441730070233,-9.533465107244236,-2.905627774549144,-9.736913180768017,-9.761661661750974,-9.417163148783585,-9.783615329316273,-1.2808951746942636,-9.152000605226243,-9.45000662071762,-4.085706421569862,-9.53707299624049,-9.574595805060444,-1.1373067772197647,-9.52404405622013,-9.352292824341767,-9.632705038554523,-9.514360857210544,-1.3164703318168094,-3.1066623597925807,-3.7647952002013314,-9.380325200911203,-3.2314339876091953,-9.06795854611978,-9.021605774767753,-9.028248817313054,-8.872812687976127,-9.073114856353254,-4.170240245082891,-9.019383883648885,-8.564209539899892,-8.949040699201142,-1.7103806904833148,-8.8928467212892,-8.81051165620092,-9.120933957524784,-8.801040811238025,-3.3779469066477197,-9.024999870928005,-4.865577879364583,-9.069520305234926,-8.842782524448113,-0.2932398106654368,-1.306579962469912,-0.6397368384472033,-9.67114883280481,-3.7853950515853962,-10.174328153463613,-9.86397316922622,-5.7364048991456515,-10.121687391229777,-3.285962986257564,-4.301583081692744,-2.5835745616847214,-3.149222408704147,-7.560407651124106,-10.360983780964903,-10.207177227841722,-10.24832875961678,-10.187276044005662,-10.260602345705033,-9.425182897767979,-10.182932521516223,-9.972697899292067,-1.263630448250062,-9.631352930439872,-9.37405579888065,-9.554362468519823,-9.465278843780663,-2.5826099838302063,-1.5986119749586818,-9.456201059784732,-9.459588655380534,-3.903886697234653,-9.544024279650028,-9.430745747935994,-1.5246110506623696,-1.7304316860747662,-9.31182119202346,-9.59415449404812,-9.428778017282049,-4.1739398334257825,-9.422938954294644,-1.801903899934504,-8.980628911663935,-1.5245043857405687,-5.123054795836563,-9.423691508646597,-3.558681768996406,-1.6871602934746557,-9.474007234255684,-9.217156513392421,-9.557517202128606,-9.059025353532176,-9.519249428982553,-9.544162058213072,-1.0477558257458703,-3.6320418847473257,-9.379420672707845,-5.306295899329815,-6.449190633398759,-9.447968185808282,-9.554267584036605],[-9.959774365637955,-2.0703075777309996,-1.021905302973793,-2.8672259726006266,-9.753031544538151,-9.660316791163297,-9.749541722794104,-9.652959570781796,-9.661444861681431,-4.501445179954535,-9.699024907276279,-4.871901332888902,-3.6691589719063495,-0.9693120906862402,-3.6781977240203507,-9.605121640564288,-9.797291568578142,-9.579133533176051,-9.58071215122625,-9.823335476320139,-10.035626231699313,-10.021903437383212,-9.79848666093424,-10.052638081671201,-9.981904521941656,-9.622131074232403,-5.390654032170756,-10.148633552763293,-9.882706938304224,-9.999440119438965,-3.6366389742383696,-9.807239183752705,-9.914038458787322,-9.998359860491213,-3.7954637983474138,-0.7543286544760361,-9.758134367640103,-9.932519318497055,-10.008577854587058,-0.7546111773604851,-9.982970805488845,-9.590076903689674,-9.738798535746191,-4.101475524343574,-9.700204992643283,-1.3785066398985002,-2.1367289356320827,-2.259965500474456,-9.629169727305147,-9.532139871820236,-5.484574858919563,-2.7354970504439073,-2.9351264401136334,-4.033869259423653,-1.9374834864223134,-3.371373762191422,-9.588822454210032,-1.9373578321645812,-3.7582723029945413,-4.26322104097782,-9.536700393038851,-9.373429568575704,-9.173426835799956,-5.658741522217649,-9.299258714460173,-9.368184059491803,-2.4334961067952934,-9.30634025341643,-0.42100450421059854,-1.7031307438396803,-3.3497694082695806,-9.115375307930119,-9.290951046562734,-9.36747536186609,-9.367524355739528,