{"EPOCHS":100,"Rs":[9],"num_results":{"cp_vb":{"log_Z":[-6795.829700700706],"inf_results":[[[-2.1569697911109413,-2.463208683071028,-3.5445423939297758,-1.7701241474220497,-3.1405087686180613,-1.5052099613910492,-3.523464294652177,-2.028039577278249,-1.7525961483865622],[-187.8296769762295,-187.8296769762295,-187.8296769762295,-187.8296769762295,-1.1380269421082883,-187.8296769762295,-187.8296769762295,-187.8296769762295,-187.8296769762295,-1.9686226952345969,-187.8296769762295,-2.5068049448163974,-2.847267600126292,-4.3318796154771455,-187.8296769762295,-3.046993490030223,-3.4715280382192018,-187.8296769762295,-2.194183179360877,-1.6380496136358262,-187.52343808426943,-2.3911121450736355,-187.52343808426943,-187.52343808426943,-187.52343808426943,-187.52343808426943,-187.52343808426943,-187.52343808426943,-187.52343808426943,-2.3676124887084633,-2.0575134957169183,-3.5085093596430776,-1.8639342043524119,-187.52343808426943,-187.52343808426943,-1.0998518868097618,-187.52343808426943,-187.52343808426943,-187.52343808426943,-1.7948832780171076,-186.44210437341067,-186.44210437341067,-186.44210437341067,-2.0352530067385044,-0.48531434856802314,-2.499686982025558,-186.44210437341067,-186.44210437341067,-2.8209339349312867,-186.44210437341067,-186.44210437341067,-186.44210437341067,-186.44210437341067,-186.44210437341067,-2.5871838699906906,-186.44210437341067,-186.44210437341067,-3.5153887450257653,-186.44210437341067,-186.44210437341067,-0.8207885629257987,-2.0517473399908654,-2.761372407445376,-188.2165226199184,-3.3980826343068324,-2.864788037411107,-3.813713305493734,-4.417584465174516,-188.2165226199184,-188.2165226199184,-2.760400090450288,-2.7511405768813404,-188.2165226199184,-188.2165226199184,-2.943450581897947,-188.2165226199184,-4.810570781749826,-3.685595021189836,-4.743922425633697,-3.974223877731513,-186.84613799872238,-186.84613799872238,-186.84613799872238,-1.217114361430232,-186.84613799872238,-186.84613799872238,-186.84613799872238,-186.84613799872238,-186.84613799872238,-186.84613799872238,-186.84613799872238,-1.7934724847757133,-186.84613799872238,-186.84613799872238,-186.84613799872238,-1.6410647207258249,-1.0765136059718579,-186.84613799872238,-186.84613799872238,-186.84613799872238,-1.4722608144865656,-3.5738317149246166,-1.840062394176024,-4.3150654731407645,-188.4814368059494,-3.165404178583217,-2.4278970577551258,-4.179887493251718,-2.035704431000614,-4.051803313436093,-2.6427667353909765,-188.4814368059494,-4.6071819130014635,-2.6314244846686368,-3.8186062667862233,-188.4814368059494,-5.119224225307459,-2.3746496821045646,-188.4814368059494,-188.4814368059494,-186.46318247268826,-186.46318247268826,-186.46318247268826,-186.46318247268826,-186.46318247268826,-186.46318247268826,-0.572594375811752,-186.46318247268826,-186.46318247268826,-186.46318247268826,-186.46318247268826,-186.46318247268826,-186.46318247268826,-186.46318247268826,-0.8340450134171826,-186.46318247268826,-186.46318247268826,-186.46318247268826,-186.46318247268826,-186.46318247268826,-187.9586071900622,-2.025819641982655,-1.8380629146628769,-2.500989034091119,-187.9586071900622,-1.4270674540109853,-187.9586071900622,-1.3733696590794713,-187.9586071900622,-5.723296686893091,-187.9586071900622,-187.9586071900622,-187.9586071900622,-2.202802095920153,-187.9586071900622,-5.445353914941015,-4.3315497679782915,-187.9586071900622,-187.9586071900622,-187.9586071900622,-0.9971328738623431,-1.211324195259456,-188.2340506189539,-1.7472909898138784,-188.2340506189539,-188.2340506189539,-5.923768393437098,-188.2340506189539,-2.575991383349791,-188.2340506189539,-2.9855269714430825,-3.56437482875436,-188.2340506189539,-188.2340506189539,-188.2340506189539,-188.2340506189539,-188.2340506189539,-188.2340506189539,-188.2340506189539,-188.2340506189539],[-1.220210100043177,-1.8026578926424053,-187.8296769762295,-187.8296769762295,-187.8296769762295,-187.8296769762295,-187.8296769762295,-6.767710773302571,-2.8808272557086543,-3.432112564490931,-3.3161476933004046,-3.269634950925269,-2.487124776606459,-187.8296769762295,-3.98785119923234,-1.575441894340889,-187.8296769762295,-3.408071793088983,-187.8296769762295,-3.489290951329966,-1.5341601436831205,-187.52343808426943,-187.52343808426943,-1.501550100438907,-1.3567225703366264,-3.614629080192115,-187.52343808426943,-187.52343808426943,-187.52343808426943,-2.8181020835612074,-187.52343808426943,-187.52343808426943,-187.52343808426943,-187.52343808426943,-187.52343808426943,-187.52343808426943,-4.336169947388364,-187.52343808426943,-2.752440899732627,-1.9864904156124457,-186.44210437341067,-186.44210437341067,-186.44210437341067,-1.694191879485091,-186.44210437341067,-186.44210437341067,-186.44210437341067,-186.44210437341067,-2.322837590940631,-1.5737182467746154,-186.44210437341067,-186.44210437341067,-1.9578864018586075,-186.44210437341067,-186.44210437341067,-186.44210437341067,-186.44210437341067,-186.44210437341067,-186.44210437341067,-1.010656917102251,-188.2165226199184,-188.2165226199184,-1.980546936478932,-2.044348013304824,-2.7740800661659613,-2.428847628444746,-2.4483629315236026,-188.2165226199184,-1.5758982256273377,-188.2165226199184,-3.7369595693574733,-188.2165226199184,-188.2165226199184,-2.136092889379383,-188.2165226199184,-3.3394342028950446,-5.801300411388137,-2.6866711789631363,-3.590358954392255,-4.630680640386078,-186.84613799872238,-0.30833616094060634,-186.84613799872238,-186.84613799872238,-186.84613799872238,-186.84613799872238,-186.84613799872238,-186.84613799872238,-186.84613799872238,-186.84613799872238,-1.509894878393335,-3.1618273822265524,-186.84613799872238,-186.84613799872238,-186.84613799872238,-186.84613799872238,-186.84613799872238,-186.84613799872238,-186.84613799872238,-186.84613799872238,-1.825644167120167,-1.5043106700459106,-3.0483489135579394,-188.4814368059494,-3.8719519753218945,-1.761810566883157,-4.225304633088603,-1.6683850757939176,-188.4814368059494,-4.04438944193741,-4.1573879882102345,-2.7980858966982876,-188.4814368059494,-188.4814368059494,-2.556007964036172,-188.4814368059494,-188.4814368059494,-188.4814368059494,-188.4814368059494,-188.4814368059494,-0.7164757096810304,-186.46318247268826,-1.4128657102382691,-186.46318247268826,-186.46318247268826,-186.46318247268826,-186.46318247268826,-186.46318247268826,-186.46318247268826,-186.46318247268826,-186.46318247268826,-186.46318247268826,-186.46318247268826,-1.3277445592364634,-186.46318247268826,-186.46318247268826,-186.46318247268826,-186.46318247268826,-186.46318247268826,-186.46318247268826,-0.8407079069842256,-187.9586071900622,-2.1251557139464206,-187.9586071900622,-187.9586071900622,-187.9586071900622,-1.8970043897728281,-187.9586071900622,-187.9586071900622,-187.9586071900622,-4.201457770872487,-187.9586071900622,-5.172025232824946,-1.8656127792358461,-187.9586071900622,-187.9586071900622,-5.845546392396035,-2.131735448022819,-187.9586071900622,-187.9586071900622,-188.2340506189539,-188.2340506189539,-188.2340506189539,-188.2340506189539,-2.2055657781569806,-188.2340506189539,-5.297785307754321,-188.2340506189539,-188.2340506189539,-2.7083214262140185,-2.6184477396675785,-2.800207024545281,-2.6948270563747494,-3.346357018429768,-4.056211612447925,-1.4017668066788058,-1.906128262037079,-5.492700461073866,-3.7993574727462436,-1.964510192982674],[-1.0566983317859524,-2.093046416612566,-1.368579460766866,-1.2962099160187757,-1.3749057589522842,-2.475568471064996,-1.23037134923754,-0.9958539944864038,-1.1827029658401313,-2.128873373492144,-1.024214477571558,-1.5545257016631409,-0.9388186863211665,-2.0779609781103776,-1.313991730884208,-1.5405415129443298,-0.9391873648868874,-1.8578940932937789,-1.5052807430571162,-1.4771576613230684,-0.8617378538005038,-2.058247446468293,-1.312056057808081,-1.7143506168514202,-0.9695554120627854,-2.0069459758320463,-1.0887194254837418,-1.9270360021125068,-1.0271489437008468,-2.07673035242209,-1.0934385691583914,-1.7112123153786714,-1.091853678409998,-1.6021967896772935,