{"EPOCHS":100,"Rs":[16],"num_results":{"cp_vb":{"log_Z":[-6628.783902799449],"inf_results":[[[-4.049040645909596,-25.89738619917204,-3.9044454593958626,-2.9151779649565617,-1.7305671581415796,-1.913443952096391,-2.2496282074455065,-2.806037732139112,-2.0136053484683396,-2.9986237437206693,-3.083401039261858,-25.89738619917204,-2.5504355878195364,-3.1489264814128832,-3.1162735785156865,-3.789551738454902],[-325.94157901505065,-325.94157901505065,-325.94157901505065,-1.600346094931449,-325.94157901505065,-325.94157901505065,-325.94157901505065,-325.94157901505065,-325.94157901505065,-325.94157901505065,-325.94157901505065,-325.94157901505065,-325.94157901505065,-325.94157901505065,-325.94157901505065,-0.2767892672408996,-5.941579015050625,-3.4922247780508764,-325.94157901505065,-325.94157901505065,-304.0932334617882,-304.0932334617882,-304.0932334617882,-304.0932334617882,-304.0932334617882,-304.0932334617882,-304.0932334617882,-304.0932334617882,-304.0932334617882,-304.0932334617882,-304.0932334617882,-304.0932334617882,-304.0932334617882,-304.0932334617882,-304.0932334617882,-304.0932334617882,-304.0932334617882,-304.0932334617882,-304.0932334617882,-304.0932334617882,-3.513654233351667,-326.08617420156435,-1.2425564624240657,-326.08617420156435,-326.08617420156435,-326.08617420156435,-326.08617420156435,-326.08617420156435,-4.764003002379459,-326.08617420156435,-326.08617420156435,-326.08617420156435,-326.08617420156435,-0.4051266229414612,-326.08617420156435,-326.08617420156435,-326.08617420156435,-326.08617420156435,-326.08617420156435,-326.08617420156435,-327.0754416960037,-327.0754416960037,-327.0754416960037,-1.831435763703432,-327.0754416960037,-327.0754416960037,-327.0754416960037,-1.3389652061530484,-327.0754416960037,-327.0754416960037,-327.0754416960037,-1.6095697146151347,-327.0754416960037,-1.2552078464340468,-327.0754416960037,-327.0754416960037,-2.4118954498547795,-327.0754416960037,-327.0754416960037,-327.0754416960037,-1.4397114160021145,-328.26005250281867,-1.954602152703746,-4.808137927464221,-1.6030932777439366,-3.1209682489712325,-328.26005250281867,-328.26005250281867,-2.599312731027317,-3.856476753642343,-2.24696468733383,-328.26005250281867,-3.1235045533414745,-4.809986038428198,-328.26005250281867,-328.26005250281867,-328.26005250281867,-328.26005250281867,-2.8442395574063584,-2.9226998926562855,-328.0771757088638,-1.5208584527049984,-328.0771757088638,-328.0771757088638,-2.953397793513904,-328.0771757088638,-1.99633380896727,-328.0771757088638,-1.9262946181121912,-2.5163677331457874,-2.3326065549069153,-328.0771757088638,-3.4617583147589146,-328.0771757088638,-2.6369423804645313,-3.306088200205691,-3.7117307833070505,-2.4932699441692234,-3.8984197830277107,-328.0771757088638,-1.104667424962483,-2.496980548167258,-1.488210711930435,-327.7409914535147,-327.7409914535147,-327.7409914535147,-1.9570614346413917,-2.2118554287238528,-327.7409914535147,-327.7409914535147,-327.7409914535147,-4.081769567053158,-327.7409914535147,-327.7409914535147,-327.7409914535147,-6.092837412370818,-5.175296269893903,-2.502027346546539,-327.7409914535147,-327.7409914535147,-0.8262009386194613,-327.1845819288211,-327.1845819288211,-327.1845819288211,-327.1845819288211,-2.1794351732447907,-3.300826213707827,-1.6220735529094616,-327.1845819288211,-327.1845819288211,-10.184040030075183,-2.324135287748291,-327.1845819288211,-327.1845819288211,-2.1788480639935086,-327.1845819288211,-327.1845819288211,-327.1845819288211,-327.1845819288211,-327.1845819288211,-1.3730629055431818,-1.231708886537417,-327.9770143124919,-2.0613750062620353,-2.0504478951367133,-327.9770143124919,-327.9770143124919,-5.6920002863997645,-2.6954697037866566,-3.8017318482670883,-2.985935752982928,-2.9419023237246273,-327.9770143124919,-327.9770143124919,-327.9770143124919,-327.9770143124919,-327.9770143124919,-327.9770143124919,-327.9770143124919,-327.9770143124919,-1.1430061216832224,-0.6889471008171197,-326.9919959172396,-326.9919959172396,-326.9919959172396,-326.9919959172396,-326.9919959172396,-4.490975079013015,-326.9919959172396,-326.9919959172396,-2.0544551082302283,-3.31471590719692,-326.9919959172396,-326.9919959172396,-326.9919959172396,-326.9919959172396,-326.9919959172396,-326.9919959172396,-326.9919959172396,-326.9919959172396,-326.90721862169835,-326.90721862169835,-326.90721862169835,-2.598696683049736,-326.90721862169835,-326.90721862169835,-326.90721862169835,-326.90721862169835,-326.90721862169835,-1.8562654238958602,-326.90721862169835,-2.852963684667391,-1.7221639540955929,-3.3133750238496287,-3.156855092598125,-326.90721862169835,-326.90721862169835,-2.560728598694687,-3.7912073720308004,-1.0580836263413191,-304.0932334617882,-304.0932334617882,-304.0932334617882,-304.0932334617882,-304.0932334617882,-304.0932334617882,-304.0932334617882,-304.0932334617882,-304.0932334617882,-304.0932334617882,-304.0932334617882,-304.0932334617882,-304.0932334617882,-304.0932334617882,-304.0932334617882,-304.0932334617882,-304.0932334617882,-304.0932334617882,-304.0932334617882,-304.0932334617882,-0.7750341529636708,-327.4401840731407,-1.8559772576714195,-1.4077830255168795,-327.4401840731407,-2.6963145912189947,-3.9066280881877473,-327.4401840731407,-327.4401840731407,-3.408949024563224,-327.4401840731407,-327.4401840731407,-327.4401840731407,-327.4401840731407,-327.4401840731407,-4.231321462028135,-327.4401840731407,-327.4401840731407,-327.4401840731407,-327.4401840731407,-326.84169317954735,-326.84169317954735,-326.84169317954735,-326.84169317954735,-326.84169317954735,-0.25897654861220776,-326.84169317954735,-326.84169317954735,-326.84169317954735,-326.84169317954735,-326.84169317954735,-326.84169317954735,-3.367809990869719,-326.84169317954735,-1.651795155381036,-326.84169317954735,-326.84169317954735,-326.84169317954735,-326.84169317954735,-326.84169317954735,-326.87434608244456,-326.87434608244456,-326.87434608244456,-326.87434608244456,-326.87434608244456,-326.87434608244456,-3.2823662566311027,-326.87434608244456,-326.87434608244456,-326.87434608244456,-326.87434608244456,-2.212643841348867,-326.87434608244456,-326.87434608244456,-326.87434608244456,-1.0668861562623615,-1.1756458508652363,-4.0119474545560205,-326.87434608244456,-1.7281798936314248,-326.20106792250533,-326.20106792250533,-326.20106792250533,-1.128102136725854,-326.20106792250533,-326.20106792250533,-326.20106792250533,-326.20106792250533,-326.20106792250533,-326.20106792250533,-326.20106792250533,-326.20106792250533,-326.20106792250533,-326.20106792250533,-2.9258577355933757,-1.1084117321903832,-326.20106792250533,-326.20106792250533,-326.20106792250533,-1.2479306577024758],[-325.94157901505065,-325.94157901505065,-325.94157901505065,-325.94157901505065,-0.8467879894560832,-325.94157901505065,-325.94157901505065,-325.94157901505065,-325.94157901505065,-325.94157901505065,-325.94157901505065,-325.94157901505065,-325.94157901505065,-325.94157901505065,-4.042303413371844,-325.94157901505065,-325.94157901505065,-325.94157901505065,-325.94157901505065,-0.6000156296518195,-304.0932334617882,-304.0932334617882,-304.0932334617882,-304.0932334617882,-304.0932334617882,-304.0932334617882,-304.0932334617882,-304.0932334617882,-304.0932334617882,-304.0932334617882,-304.0932334617882,-304.0932334617882,-304.0932334617882,-304.0932334617882,-304.0932334617882,-304.0932334617882,-304.0932334617882,-304.0932334617882,-304.0932334617882,-304.0932334617882,-326.08617420156435,-326.08617420156435,-2.0931373237365962,-326.08617420156435,-326.08617420156435,-326.08617420156435,-0.9907862143601607,-0.8121628261167517,-326.08617420156435,-326.08617420156435,-326.08617420156435,-326.08617420156435,-326.08617420156435,-326.08617420156435,-2.895105707280891,-326.08617420156435,-326.08617420156435,-326.08617420156435,-326.08617420156435,-326.08617420156435,-0.4632926177323924,-1.8506379745840897,-327.0754416960037,-327.0754416960037,-327.0754416960037,-327.0754416960037,-3.5765846976475513,-3.0491718099671834,-327.0754416960037,