{"EPOCHS":100,"Rs":[8],"num_results":{"cp_vb":{"log_Z":[-7462.013661188947],"inf_results":[[[-1.8784239197368775,-2.340414962470474,-2.199571103562141,-3.093518395180517,-1.6838995524805558,-2.322821516269954,-2.2318436411477984,-1.5924392015914117],[-0.5436670477475447,-16008.117141254328,-16008.117141254328,-16008.117141254328,-16008.117141254328,-2.3790374779483496,-2.436790438030454,-2.6762427540782125,-16008.117141254328,-16008.117141254328,-16008.117141254328,-4.141849038922839,-16008.117141254328,-3.0735948288934285,-2.3670093523908147,-16008.117141254328,-16008.117141254328,-16008.117141254328,-16008.117141254328,-4.364868908015056,-16007.655150211594,-3.948668493795892,-3.424284865912254,-16007.655150211594,-16007.655150211594,-16007.655150211594,-16007.655150211594,-16007.655150211594,-16007.655150211594,-3.316252741244042,-2.137212829325767,-3.5461822383694046,-1.992487893794662,-16007.655150211594,-2.0864556572613964,-1.1967194873912197,-4.932907389785159,-16007.655150211594,-3.606155468732891,-1.809072039726777,-16007.795994070504,-16007.795994070504,-1.1895450988392984,-16007.795994070504,-16007.795994070504,-16007.795994070504,-1.7725688335633292,-1.4013198748644484,-3.644078916939123,-6.086654437637309,-3.71486325424658,-16007.795994070504,-16007.795994070504,-1.4938404545805621,-16007.795994070504,-16007.795994070504,-16007.795994070504,-16007.795994070504,-16007.795994070504,-16007.795994070504,-16006.902046778885,-2.8375720041663826,-1.2560060374218907,-16006.902046778885,-16006.902046778885,-16006.902046778885,-16006.902046778885,-16006.902046778885,-1.8064691142347238,-2.753809646211003,-3.2383447089482926,-3.7268795606978156,-3.447376831164846,-16006.902046778885,-16006.902046778885,-16006.902046778885,-5.5084201529063055,-1.1318597391747964,-16006.902046778885,-16006.902046778885,-16008.311665621584,-1.6843961056959342,-16008.311665621584,-2.1568578460511354,-1.7927643200886845,-1.5895133818374152,-16008.311665621584,-16008.311665621584,-2.352664872324847,-2.5133454839302827,-16008.311665621584,-4.092505969660577,-3.83456704162863,-16008.311665621584,-16008.311665621584,-16008.311665621584,-16008.311665621584,-2.9473756560913573,-3.198822787302154,-3.9987691381858337,-16007.672743657795,-16007.672743657795,-1.7440585860654538,-16007.672743657795,-16007.672743657795,-16007.672743657795,-2.504293955707457,-16007.672743657795,-3.357785559510635,-16007.672743657795,-1.8306862430838384,-1.9079538049714921,-3.3306387102849695,-16007.672743657795,-16007.672743657795,-1.9882069584489601,-1.4945549215668983,-16007.672743657795,-16007.672743657795,-16007.672743657795,-1.1932165265970704,-0.9785127119330017,-16007.763721532918,-16007.763721532918,-16007.763721532918,-16007.763721532918,-16007.763721532918,-16007.763721532918,-3.5635719840995117,-2.7716958508259193,-1.9934736923384158,-3.436483316608362,-16007.763721532918,-7.141440048237495,-16007.763721532918,-5.8038877630421215,-16007.763721532918,-16007.763721532918,-3.2545109762194353,-4.146397234521049,-1.0877676633385072,-2.073406751664134,-16008.403125972474,-1.646951215100109,-1.9250606431044952,-5.27902104937152,-6.749762910067979,-5.354589434522445,-3.08341853390432,-16008.403125972474,-16008.403125972474,-3.301771187933338,-16008.403125972474,-16008.403125972474,-4.363837803065035,-16008.403125972474,-16008.403125972474,-4.962682916731,-16008.403125972474,-2.485933146840684],[-16008.117141254328,-16008.117141254328,-1.3943869351394111,-3.798554310671251,-3.335159785724124,-2.472811780852444,-2.604300125682683,-2.2682400641608984,-2.3379091931835205,-2.8201174710001,-4.236616636196783,-16008.117141254328,-16008.117141254328,-2.243272717718151,-2.5558124035541168,-16008.117141254328,-16008.117141254328,-2.5907724342721137,-16008.117141254328,-16008.117141254328,-1.0944442304294233,-16007.655150211594,-16007.655150211594,-1.9451192173798502,-1.5705216422164376,-16007.655150211594,-16007.655150211594,-16007.655150211594,-16007.655150211594,-2.5422495559079046,-16007.655150211594,-3.5152540597812494,-16007.655150211594,-6.566456463554547,-16007.655150211594,-16007.655150211594,-16007.655150211594,-16007.655150211594,-3.039727832788218,-1.8724029978127428,-0.9881501816822098,-3.105119550065779,-16007.795994070504,-16007.795994070504,-16007.795994070504,-16007.795994070504,-1.8713681823201656,-1.6018232239825219,-16007.795994070504,-16007.795994070504,-16007.795994070504,-16007.795994070504,-16007.795994070504,-1.5222974886624687,-16007.795994070504,-4.901394676085392,-16007.795994070504,-16007.795994070504,-16007.795994070504,-16007.795994070504,-16006.902046778885,-16006.902046778885,-3.415897798468375,-16006.902046778885,-16006.902046778885,-0.32270904086237184,-16006.902046778885,-16006.902046778885,-16006.902046778885,-16006.902046778885,-16006.902046778885,-16006.902046778885,-5.087378737743092,-16006.902046778885,-1.8929995583837416,-2.493512314348632,-16006.902046778885,-16006.902046778885,-16006.902046778885,-16006.902046778885,-0.9511122468534507,-2.4782320760802605,-2.5705501137022404,-3.0174831899582637,-2.740559601561727,-16008.311665621584,-5.122152652291963,-4.0180184043726435,-3.222471980136917,-2.610314967694351,-3.3903845249755244,-3.223818056494979,-16008.311665621584,-16008.311665621584,-4.169854363983967,-16008.311665621584,-5.506993674997563,-2.4255833234340303,-16008.311665621584,-4.015608282335889,-1.925667943943747,-0.7958920565217324,-3.3790664000525856,-3.733792319152692,-16007.672743657795,-4.684587965317334,-16007.672743657795,-5.477162040633994,-2.3529480530337024,-16007.672743657795,-2.445763248112807,-2.728703448085632,-4.11933066961584,-4.404826409833964,-4.844878723767854,-16007.672743657795,-5.851507578412509,-3.218410694050017,-16007.672743657795,-16007.672743657795,-16007.763721532918,-16007.763721532918,-16007.763721532918,-1.8060193443166472,-16007.763721532918,-16007.763721532918,-2.8199360278506527,-16007.763721532918,-2.528278733839545,-16007.763721532918,-16007.763721532918,-2.0629322999640687,-2.566053896772784,-16007.763721532918,-16007.763721532918,-1.6697825278034397,-1.4367616491161463,-16007.763721532918,-2.752990499723844,-16007.763721532918,-16008.403125972474,-1.7492412829110107,-16008.403125972474,-16008.403125972474,-2.379588374463453,-3.145736496663824,-4.334571764123195,-16008.403125972474,-3.827205359501724,-16008.403125972474,-2.369843961491208,-16008.403125972474,-2.5407691589878043,-2.7788505785435635,-16008.403125972474,-1.4477850680435438,-5.10934437416952,-16008.403125972474,-4.374860138057795,-1.8001853277439999],[-0.9956512155401125,-2.1395156050424253,-1.1629074807861368,-1.6122794869938177,-1.345554058679821,-2.307768424055518,-1.300294189857774,-1.0040149047903926,-1.0629768168205054,-2.2734546936571034,-1.0637670605098117,-1.582959271009467,-1.136760775837951,-1.8645130657052995,-1.295752316464485,-1.3951521039672894,-0.8231575640021527,-2.1818793044274303,-1.216852166736036,-1.888420768614112,-0.6693115482605148,-2.1571363153301695,-1.4821699967918853,-1.9386614260148818,-0.9376831733409192,-1.716976978225273,-1.5241766497264742,-1.5610148705970381,-1.2845326658585376,-1.6488577088977392,-1.4983351710142045,-1.1813961645477251]]]},"cp_smc":{"log_Z":[-8714.936564502932],"inf_results":[{"S_R":[5092.0,36.0,20.0,139.0,96.0,6669.0,160.0,102.0],