{"EPOCHS":100,"Rs":[15],"num_results":{"cp_vb":{"log_Z":[-7698.508552266401],"inf_results":[[[-2.7338589682477634,-3.3341977898433806,-2.1693266275391974,-3.854644632860831,-2.0659549761374585,-2.110877778471342,-2.302338117677885,-3.335025682872298,-2.0939615460891154,-3.3372544416207157,-4.1982363496853345,-3.031920241292349,-2.630993866583628,-2.513596334267584,-5.307019153937573],[-1.194043254514889,-1.7082211560294178,-30007.2617541797,-4.95716243255054,-30007.2617541797,-4.119243939354348,-30007.2617541797,-30007.2617541797,-30007.2617541797,-2.8010242874173628,-3.088912064680875,-3.400356741031345,-2.120032079061758,-30007.2617541797,-30007.2617541797,-1.5059603170831188,-5.2136815567454295,-30007.2617541797,-30007.2617541797,-30007.2617541797,-30006.661415358107,-30006.661415358107,-1.5564976690702839,-30006.661415358107,-30006.661415358107,-30006.661415358107,-30006.661415358107,-0.3716425527987006,-30006.661415358107,-30006.661415358107,-30006.661415358107,-30006.661415358107,-30006.661415358107,-3.1921377285264145,-30006.661415358107,-30006.661415358107,-30006.661415358107,-2.8998143697721215,-30006.661415358107,-30006.661415358107,-0.78843762171799,-1.583941406581964,-4.008414715291169,-4.7989847620687875,-30007.826286520412,-2.5673786128478,-30007.826286520412,-30007.826286520412,-2.6946907355093757,-30007.826286520412,-2.8218342111905796,-30007.826286520412,-30007.826286520412,-30007.826286520412,-2.47249343294292,-30007.826286520412,-30007.826286520412,-30007.826286520412,-3.7778284941662426,-30007.826286520412,-30006.14096851509,-30006.14096851509,-30006.14096851509,-30006.14096851509,-30006.14096851509,-2.4282960504606876e-6,-30006.14096851509,-30006.14096851509,-30006.14096851509,-30006.14096851509,-30006.14096851509,-30006.14096851509,-30006.14096851509,-30006.14096851509,-30006.14096851509,-30006.14096851509,-30006.14096851509,-30006.14096851509,-30006.14096851509,-30006.14096851509,-30007.92965817181,-30007.92965817181,-30007.92965817181,-1.348677621285609,-1.1645924714755536,-3.6042486710680177,-30007.92965817181,-30007.92965817181,-30007.92965817181,-30007.92965817181,-30007.92965817181,-30007.92965817181,-30007.92965817181,-5.292163283921964,-3.21146621529894,-2.035416190931314,-30007.92965817181,-30007.92965817181,-2.6557554681149593,-1.8791482539091815,-30007.88473536948,-2.0799603246527516,-1.574942123301227,-30007.88473536948,-3.9630586540168524,-1.8769960358770534,-1.5285048806483381,-4.064913679932376,-2.3797154444192863,-30007.88473536948,-3.149353911285761,-30007.88473536948,-30007.88473536948,-30007.88473536948,-2.296723598748021,-30007.88473536948,-4.120517754454887,-30007.88473536948,-5.060653167593065,-30007.88473536948,-30007.693275030273,-1.0941029796369115,-30007.693275030273,-30007.693275030273,-30007.693275030273,-30007.693275030273,-30007.693275030273,-30007.693275030273,-2.1776805681723204,-2.2719046165883148,-2.223306910452693,-1.7906394328812754,-30007.693275030273,-30007.693275030273,-30007.693275030273,-30007.693275030273,-1.7625451897634319,-30007.693275030273,-30007.693275030273,-30007.693275030273,-30006.660587465078,-30006.660587465078,-2.770715913367973,-30006.660587465078,-1.5138788019014884,-30006.660587465078,-30006.660587465078,-30006.660587465078,-30006.660587465078,-30006.660587465078,-30006.660587465078,-30006.660587465078,-30006.660587465078,-30006.660587465078,-2.9307191590837047,-4.528760153057052,-30006.660587465078,-0.8829609600772335,-30006.660587465078,-1.4526625308446244,-0.49570046927999467,-30007.90165160186,-2.4032155159615627,-1.6016590497404168,-30007.90165160186,-30007.90165160186,-30007.90165160186,-30007.90165160186,-4.818948253737833,-30007.90165160186,-30007.90165160186,-30007.90165160186,-30007.90165160186,-30007.90165160186,-30007.90165160186,-5.3207619099497325,-30007.90165160186,-30007.90165160186,-30007.90165160186,-2.4738334634757173,-30006.65835870633,-30006.65835870633,-2.50438482264341,-30006.65835870633,-1.1883702692469988,-30006.65835870633,-30006.65835870633,-30006.65835870633,-30006.65835870633,-30006.65835870633,-2.4443313340252852,-30006.65835870633,-2.260010040200664,-2.9064402561691494,-30006.65835870633,-1.1898203800875775,-30006.65835870633,-30006.65835870633,-2.87110742678647,-30006.65835870633,-30005.797376798266,-30005.797376798266,-30005.797376798266,-30005.797376798266,-30005.797376798266,-30005.797376798266,-30005.797376798266,-30005.797376798266,-30005.797376798266,-30005.797376798266,-30005.797376798266,-30005.797376798266,-30005.797376798266,-3.4239039559125217e-6,-30005.797376798266,-30005.797376798266,-30005.797376798266,-30005.797376798266,-30005.797376798266,-30005.797376798266,-30006.96369290666,-1.211219114543689,-2.9446981086180934,-3.5211753264690335,-30006.96369290666,-30006.96369290666,-2.458768466999928,-3.9420555247870404,-3.01990085913186,-30006.96369290666,-1.027112227044876,-30006.96369290666,-3.4329793997951747,-30006.96369290666,-30006.96369290666,-30006.96369290666,-2.670985630931428,-30006.96369290666,-30006.96369290666,-30006.96369290666,-30007.364619281365,-30007.364619281365,-30007.364619281365,-30007.364619281365,-30007.364619281365,-30007.364619281365,-1.9651627381151782,-1.865880490327716,-30007.364619281365,-2.018201010049796,-30007.364619281365,-1.6987206592529258,-2.076566941707296,-2.2106584176396042,-30007.364619281365,-30007.364619281365,-30007.364619281365,-2.069031097618036,-30007.364619281365,-3.727372656545447,-0.630024692112392,-2.500504047510164,-1.8081474926067154,-30007.482016813683,-30007.482016813683,-30007.482016813683,-30007.482016813683,-30007.482016813683,-2.075843425900687,-2.869368546417406,-30007.482016813683,-3.3041586460714085,-30007.482016813683,-30007.482016813683,-30007.482016813683,-30007.482016813683,-30007.482016813683,-30007.482016813683,-30007.482016813683,-30007.482016813683,-30004.68859399401,-30004.68859399401,-30004.68859399401,-30004.68859399401,-30004.68859399401,-30004.68859399401,-30004.68859399401,-30004.68859399401,-30004.68859399401,-30004.68859399401,-30004.68859399401,-30004.68859399401,-30004.68859399401,-1.0376646182308491e-5,-30004.68859399401,-30004.68859399401,-30004.68859399401,-30004.68859399401,-30004.68859399401,-30004.68859399401],[-30007.2617541797,-30007.2617541797,-4.7405036487340695,-1.1387228135735432,-1.0050467893407493,-30007.2617541797,-4.1862140028542685,-30007.2617541797,-30007.2617541797,-2.606985989777198,-30007.2617541797,-30007.2617541797,-30007.2617541797,-30007.2617541797,-30007.2617541797,-2.919212413014638,-30007.2617541797,-30007.2617541797,-1.8430233833132226,-30007.2617541797,-1.5099950759023617,-2.3374845051606163,-30006.661415358107,-30006.661415358107,-30006.661415358107,-30006.661415358107,-1.2787952749759999,-4.0182203929038485,-30006.661415358107,-30006.661415358107,-30006.661415358107,-30006.661415358107,-30006.661415358107,-0.9633310715189154,-30006.661415358107,-30006.661415358107,-30006.661415358107,-30006.661415358107,-30006.661415358107,-30006.661415358107,-30007.826286520412,-30007.826286520412,-1.3359023740759923,-3.880502135870771,-2.731845049264649,-30007.826286520412,-30007.826286520412,-30007.826286520412,-1.535639914838522,-2.1728112796249874,-30007.826286520412,-30007.826286520412,-2.2287099645599913,-30007.826286520412,-30007.826286520412,-30007.826286520412,-2.2072051991737958,-3.530190309671137,-30007.826286520412,-2.626238321274788,-30006.14096851509,-30006.14096851509,-1.297992625710501,-30006.14096851509,-30006.14096851509,-30006.14096851509,-30006.14096851509,-30006.14096851509,-30006.14096851509,-30006.14096851509,-30006.14096851509,-2.894210305111251,-30006.14096851509,-30006.14096851509,-3.6487325237151564,-30006.14096851509,-30006.14096851509,-0.44654082115378024,-30006.14096851509,-30006.14096851509,-1.2719185765525314,-30007.92965817181,-30007.92965817181,-30007.92965817181,-30007.92965817181,-30007.92965817181,-30007.92965817181,-30007.92965817181,-2.97057323758503,-2.5224074627009045,-3.0929729994131963,