{"EPOCHS":100,"Rs":[13],"num_results":{"cp_vb":{"log_Z":[-6468.424407554616],"inf_results":[[[-2.1587970757762136,-3.123684413300724,-1.818616235866946,-2.0321578040963644,-2.7245034553562517,-22.875868869880147,-3.9676258146343715,-6.328469373631949,-2.029447799256504,-2.7556157978270193,-1.5995485868846364,-3.4221656137002734,-3.477096246883602],[-267.83064234930265,-267.83064234930265,-267.83064234930265,-267.83064234930265,-2.4606098378277146,-267.83064234930265,-2.398758915473338,-267.83064234930265,-267.83064234930265,-267.83064234930265,-1.5284402745430734,-2.547203375960172,-267.83064234930265,-267.83064234930265,-267.83064234930265,-1.634751461862515,-1.8826165390504785,-3.8414865414857062,-3.4063922384434395,-2.087813376131021,-0.9916446405621056,-1.1215152401467492,-266.86575501177816,-266.86575501177816,-1.5609245640858553,-266.86575501177816,-266.86575501177816,-266.86575501177816,-2.403213326310828,-266.86575501177816,-266.86575501177816,-266.86575501177816,-266.86575501177816,-266.86575501177816,-266.86575501177816,-266.86575501177816,-266.86575501177816,-266.86575501177816,-266.86575501177816,-266.86575501177816,-268.17082318921194,-1.7621435562336378,-2.549647137035275,-2.5085065708258307,-2.8369240364006814,-268.17082318921194,-268.17082318921194,-1.754005193015992,-2.5016756495133876,-2.722727861579739,-4.207553608646729,-268.17082318921194,-3.1657095823479073,-2.2396344588804658,-2.350264276072191,-5.0549755002714285,-268.17082318921194,-6.890677979818442,-268.17082318921194,-3.9148728812814264,-1.8978722536275852,-1.8989764367387396,-267.95728162098254,-1.6421311642643381,-2.1743664693653626,-267.95728162098254,-4.844632779978783,-267.95728162098254,-2.7351544013686304,-2.3622509203192203,-3.1444209971556125,-267.95728162098254,-3.1815806801658617,-5.0114378078695,-5.0357816625566,-4.534841542406419,-267.95728162098254,-267.95728162098254,-267.95728162098254,-2.1719597729543443,-267.2649359697226,-2.2725873566219414,-1.719086784791509,-267.2649359697226,-267.2649359697226,-267.2649359697226,-1.1812915629648026,-267.2649359697226,-267.2649359697226,-4.936133181151945,-3.796752051705134,-267.2649359697226,-267.2649359697226,-5.115660270386039,-3.6403010147565147,-267.2649359697226,-267.2649359697226,-1.1093194834552067,-4.253647500380339,-267.2649359697226,-247.11357055519875,-247.11357055519875,-247.11357055519875,-247.11357055519875,-247.11357055519875,-247.11357055519875,-247.11357055519875,-247.11357055519875,-247.11357055519875,-247.11357055519875,-247.11357055519875,-247.11357055519875,-247.11357055519875,-247.11357055519875,-247.11357055519875,-247.11357055519875,-247.11357055519875,-247.11357055519875,-247.11357055519875,-247.11357055519875,-266.0218136104445,-266.0218136104445,-266.0218136104445,-266.0218136104445,-266.0218136104445,-0.40882025355666585,-266.0218136104445,-266.0218136104445,-266.0218136104445,-266.0218136104445,-266.0218136104445,-1.7723549659442916,-266.0218136104445,-266.0218136104445,-266.0218136104445,-266.0218136104445,-266.0218136104445,-266.0218136104445,-1.8259123790921228,-266.0218136104445,-0.0033301836114008054,-263.66097005144695,-263.66097005144695,-263.66097005144695,-263.66097005144695,-263.66097005144695,-263.66097005144695,-263.66097005144695,-263.66097005144695,-263.66097005144695,-263.66097005144695,-263.66097005144695,-263.66097005144695,-263.66097005144695,-263.66097005144695,-263.66097005144695,-263.66097005144695,-263.66097005144695,-263.66097005144695,-263.66097005144695,-1.090539813665207,-1.343887586030231,-3.976751513755826,-1.7851013657656818,-267.9599916258224,-4.364060735882105,-267.9599916258224,-267.9599916258224,-3.0509594513006206,-267.9599916258224,-3.0528316653865213,-2.6793158582160093,-267.9599916258224,-267.9599916258224,-3.9872028397716432,-267.9599916258224,-3.9433945301140216,-267.9599916258224,-267.9599916258224,-267.9599916258224,-267.23382362725187,-267.23382362725187,-267.23382362725187,-267.23382362725187,-1.5598126816875588,-3.688398355251311,-267.23382362725187,-5.094489717782875,-267.23382362725187,-2.5532656141825685,-267.23382362725187,-267.23382362725187,-1.8653020847801534,-267.23382362725187,-267.23382362725187,-1.270668881914201,-267.23382362725187,-3.7632636575893677,-2.2825272892366746,-2.1629633562246324,-0.6275836704813829,-268.3898908381942,-1.9493232905376523,-268.3898908381942,-5.895105710832468,-2.8049498451266706,-268.3898908381942,-2.975553235633953,-2.8386676023828104,-268.3898908381942,-3.631831033150516,-2.6886821529563507,-268.3898908381942,-268.3898908381942,-3.19087288014875,-268.3898908381942,-4.299961940925282,-268.3898908381942,-268.3898908381942,-268.3898908381942,-266.5672738113786,-266.5672738113786,-1.1400568342380728,-266.5672738113786,-266.5672738113786,-266.5672738113786,-1.3111037703339896,-266.5672738113786,-266.5672738113786,-266.5672738113786,-266.5672738113786,-266.5672738113786,-266.5672738113786,-0.8964183654847044,-266.5672738113786,-266.5672738113786,-266.5672738113786,-266.5672738113786,-266.5672738113786,-266.5672738113786,-266.5123431781953,-2.7393335753431196,-3.721020438876923,-266.5123431781953,-2.34540783086804,-0.2144389674495475,-266.5123431781953,-266.5123431781953,-266.5123431781953,-266.5123431781953,-266.5123431781953,-266.5123431781953,-266.5123431781953,-5.784696466888744,-266.5123431781953,-266.5123431781953,-266.5123431781953,-266.5123431781953,-266.5123431781953,-266.5123431781953],[-1.2612067237663425,-1.0023488056949814,-267.83064234930265,-1.6364478828260145,-267.83064234930265,-267.83064234930265,-267.83064234930265,-267.83064234930265,-2.4658251071372224,-267.83064234930265,-267.83064234930265,-2.810090269366672,-4.819560631432042,-267.83064234930265,-267.83064234930265,-267.83064234930265,-267.83064234930265,-267.83064234930265,-267.83064234930265,-267.83064234930265,-266.86575501177816,-266.86575501177816,-266.86575501177816,-0.9314876386715865,-266.86575501177816,-3.861255817322241,-266.86575501177816,-266.86575501177816,-266.86575501177816,-1.7795620054729016,-266.86575501177816,-1.7177723740856763,-1.4566100876179648,-266.86575501177816,-266.86575501177816,-266.86575501177816,-266.86575501177816,-266.86575501177816,-266.86575501177816,-266.86575501177816,-0.5467520726616426,-2.9931994435594325,-2.297304259076294,-3.7880069472507567,-268.17082318921194,-268.17082318921194,-2.383865964372208,-268.17082318921194,-2.8787504502308714,-268.17082318921194,-268.17082318921194,-268.17082318921194,-268.17082318921194,-2.3644284222938605,-268.17082318921194,-6.641796677445852,-6.137233535431584,-268.17082318921194,-268.17082318921194,-268.17082318921194,-267.95728162098254,-1.8744333894618812,-267.95728162098254,-267.95728162098254,-267.95728162098254,-2.608063417155262,-267.95728162098254,-267.95728162098254,-3.5539927125093516,-3.040730230572893,-3.3187584199295914,-3.1663071563014213,-267.95728162098254,-267.95728162098254,-3.2147164476345322,-0.7258035491893242,-4.6046404230669475,-3.851324710768444,-2.8194215346603553,-267.95728162098254,-1.463627169464453,-267.2649359697226,-1.9416488364171487,-267.2649359697226,-3.0574688579313807,-1.0041136788871272,-5.744575322646981,-5.5666889191033535,-267.2649359697226,-267.2649359697226,-4.114770299883515,-267.2649359697226,-267.2649359697226,-1.7078442423866012,-267.2649359697226,-267.2649359697226,-6.111309232235354,-267.2649359697226,-267.2649359697226,-267.2649359697226,-247.11357055519875,-247.11357055519875,-247.11357055519875,-247.11357055519875,-247.11357055519875,-247.11357055519875,-247.11357055519875,-247.11357055519875,-247.11357055519875,-247.11357055519875,-247.11357055519875,-247.11357055519875,-247.11357055519875,-247.11357055519875,-247.11357055519875,-247.11357055519875,-247.11357055519875,-247.11357055519875,-247.11357055519875,-247.11357055519875,-0.0673313556074886,-266.0218136104445,-266.0218136104445,-266.0218136104445,-266.0218136104445,-266.0218136104445,-266.0218136104445,-266.0218136104445,-266.0218136104445,