{"EPOCHS":100,"Rs":[10],"num_results":{"cp_vb":{"log_Z":[-5260.519546405179],"inf_results":[[[-2.0663900769505306,-2.043080713984156,-2.5421223273945355,-2.096728343634867,-2.3192185175392,-2.4986852117640543,-2.4165458696697915,-2.266659852806101,-2.9852715201421507,-2.138313715764025],[-8.333556113377126,-8.883532294894641,-2.308705246679626,-2.0616268918974168,-2.605213154322322,-3.2709977920820297,-2.86405266082585,-3.720544056698098,-2.985754405605652,-3.0773975897662043,-2.5524595679445756,-2.337746325112276,-3.906494932630463,-4.090477850392705,-5.356453213793474,-2.842101860688021,-1.7742301826693332,-8.487404511302952,-3.8572849984946327,-4.406616537192205,-1.1960388704981186,-0.8272046529896393,-5.136208165747927,-4.409981827015239,-8.595950665050351,-5.273785507246794,-5.262712385160405,-6.682909654874392,-3.566670636829283,-4.167821125925485,-2.296601816944004,-2.5772599375234693,-5.938311389058702,-8.996413121876923,-7.400465135817104,-8.724752215636569,-8.317804058190948,-8.612776572693681,-7.372079281742071,-8.547996627731518,-8.222083261479646,-3.369689657242796,-1.3271339012874686,-3.620279168912343,-6.82603949554623,-8.302127507536387,-3.4584961465859676,-5.373361148990648,-2.0924865628066796,-2.251987921489655,-4.462564629247616,-3.47901081775517,-3.8697993304436986,-8.130819715565748,-3.4099676098938407,-6.142484974121839,-6.172184293071787,-1.4325242190401903,-8.35400360361653,-2.8411837802408977,-1.3601009537085886,-2.8433763002098402,-1.5336076650646593,-5.0701924572282895,-5.546279746351384,-4.192526826610557,-2.121309314391419,-1.9367046309910654,-4.269208881041009,-8.549178662043893,-4.7481812426427155,-5.163616406051774,-9.158277117357933,-2.2037531839824895,-3.532713009907099,-8.83200110445387,-5.2740086700699536,-8.473270592686502,-7.9567038760987625,-9.090985244642166,-1.7075517602096753,-1.642908036456853,-4.576078077123111,-1.8817975171486196,-1.8974660592065753,-6.263810036767753,-6.741684612843158,-7.20135814729884,-2.9385398696451306,-2.9239270881151915,-3.1078807209494728,-3.246344275870469,-4.4333562475609,-5.83242073411609,-4.415711766054907,-8.5932230979991,-6.435867185174015,-6.69759508617194,-4.747599574292461,-2.624664252925747,-8.161042656834782,-4.038031272146641,-7.857295696125456,-3.248373807709368,-1.1209390646472714,-4.277108199855458,-4.791047427683829,-5.16646853225598,-6.336209198542431,-4.080175195182438,-2.0094762077045836,-5.355329509432259,-6.567756361390216,-8.053472543698476,-7.283099064340887,-1.7112582162262253,-7.2088959741894785,-7.580989456104417,-2.3176825152465783,-1.9666413236661011,-0.38117564625795985,-8.280060151565625,-7.947551344656256,-7.936724933430641,-3.0628539365394034,-7.740023806819998,-3.9269115051786168,-7.305858343045078,-2.0343590281715116,-8.0787795721767,-3.7147457006102713,-4.907187040329514,-8.329172632251403,-8.313168123904411,-6.754368428421972,-7.131989323794744,-6.5572029266390235,-2.61896885718671,-7.976577356063181,-7.229434836984977,-1.3734357067937726,-8.203046550957863,-8.449961035821733,-1.7593025535325673,-8.657046101795002,-3.9159054462880607,-8.362678378602059,-8.692796613431685,-6.454114894054051,-3.130513552578317,-8.140247944355067,-3.993637797001816,-2.1619612504964687,-8.53435013575544,-3.41570848396176,-1.6437098987492034,-7.929288662056138,-6.677412615200748,-4.461564898724983,-2.053406014622044,-1.3882535426754972,-7.175069335511686,-2.3721684200816844,-5.216962418418623,-2.4298377965590854,-0.8219640827293038,-6.838728740263449,-7.453865223185199,-5.912458604514037,-7.959667920956953,-4.607425971762725,-7.484801292639343,-3.9395061612166993,-6.810549374499143,-2.992177191191988,-7.892236697686562,-6.16474065032253,-8.11641634203285,-8.003524458867739,-3.883562789277377,-8.910555315067773,-1.9275491919763192,-8.358822351727907,-3.554193231818056,-7.358337542213101,-1.7841822682744768,-2.238992975390463,-1.9566498149926108,-3.188218633892517,-4.7816042656356785,-3.6686963039316884,-3.7151450020527483,-3.565561313258201,-2.008505685933562,-2.0875786722821656,-7.325500613839183,-8.156302097268943,-7.430109990485748,-4.4609787367993405,-5.569025983128438],[-1.5331418179516962,-0.6509936465066923,-5.625358905455232,-4.114080945287526,-5.878933847741241,-7.389259969156111,-8.028389872330601,-8.308471859886016,-3.2427178757928017,-4.60987358853351,-2.1646986332102953,-2.7958040393217365,-5.105414898819427,-7.2947653624036315,-7.913002510949948,-8.390487774077727,-8.555519112614615,-8.129873940166492,-8.53863290432387,-8.390804631027775,-8.469132173914113,-8.805933680340278,-3.8451976677958304,-2.0980154079809967,-2.272804621174836,-3.3796021698434515,-3.263945060081249,-6.74564234893039,-2.0645189562900796,-3.192856956369776,-2.725895860896977,-2.459334308188871,-3.3313755453962344,-3.3936385509722076,-8.430336043830405,-4.010336636989008,-1.5827772210111437,-4.292623866269386,-3.1297636962904,-5.530068041740115,-0.9417579964398675,-7.743971198477758,-7.795024451937894,-6.199580559010823,-2.434688143539681,-0.8710891693883429,-8.194565214620674,-8.106803467205147,-4.071431660953895,-7.976432861076892,-7.348339405114598,-4.196204773125135,-6.197825145101982,-5.631029151565073,-3.143328630428285,-7.558237105620635,-8.311054945074316,-8.045992697769766,-4.79541454532294,-7.661772851705444,-8.405025668995552,-7.862687546427152,-8.236658883900695,-6.4349440331102015,-8.205720983599011,-4.725759959177032,-1.4759961723303014,-1.1424359586509292,-5.0725419710837905,-8.246059749025001,-6.452546171253569,-7.709018165623338,-6.876211078171295,-1.0151682390286245,-2.96302814721058,-4.777064928268036,-8.64147758969634,-6.007542655818747,-8.178335779781106,-8.752471316551768,-7.628868787100126,-7.975120082346461,-8.121856851403669,-7.832879999844357,-8.022570731955698,-6.741766074553518,-5.916074446119401,-8.442481489922638,-7.5467895560496165,-8.19891974664335,-5.731595124533351,-7.524341822189577,-6.4513866277135214,-7.615060389004023,-4.032414647627604,-0.36403004772872993,-4.937374506047037,-5.708437174120688,-7.953161164822018,-1.359064525883439,-1.0740929096229346,-6.967918120190392,-7.041789056764691,-1.4451315270348122,-8.285315249671331,-5.516538411892662,-7.794396414383001,-8.586499294554187,-3.11027267552137,-2.21164758715579,-8.294349026448037,-3.82305791608849,-1.842377840379747,-5.15862084251704,-7.988152342838831,-8.019041608061935,-8.075319838016405,-7.933197133699574,-8.508172967974932,-2.7229074851561688,-8.726424549443626,-1.5832366644118947,-1.6578971886724503,-3.1715963145793,-6.812574697385572,-1.739616884395919,-7.036390152692707,-4.1286785784165145,-6.505553814130918,-2.664731884687443,-3.771359596678016,-3.5600125961704907,-2.5335211411169327,-3.6439702137167482,-2.4605454495722956,-5.726492079332231,-7.80292104371854,-7.292599274783151,-4.795433132481133,-3.3803922043586896,-7.795206095356789,-1.9426829636063196,-5.545439353799795,-3.1363192455268996,-1.1116221427609059,-5.464029360001861,-4.572232712930042,-8.76441870379951,-3.362784535109814,-3.0202846088515862,-2.325598594354897,-3.5421517307962733,-8.047754139256153,-8.499010072839623,-4.647732442088634,-7.861548202340702,-6.173520098553925,-4.657759619691511,-2.7160129177453465,-1.8335072218433046,-7.556738863290269,-6.992049625737599,-2.9270374770185814,-6.62247776006523,-6.91362490845981,-7.805508277200958,-5.211546414557518,-5.877402790598014,-1.5965472275365347,-3.47657887006091,-6.834896685911906,-2.91730111425053,-6.121396482476065,-4.054426749686044,-3.1751599964249193,-7.268760423061321,-7.170409207975897,-0.5870036963380212,-7.6868402081891825,-4.412777429141856,-0.4909879232304952,-7.858843645266836,-1.2684195917174597,-7.999737063184211,-4.701333542232519,-8.223702404001749,-3.480830776899296,-5.071534414672261,-3.62796850366736,-4.222011765537404,-8.38120598671679,-7.828895585746897,-8.321393270551921,-4.618764281000379,-8.334435555036393,-8.27396907956786,-7.824725255876032,-7.576537850486915,-8.81012146602001,-8.546910842656281],[-0.592644590797164,-2.0946646954753145,