{"EPOCHS":100,"Rs":[6],"num_results":{"cp_vb":{"log_Z":[-5992.508849506936],"inf_results":[[[-2.5753054245059426,-1.9538764110160596,-1.642299772785063,-1.6373647525045785,-1.6531434367917033,-1.597159021636168],[-1.4118040682363926,-5.6784969747212735,-1.7777248492833682,-4.895143612738153,-4.339536198134873,-7.281052466022068,-3.3137625662427617,-4.776462500318588,-2.162395481712127,-3.3446380552820845,-4.415000217081101,-3.687040472900562,-4.658496343801081,-7.354443842253238,-3.6677957229683,-6.4799671352296855,-6.10251656458092,-1.386607340256723,-7.438171120061998,-3.4845179404653743,-1.7867639227505787,-7.9966734377238184,-2.771182662440544,-2.1999393469985087,-2.8364082172589926,-3.3945352417101793,-3.1539283372918137,-4.074464079671712,-2.9697114247365457,-3.4809639020405014,-2.8014519571318104,-2.6292748218867112,-3.9627190576552773,-4.517367967814044,-4.878791351719029,-2.6360256999673464,-2.0829521579979318,-5.727807691123781,-4.177211362343543,-3.3741701511662088,-1.1673108931013276,-0.8827741288459761,-4.583017632230739,-3.965972185778703,-5.45191041334593,-5.266992345973059,-5.734338611354552,-6.898949453663809,-3.465082834611195,-4.46784908532888,-2.204677909261612,-2.7112249473221057,-5.861269366239307,-7.986884978833214,-6.2076189460253826,-7.409119105875304,-7.7593510739693965,-7.7465880006492505,-6.426506402611298,-7.300479199360165,-8.443889032428277,-2.483880516600447,-2.6895723601775376,-2.9469651758482147,-2.773807640156547,-2.4160441322572215,-2.8410006453042165,-2.7898888587605937,-2.8024012320875453,-3.1002911645765012,-2.950615492971971,-3.3385826475930456,-3.644090352841549,-2.718459115346592,-2.6025727652347195,-3.226862231400796,-3.814513754094023,-3.5301390816530205,-3.688245643920273,-3.105259932974219,-1.29322287456496,-3.3087357630281504,-1.8661996745912353,-5.518811081879866,-4.741742474001283,-1.9808615184008724,-2.2830184863524616,-2.1003563430743046,-4.248498732250528,-8.138928809928686,-5.410470826952631,-6.223550634173172,-7.64550314426903,-2.402975211946764,-3.2589093977144277,-8.274818019329825,-5.720634934851387,-7.580321330066944,-7.296106241940732,-8.169818493744925,-1.7991223494567627,-5.503927116458076,-7.14337261464534,-1.9262336693443505,-1.716180830954265,-4.101265718709016,-7.406137460318134,-7.405023727389892,-3.335650684651209,-2.965016022612989,-3.8612167981758296,-4.291291357119386,-2.7384543500873386,-6.651118049150721,-3.990470135154,-2.1066009296298684,-7.250141469959437,-6.008343813657982,-3.3673992624102542,-2.144575792688248],[-6.471102693244688,-3.2943156787450074,-2.967937084473076,-4.527200782309085,-2.5180390224901483,-0.49416815024662686,-6.598777823788693,-5.61142108207107,-5.457294773052643,-5.021965399051569,-5.638941976249169,-5.126494382667005,-3.936045831038814,-4.342125513388382,-2.133374701844822,-5.192262515464414,-7.1093050548642225,-7.112964380403796,-4.826164882278013,-4.94896991300666,-6.551433222664843,-0.4171222016270253,-6.79199796397643,-3.386696747379509,-4.494945160400746,-6.268270408574233,-6.273049477868968,-6.8548025934685946,-3.45803190804184,-4.238695883214067,-1.8956316801196236,-2.673291858155096,-5.437935971773116,-5.717413305028755,-5.854971563807042,-5.4875602804929215,-7.264673509962515,-7.127846473499164,-6.811276947757129,-6.905719428555387,-7.597669397192814,-7.858895382773794,-3.12806975041023,-2.3109955134441424,-2.6171704780732457,-3.386551648885746,-3.411710147946591,-4.729994267760438,-2.456796583200738,-3.2164005004568885,-3.1652129174271657,-2.7982097568459485,-3.4053833029715657,-3.2241302169135455,-5.317331122409946,-1.9236213541227034,-1.9582831702986248,-5.758964172625992,-3.3594121727765165,-2.6356196986683944,-0.22256562363887245,-5.980453735342318,-2.7834710924421753,-5.2189094746142075,-5.143489384573601,-7.039494714939995,-6.379413478172354,-7.39330175561359,-2.6653233414106694,-4.337606850646617,-7.012805605796229,-3.903114596900328,-6.4388365848603755,-4.995913309096808,-7.270242323576616,-6.497362439646454,-7.444256227226846,-6.946113963627228,-7.673585271798648,-7.3989012196709645,-7.4734016909620165,-6.088568284901218,-1.7855729910524358,-6.343689500567418,-5.828161162510997,-7.274770345629649,-1.8432961456493393,-1.5760159529521234,-3.6839859447493977,-4.982511231109806,-6.030975272422658,-5.298452951269087,-5.846036346161593,-1.4769603213645288,-3.0398004249106316,-5.196294130706104,-7.552999325486941,-2.046339532437335,-7.028857427575661,-7.695227119135891,-4.462073374234944,-4.4177044299195645,-7.458030233485095,-2.312637804125208,-1.8262517639895144,-4.777938294915801,-5.126710724185322,-8.250371481771673,-3.752138869237019,-2.5249705339386876,-3.579283434535066,-4.067848248098173,-2.4849157007779024,-7.492643796759356,-4.276955149334419,-1.5798785445654469,-6.909785105765057,-3.499272872415604,-3.4493451523595633,-1.7027826999795321],[-1.0248308041229208,-2.0263172479627087,-1.2959704477469884,-1.451989271572895,-0.7738166673845388,-1.9704487323525504,-1.5101154077971222,-1.7281111791932666,-0.832753604597344,-1.6772353982772898,-1.6057197814608664,-1.732223930863884,-0.9247754274026416,-2.050406673388,-1.152480708500618,-1.8437464170139828,-1.055750732817323,-2.2640053183044975,-1.095397670800363,-1.546003676451698,-1.5503844786301455,-2.022691840538206,-1.3172918936154057,-0.9491281450567177]]]},"cp_smc":{"log_Z":[-6500.942029160271],"inf_results":[{"S_R":[2086.0000000000005,2468.0000000000005,2480.0000000000005,1956.0,1742.0,1582.0],"S_IR":[[0.0,262.00000000000006,124.00000000000001,71.00000000000001,144.0,99.00000000000001,102.00000000000001,290.00000000000006,54.0,90.00000000000001,94.00000000000001,44.0,34.0,219.0,210.0,46.0,3.0,44.0,85.00000000000001,71.00000000000001],[678.0,379.00000000000006,11.0,473.00000000000006,224.0,5.000000000000001,1.0,5.000000000000001,52.0,128.0,56.0,180.0,36.0,6.000000000000001,42.0,6.000000000000001,4.000000000000001,1.0,34.0,147.0],[920.0,104.00000000000001,481.00000000000006,4.000000000000001,15.0,47.0,247.0,170.0,68.00000000000001,2.0,35.0,17.000000000000004,1.0,156.0,76.00000000000001,3.0,10.0,103.00000000000001,8.0,13.0],[332.00000000000006,2.0,14.0,7.000000000000001,149.0,6.000000000000001,60.0,5.000000000000001,193.0,56.0,50.0,85.00000000000001,178.0,8.0,12.0,438.00000000000006,2.0,164.0,6.000000000000001,189.0],[13.0,2.0,194.0,185.0,39.0,476.00000000000006,83.00000000000001,1.0,150.0,45.0,109.00000000000001,88.00000000000001,23.000000000000004,1.0,5.000000000000001,12.0,257.00000000000006,7.000000000000001,16.000000000000004,36.0],[396.00000000000006,545.0,2.0,8.0,176.0,22.000000000000004,7.000000000000001,8.0,25.000000000000004,31.000000000000004,227.0,19.000000000000004,2.0,6.000000000000001,12.0,24.000000000000004,7.000000000000001,0.0,29.000000000000004,36.0]],