{"EPOCHS":100,"Rs":[5],"num_results":{"cp_vb":{"log_Z":[-7619.703085659508],"inf_results":[[[-1.7432614267956605,-1.624487630888142,-2.429091390520557,-1.882832553589866,-0.9477794672909017],[-10008.252242069564,-10008.252242069564,-2.1414539694935213,-2.4150262212680564,-2.406602399599765,-2.2445536792675407,-2.4399025054859305,-10008.252242069564,-10008.252242069564,-2.9537464878581012,-2.8045551453214355,-10008.252242069564,-10008.252242069564,-2.5325981059686766,-3.40839527610561,-2.618905652700313,-2.1064844839979866,-10008.252242069564,-3.3953772803877316,-2.922434755110123,-1.099532814878403,-2.724808514526311,-1.5434749805223005,-10008.371015865472,-3.8869501361685246,-1.898899053172003,-2.1699394293988306,-10008.371015865472,-10008.371015865472,-10008.371015865472,-10008.371015865472,-10008.371015865472,-10008.371015865472,-2.4115607931561573,-4.403513438018633,-10008.371015865472,-10008.371015865472,-10008.371015865472,-10008.371015865472,-10008.371015865472,-1.5135802051905944,-10007.56641210584,-5.916790162541124,-3.323663768782829,-10007.56641210584,-4.067856281044558,-10007.56641210584,-0.9817073078884366,-3.3632616129187176,-10007.56641210584,-10007.56641210584,-2.1311677340540838,-2.8220502395922313,-10007.56641210584,-2.018110131629422,-10007.56641210584,-10007.56641210584,-10007.56641210584,-10007.56641210584,-10007.56641210584,-10008.11267094277,-1.0602819570538626,-10008.11267094277,-10008.11267094277,-10008.11267094277,-10008.11267094277,-4.017632111689542,-3.2663061967641456,-1.8564545457251285,-3.4406673264173637,-2.1474135194659274,-3.7190723731916893,-10008.11267094277,-10008.11267094277,-2.836742971026326,-5.267057719509959,-4.544517343409874,-1.8262526474328382,-4.973909893438652,-3.7871042753133026,-1.3076794885844087,-2.2875095096842886,-4.563899507126979,-2.2266902322340725,-2.252850923379734,-4.711815916048737,-10009.04772402907,-10009.04772402907,-3.122467009891648,-3.288132670600972,-3.075743120810208,-2.9205724371803106,-3.1309285479837268,-6.71207064151777,-10009.04772402907,-2.58225675558292,-10009.04772402907,-5.678109231014579,-3.9563072319769956,-2.665114859853227],[-0.5907934053781672,-1.383165496580789,-10008.252242069564,-3.7080223429556822,-10008.252242069564,-10008.252242069564,-4.488502708624307,-5.018825161255301,-3.4392548418006657,-3.5096469820220433,-2.9678180408243593,-3.454843042265482,-5.138711036499659,-10008.252242069564,-10008.252242069564,-10008.252242069564,-10008.252242069564,-10008.252242069564,-10008.252242069564,-10008.252242069564,-10008.371015865472,-10008.371015865472,-1.8948147649391585,-10008.371015865472,-4.226918228192047,-2.2754887942306263,-2.11751948526682,-1.6088004942277028,-3.0673405471581052,-10008.371015865472,-10008.371015865472,-3.6102630623104597,-10008.371015865472,-1.9052979062568305,-2.8367884310678813,-10008.371015865472,-10008.371015865472,-2.047810376819733,-10008.371015865472,-10008.371015865472,-1.3695789490415757,-10007.56641210584,-1.7937710049605773,-10007.56641210584,-10007.56641210584,-10007.56641210584,-1.9180420126676783,-10007.56641210584,-2.45840755133616,-10007.56641210584,-3.586370995336902,-10007.56641210584,-10007.56641210584,-1.5997828427321847,-4.589088327888092,-10007.56641210584,-2.26368045899292,-10007.56641210584,-10007.56641210584,-10007.56641210584,-1.3301185202808972,-3.1133297741950425,-2.483848615119391,-2.908036211673564,-3.1209843329192237,-1.7326276901310083,-10008.11267094277,-4.716105862667689,-10008.11267094277,-10008.11267094277,-10008.11267094277,-2.820368841539576,-4.467303625031864,-3.030641509349297,-10008.11267094277,-2.98183352145037,-2.0966994262009786,-6.425059291848392,-5.608847525584727,-3.849080182503178,-10009.04772402907,-2.0572668047344065,-10009.04772402907,-2.4414303710598677,-2.115540482779018,-3.8461233822619594,-10009.04772402907,-10009.04772402907,-2.860780457294986,-2.735478058065647,-2.757971648263112,-3.620988198145681,-2.8064461456992014,-10009.04772402907,-3.6643036356191567,-1.78604948991459,-10009.04772402907,-4.146622420630886,-3.3578468813508904,-2.07692357678233],[-0.8519720249507632,-2.2649644735203873,-1.2389315441914235,-1.7192322072214896,-1.00517268100639,-2.2701989828101237,-1.1552949433042192,-1.5364471005217597,-0.8401860132342165,-1.8814034776612196,-1.2127785953782508,-2.14351458698325,-0.9393291630950689,-1.8523007061074113,-1.3873247866664942,-1.6010170565516892,-1.1701866035443693,-1.8492824453147545,-1.417274248051081,-1.2390719298125035]]]},"cp_smc":{"log_Z":[-8290.116395868543],"inf_results":[{"S_R":[3498.0,378.0,4629.0,225.0,3584.0],"S_IR":[[591.0,352.0,356.0,236.0,271.0,527.0,0.0,0.0,0.0,0.0,0.0,252.0,113.0,390.0,0.0,227.0,0.0,0.0,0.0,183.0],[0.0,0.0,16.0,0.0,362.0,0.0,0.0,0.0,0.0,0.0,0.0,0.0,0.0,0.0,0.0,0.0,0.0,0.0,0.0,0.0],[890.0,373.0,375.0,72.0,114.0,88.0,482.0,474.0,404.0,198.0,359.0,0.0,0.0,0.0,294.0,0.0,272.0,123.0,111.0,0.0],[0.0,0.0,79.0,0.0,0.0,0.0,0.0,0.0,0.0,0.0,0.0,0.0,0.0,0.0,0.0,0.0,0.0,146.0,0.0,0.0],[858.0,569.0,0.0,440.0,0.0,40.0,18.0,5.0,138.0,154.0,212.0,181.0,161.0,6.0,63.0,302.0,11.0,50.0,67.0,309.0]],"S_JR":[[922.0,599.0,221.0,0.0,38.0,0.0,252.0,297.0,244.0,161.0,0.0,0.0,0.0,95.0,121.0,0.0,160.0,369.0,19.0,0.0],[0.0,0.0,0.0,70.0,0.0,0.0,0.0,0.0,0.0,0.0,0.0,0.0,72.0,0.0,0.0,131.0,0.0,9.0,0.0,96.0],[1044.0,636.0,482.0,61.0,0.0,290.0,225.0,221.0,156.0,0.0,152.0,279.0,151.0,577.0,156.0,0.0,184.0,15.0,0.0,0.0],[0.0,0.0,0.0,0.0,0.0,225.0,0.0,0.0,0.0,0.0,0.0,0.0,0.0,0.0,0.0,0.0,0.0,0.0,0.0,0.0],[0.0,0.0,0.0,441.0,657.0,169.0,0.0,0.0,150.0,214.0,293.0,96.0,101.0,0.0,0.0,765.0,0.0,0.0,155.0,543.0]],"S_KR":[[1259.0,399.0,1045.0,795.0],[127.0,80.0,85.0,86.0],[2024.0,642.0,1271.0,692.0],[61.0,22.0,80.0,62.0],[1020.0,544.0,857.0,1163.0]]}]}},"resampling_scheme":"systematic","datetime":"2020-06-26T21:03:19.942","N":123140,"M":[10,10],"durations":{"5:5":{"(Main.CP, \"vb\")":1.53,"(Main.CP, \"smc\")":37063.94}},"adaptive":true,"a":0.01,"resampling_freq":0}