{"EPOCHS":100,"Rs":[17],"num_results":{"cp_vb":{"log_Z":[-3599.6429951508617],"inf_results":[[[-5.15379161775237,-3.0231927207064873,-2.375018760253093,-1.8341730896581483,-3.2380790344686092,-25.65047986059676,-3.786023380375055,-2.8012255692627503,-4.448737047438705,-7.22032113043803,-1.1787294884911876,-2.4538391881196935,-25.65047986059676,-25.65047986059676,-3.069284807290104,-2.2742502108675877,-4.351937776063964],[-2.7220414653726963,-343.58467059314427,-343.58467059314427,-343.58467059314427,-0.2085910875751189,-343.58467059314427,-343.58467059314427,-343.58467059314427,-343.58467059314427,-343.58467059314427,-343.58467059314427,-343.58467059314427,-343.58467059314427,-343.58467059314427,-343.58467059314427,-343.58467059314427,-343.58467059314427,-343.58467059314427,-2.607959791560009,-343.58467059314427,-345.71526949019017,-345.71526949019017,-345.71526949019017,-1.4178319512242346,-345.71526949019017,-345.71526949019017,-345.71526949019017,-345.71526949019017,-345.71526949019017,-345.71526949019017,-345.71526949019017,-345.71526949019017,-2.438294485093204,-345.71526949019017,-345.71526949019017,-1.2045241942208071,-1.0171879433096986,-345.71526949019017,-345.71526949019017,-345.71526949019017,-346.36344345064356,-1.5887063155390537,-346.36344345064356,-346.36344345064356,-1.6753436959687402,-346.36344345064356,-346.36344345064356,-6.227317365745468,-2.946712871401263,-346.36344345064356,-1.9260375888849683,-3.511791038102919,-346.36344345064356,-4.424552336262273,-346.36344345064356,-1.4458608154562826,-5.245977254742279,-346.36344345064356,-5.119417251151492,-2.256143525591983,-0.5309970720151025,-346.9042891212385,-1.7935958177503606,-346.9042891212385,-2.79639024951745,-346.9042891212385,-2.770355637075335,-346.9042891212385,-346.9042891212385,-346.9042891212385,-3.6638737970939492,-346.9042891212385,-346.9042891212385,-2.876162395703508,-346.9042891212385,-346.9042891212385,-346.9042891212385,-3.596509988396846,-5.067475648139118,-346.9042891212385,-0.3862325265065465,-345.50038317642804,-345.50038317642804,-1.4106542804049518,-345.50038317642804,-345.50038317642804,-345.50038317642804,-345.50038317642804,-345.50038317642804,-345.50038317642804,-345.50038317642804,-345.50038317642804,-3.2213443524745236,-345.50038317642804,-3.6710430861148033,-345.50038317642804,-345.50038317642804,-345.50038317642804,-345.50038317642804,-345.50038317642804,-323.0879823502999,-323.0879823502999,-323.0879823502999,-323.0879823502999,-323.0879823502999,-323.0879823502999,-323.0879823502999,-323.0879823502999,-323.0879823502999,-323.0879823502999,-323.0879823502999,-323.0879823502999,-323.0879823502999,-323.0879823502999,-323.0879823502999,-323.0879823502999,-323.0879823502999,-323.0879823502999,-323.0879823502999,-323.0879823502999,-344.9524388305216,-344.9524388305216,-344.9524388305216,-344.9524388305216,-4.992834351668882,-0.028230385216990506,-344.9524388305216,-344.9524388305216,-344.9524388305216,-344.9524388305216,-344.9524388305216,-344.9524388305216,-344.9524388305216,-344.9524388305216,-344.9524388305216,-344.9524388305216,-344.9524388305216,-344.9524388305216,-344.9524388305216,-4.677034345250622,-0.08962041553914357,-345.9372366416339,-345.9372366416339,-345.9372366416339,-345.9372366416339,-5.568034009601814,-2.9668077625831937,-345.9372366416339,-345.9372366416339,-345.9372366416339,-345.9372366416339,-345.9372366416339,-345.9372366416339,-345.9372366416339,-345.9372366416339,-345.9372366416339,-345.9372366416339,-4.940169192953567,-345.9372366416339,-4.258905497064187,-0.0013587513339343715,-344.28972516345794,-344.28972516345794,-344.28972516345794,-344.28972516345794,-344.28972516345794,-344.28972516345794,-344.28972516345794,-344.28972516345794,-344.28972516345794,-344.28972516345794,-344.28972516345794,-344.28972516345794,-344.28972516345794,-344.28972516345794,-344.28972516345794,-344.28972516345794,-344.28972516345794,-344.28972516345794,-344.28972516345794,-341.51814108045863,-341.51814108045863,-341.51814108045863,-1.5181410804586386,-341.51814108045863,-341.51814108045863,-341.51814108045863,-341.51814108045863,-341.51814108045863,-341.51814108045863,-1.5181410804586386,-1.5181410804586386,-341.51814108045863,-341.51814108045863,-341.51814108045863,-341.51814108045863,-341.51814108045863,-341.51814108045863,-341.51814108045863,-341.51814108045863,-3.6875820697170254,-1.7254240857218726,-2.092520471601345,-2.271749608159248,-347.5597327224055,-2.9739509688710744,-2.706587249255385,-2.064340185595423,-2.838341633925258,-3.4224514239548793,-3.8503360404035565,-3.682578217247184,-4.275083995939579,-2.557505939444056,-3.126534635790205,-5.861671112544908,-4.694648687096067,-347.5597327224055,-5.030083984986125,-3.635037792697644,-0.5006945245548051,-346.28462302277694,-346.28462302277694,-346.28462302277694,-346.28462302277694,-1.8559476658966836,-346.28462302277694,-346.28462302277694,-346.28462302277694,-5.949522716510122,-346.28462302277694,-346.28462302277694,-346.28462302277694,-346.28462302277694,-346.28462302277694,-346.28462302277694,-346.28462302277694,-1.4695651395544749,-346.28462302277694,-346.28462302277694,-323.0879823502999,-323.0879823502999,-323.0879823502999,-323.0879823502999,-323.0879823502999,-323.0879823502999,-323.0879823502999,-323.0879823502999,-323.0879823502999,-323.0879823502999,-323.0879823502999,-323.0879823502999,-323.0879823502999,-323.0879823502999,-323.0879823502999,-323.0879823502999,-323.0879823502999,-323.0879823502999,-323.0879823502999,-323.0879823502999,-323.0879823502999,-323.0879823502999,-323.0879823502999,-323.0879823502999,-323.0879823502999,-323.0879823502999,-323.0879823502999,-323.0879823502999,-323.0879823502999,-323.0879823502999,-323.0879823502999,-323.0879823502999,-323.0879823502999,-323.0879823502999,-323.0879823502999,-323.0879823502999,-323.0879823502999,-323.0879823502999,-323.0879823502999,-323.0879823502999,-345.66917740360657,-345.66917740360657,-3.242461645624964,-1.201465551405338,-1.4818295785706628,-345.66917740360657,-345.66917740360657,-345.66917740360657,-345.66917740360657,-2.07956308761731,-2.710721113436603,-345.66917740360657,-345.66917740360657,-345.66917740360657,-345.66917740360657,-345.66917740360657,-345.66917740360657,-345.66917740360657,-345.66917740360657,-1.4870682421353698,-0.9342417609683604,-0.5361100251038877,-346.4642120000291,-346.4642120000291,-346.4642120000291,-346.4642120000291,-346.4642120000291,-346.4642120000291,-3.9520998632520423,-346.4642120000291,-346.4642120000291,-346.4642120000291,-346.4642120000291,-346.4642120000291,-346.4642120000291,-346.4642120000291,-346.4642120000291,-346.4642120000291,-346.4642120000291,-346.4642120000291,-344.3865244348327,-344.3865244348327,-344.3865244348327,-344.3865244348327,-0.0012333184998216673,-344.3865244348327,-344.3865244348327,-344.3865244348327,-344.3865244348327,-344.3865244348327,-344.3865244348327,-344.3865244348327,-344.3865244348327,-344.3865244348327,-344.3865244348327,-344.3865244348327,-344.3865244348327,-344.3865244348327,-344.3865244348327,-344.3865244348327],[-343.58467059314427,-343.58467059314427,-343.58467059314427,-343.58467059314427,-343.58467059314427,-343.58467059314427,-343.58467059314427,-343.58467059314427,-343.58467059314427,-343.58467059314427,-343.58467059314427,-343.58467059314427,-0.002751759818730992,-343.58467059314427,-343.58467059314427,-343.58467059314427,-343.58467059314427,-343.58467059314427,-343.58467059314427,-343.58467059314427,-345.71526949019017,-0.4059425314302212,-345.71526949019017,-345.71526949019017,-1.107369779182319,-345.71526949019017,-345.71526949019017,-345.71526949019017,-345.71526949019017,-345.71526949019017,-345.71526949019017,-345.71526949019017,-345.71526949019017,-345.71526949019017,-345.71526949019017,-345.71526949019017,-345.71526949019017,-345.71526949019017,-345.71526949019017,-345.71526949019017,-1.632535233284389,-346.36344345064356,-346.36344345064356,-1.3438060742795104,-346.36344345064356,-346.36344345064356,-346.36344345064356,