{"EPOCHS":100,"Rs":[2,3,4],"num_results":{"cp_vb":{"log_Z":[-4210.182758528841,-4286.1874739634,-4226.579635797083],"inf_results":[[[-0.6124849624842401,-0.781201503071971],[-1.3272792463094474,-1.6011920506945927,-6.00089542040208,-2.0969429250135985,-2.345997900828129,-5.748902754727467,-4008.1301124309007,-4008.1301124309007,-3.5557475930721547,-3.5015060271663296,-3.1711857358363265,-3.9513497235278527,-4.159897291440302,-4008.1301124309007,-4.957938117138415,-2.666721018896034,-3.242497936437343,-4008.1301124309007,-4008.1301124309007,-2.9157130887431615,-1.1457636783258396,-2.9136967232525057,-1.9496185894644382,-6.058244174562697,-4.717264673876553,-2.214498275076222,-2.6012700026621394,-2.4537170810172295,-3.8719302610860344,-4007.961395890313,-4.494459062146879,-7.0765226690767395,-5.553410599245165,-2.5929366866898818,-3.757502956797004,-4007.961395890313,-4007.961395890313,-2.912944291292747,-4.643561932173107,-6.837267208765189],[-1.8876074019174105,-1.7391288968518843,-5.080867865760126,-2.608096545552131,-2.397377057641137,-5.81909271144728,-4008.1301124309007,-4008.1301124309007,-3.7783859040355385,-3.932140005109475,-3.1487049622042953,-4.012306353016944,-3.8755790328812596,-6.242810507484496,-4.6328330445571435,-1.6330699151578907,-3.165041204814923,-4008.1301124309007,-4.203343779347588,-2.2392588286554593,-1.2860441268788776,-2.8414580907794686,-2.0755670937412622,-4007.961395890313,-5.8688826005372245,-2.1841979224051036,-2.644011199299918,-2.4113081506791927,-4.003298671356083,-4.931519839800666,-5.739329259233686,-4007.961395890313,-5.37628616083998,-1.9805463871969389,-4.036298588888794,-4007.961395890313,-4007.961395890313,-2.6616326478313344,-4007.961395890313,-7.52085497622447],[-1.524974430369891,-1.346826142185079,-1.612961547857597,-1.1325017273328593,-1.0710798216718906,-1.8831313670094332,-1.067541988971744,-1.8296786387140127]],[[-0.9011813059766549,-1.3640871041959004,-1.0846731761367874],[-0.8148030092313139,-2.9828346829895525,-3.2200381926822317,-2.0357811838663737,-3.1713086568734523,-6007.841553123521,-6.190498887131941,-6007.841553123521,-3.9314076745708837,-4.109126303104912,-4.281239994970235,-3.9861733701903233,-4.075418693106695,-6007.841553123521,-4.512170640209902,-2.623237850025512,-3.061662472844807,-2.9529740808605043,-6007.841553123521,-3.9679924769779964,-6007.378647325302,-0.9764730300403972,-6007.378647325302,-6007.378647325302,-1.8812592847881167,-1.974623301956897,-6007.378647325302,-6007.378647325302,-2.7077860212395315,-3.436736449681616,-2.63589655087016,-4.361863340190709,-6007.378647325302,-6007.378647325302,-6007.378647325302,-3.458295750598015,-4.838305744639112,-6007.378647325302,-4.060681705458941,-2.4452369755919223,-1.1267878261865922,-2.980246438448452,-1.9054533052323661,-3.14095815358614,-6007.658061253361,-3.0353491887215442,-2.326776739735398,-2.1502460096336122,-6007.658061253361,-5.66605803008977,-4.4928096345568065,-6007.658061253361,-4.618393468410195,-2.289465705182832,-3.516576695539659,-6007.658061253361,-6007.658061253361,-4.560061672855307,-6007.658061253361,-6007.658061253361],[-6007.841553123521,-1.3349415584179312,-4.428845612603309,-3.522812298481592,-2.0800207382827205,-2.030830661435659,-7.1889012337280365,-6007.841553123521,-3.55125464524367,-3.633746342139713,-2.8852231188297797,-6007.841553123521,-6007.841553123521,-4.616333027990771,-3.877123218883764,-2.013508887870171,-6007.841553123521,-3.836892017105713,-4.437369653391684,-2.0782038016413455,-0.96727829217033,-4.250379808058329,-6007.378647325302,-2.218495534451124,-6007.378647325302,-6007.378647325302,-6007.378647325302,-6007.378647325302,-4.045225700027266,-4.380478196350159,-5.183093612953924,-3.603508304339175,-3.5048236560983264,-6007.378647325302,-6007.378647325302,-1.601970506225305,-2.730721902866354,-2.4048411759321393,-4.394062058705718,-3.575766874155393,-1.1095221959978332,-3.4010186808804015,-1.798121390801449,-6007.658061253361,-6007.658061253361,-6007.658061253361,-2.3541040366286152,-2.1078370543125127,-4.322928178754311,-6007.658061253361,-6.551868554270873,-4.827928965306088,-4.086602015449092,-1.725128976446924,-4.223925766547441,-6007.658061253361,-4.018271560775816,-6007.658061253361,-6007.658061253361,-6007.658061253361],[-1.5364111918842456,-1.4716405504724852,-1.5260224109170926,-1.0881134267066805,-1.5598499207311312,-1.402097093860875,-1.3015299366002573,-1.3094450568797944,-0.9282448356671331,-1.827814332914084,-1.1458496889366412,-2.081248916932614]],[[-1.1993515023191517,-1.39283311886276,-1.2910836391398766,-1.7438791862880914],[-1.230425334393817,-3.1780450187386435,-1.7394732924859406,-8007.543451451493,-2.705563699090888,-4.110493556472652,-2.711875536649842,-2.0355679842919825,-3.2319821786617067,-8007.543451451493,-8007.543451451493,-8007.543451451493,-8007.543451451493,-3.0104468871986225,-3.7273265048349,-8007.543451451493,-8007.543451451493,-2.4947957205983853,-4.624686527657897,-8007.543451451493,-8007.349969834949,-0.8262878991233125,-6.362889986907524,-2.4891888530268718,-1.9356545069663955,-8007.349969834949,-8007.349969834949,-8007.349969834949,-2.941349535863047,-3.2381852960562765,-8007.349969834949,-3.9950253404798786,-4.109033017865632,-2.557075765224327,-3.5345799544776324,-8007.349969834949,-4.757301648081522,-8007.349969834949,-5.243915165611364,-2.537543842614375,-0.7594515010489511,-3.0716401082753264,-8007.451719314672,-1.7658123182883312,-8007.451719314672,-8007.451719314672,-8007.451719314672,-8007.451719314672,-8007.451719314672,-3.7516389399872,-3.385388422161932,-3.7873563492944533,-3.7995865734702563,-8007.451719314672,-8007.451719314672,-2.2846471360876697,-2.6774959987461457,-8007.451719314672,-8007.451719314672,-3.293648773273261,-0.8808053199681964,-8006.998923767524,-2.5977654438078197,-8006.998923767524,-8006.998923767524,-1.3183226013820688,-2.53879514286465,-8006.998923767524,-8006.998923767524,-8006.998923767524,-2.2438643385720054,-8006.998923767524,-8006.998923767524,-8006.998923767524,-8006.998923767524,-2.9103274087030067,-8006.998923767524,-8006.998923767524,-8006.998923767524,-8006.998923767524],[-1.3617504441571793,-2.1088338236148436,-2.6858469734136508,-8007.543451451493,-5.752614651683946,-1.807836051283263,-2.2258622917470685,-8007.543451451493,-8007.543451451493,-3.6800241695392164,-4.952762884943647,-8007.543451451493,-3.4599296632322813,-1.719131083122762,-3.5472665539500583,-8007.543451451493,-8007.543451451493,-6.1210691122089855,-8007.543451451493,-8007.543451451493,-0.9072885627144167,-8007.349969834949,-3.6732771975312146,-2.546115318414609,-3.33872031162886,-8007.349969834949,-8007.349969834949,-3.6105322281825227,-3.458714134731569,-8007.349969834949,-8007.349969834949,-3.8514619606224203,-4.157554867823594,-8007.349969834949,-8007.349969834949,-1.479195532126119,-2.7331151346695064,-8007.349969834949,-8007.349969834949,-2.761833113813111,-8007.451719314672,-1.169977810370229,-8007.451719314672,-8007.451719314672,-1.910885329022463,-4.303475907215837,-8007.451719314672,-8007.451719314672,-8007.451719314672,-3.7720609621223984,-2.4987572312212176,-8007.451719314672,-8007.451719314672,-4.609785184360888,-4.073779463960143,-1.7219423201745023,-3.7311922792082126,-5.425100601798809,-3.5247494881782306,-1.8721582256340419,-1.729793058065077,-8006.998923767524,-1.6425475538904886,-2.152206352599845,-8006.998923767524,-8006.998923767524,-8006.998923767524,-1.6313061898577397,-2.6041785028121636,-8006.998923767524,-8006.998923767524,-3.685204025577139,-8006.998923767524,-3.170696760109005,-8006.998923767524,-8006.998923767524,-8006.998923767524,-1.768546361987176,-8006.998923767524,-8006.998923767524],[-0.9405598679406699,-1.9654187221915098,-1.0744757712910804,-2.0666983617329997,-1.3585675714995453,-1.3261064857836802,-1.4576281127664572,-1.4148629936737702,-1.8177936885727703,-1.4127320267773138,-1.6994889620197915,-0.892055177456835,-1.284494854128222,-1.6028518828481193,-1.1716350749699034,-1.5625944135983554]]]},