{"EPOCHS":100,"Rs":[4],"num_results":{"td_smc":{"log_Z":[-8617.588542532729],"inf_results":[{"S_R":[[[769.0,3435.0,0.0,1153.0],[833.0,1487.0,0.0,1186.0],[0.0,829.0,0.0,0.0],[0.0,523.0,0.0,3.0]],[[0.0,0.0,0.0,0.0],[0.0,0.0,216.0,0.0],[0.0,0.0,5.0,279.0],[56.0,0.0,1.0,201.0]],[[0.0,0.0,25.0,0.0],[0.0,0.0,330.0,0.0],[5.0,0.0,0.0,493.0],[32.0,0.0,0.0,253.0]],[[0.0,0.0,0.0,0.0],[0.0,0.0,2.0,0.0],[0.0,0.0,0.0,198.0],[0.0,0.0,0.0,0.0]]],"S_IR":[[23.0,0.0,15.0,0.0,0.0,0.0,2.0,0.0,372.0,0.0,0.0,0.0,262.0,0.0,0.0,499.0,0.0,30.0,0.0,492.0],[2316.0,0.0,0.0,748.0,747.0,0.0,498.0,0.0,0.0,215.0,571.0,433.0,12.0,253.0,0.0,0.0,283.0,20.0,178.0,0.0],[0.0,0.0,0.0,0.0,0.0,0.0,0.0,0.0,0.0,137.0,0.0,0.0,0.0,143.0,0.0,30.0,0.0,269.0,0.0,0.0],[0.0,1294.0,811.0,0.0,0.0,655.0,0.0,479.0,170.0,0.0,0.0,0.0,0.0,0.0,357.0,0.0,0.0,0.0,0.0,0.0]],"S_JR":[[0.0,1235.0,0.0,299.0,0.0,0.0,0.0,518.0,550.0,375.0,445.0,375.0,0.0,0.0,277.0,669.0,0.0,0.0,0.0,639.0],[1614.0,0.0,127.0,273.0,695.0,684.0,260.0,0.0,0.0,0.0,0.0,0.0,0.0,0.0,0.0,227.0,0.0,0.0,174.0,0.0],[0.0,0.0,576.0,0.0,0.0,0.0,217.0,0.0,0.0,0.0,0.0,0.0,0.0,672.0,0.0,0.0,344.0,0.0,0.0,0.0],[352.0,0.0,0.0,0.0,0.0,0.0,0.0,0.0,0.0,0.0,0.0,0.0,324.0,0.0,0.0,0.0,0.0,393.0,0.0,0.0]],"S_KR":[[3794.0,1431.0,2636.0,2357.0],[97.0,220.0,0.0,441.0],[438.0,0.0,700.0,0.0],[162.0,36.0,2.0,0.0]]}]},"td_vb":{"log_Z":[-8551.212484630521],"inf_results":[[[-73.9703356822798,-3.4656452060298832,-73.9703356822798,-73.9703356822798,-73.9703356822798,-73.9703356822798,-3.434859308285219,-2.3863202286380636,-2.3642457179297107,-73.9703356822798,-73.9703356822798,-73.9703356822798,-73.9703356822798,-73.9703356822798,-73.9703356822798,-73.9703356822798,-73.9703356822798,-2.2271038539628414,-73.9703356822798,-73.9703356822798,-73.9703356822798,-73.9703356822798,-73.9703356822798,-73.9703356822798,-2.9971677311295224,-73.9703356822798,-73.9703356822798,-73.9703356822798,-2.4360442423930166,-73.9703356822798,-73.9703356822798,-1.9919997069192874,-73.9703356822798,-73.9703356822798,-73.9703356822798,-4.834623049994888,-73.9703356822798,-73.9703356822798,-73.9703356822798,-73.9703356822798,-5.44857342967334,-3.2372292250653043,-73.9703356822798,-73.9703356822798,-73.9703356822798,-73.9703356822798,-73.9703356822798,-73.9703356822798,-73.9703356822798,-73.9703356822798,-73.9703356822798,-3.710850537494407,-73.9703356822798,-3.177959824087858,-73.9703356822798,-73.9703356822798,-73.9703356822798,-2.467579662447796,-73.9703356822798,-73.9703356822798,-2.4945356119379243,-73.9703356822798,-2.648589160265333,-4.39040759563045],[-88.83114006002847,-1.9473727833465428,-2.263348989304431,-1.657549236374149,-88.83114006002847,-88.83114006002847,-88.83114006002847,-88.83114006002847,-2.466469136693365,-2.4977986393957936,-88.83114006002847,-2.482450796383212,-3.654146767929162,-2.294117679844934,-3.4813458076842014,-88.83114006002847,-2.630577019029417,-2.5106382070553668,-88.83114006002847,-88.83114006002847,-0.685118481559881,-88.78793695626058,-2.1976416845026705,-88.78793695626058,-2.527638684900179,-88.78793695626058,-2.577157634054416,-2.6365621706343587,-3.64015822772474,-88.78793695626058,-3.269368905054878,-3.5827993828772806,-88.78793695626058,-88.78793695626058,-4.147304353500199,-88.78793695626058,-88.78793695626058,-88.78793695626058,-88.78793695626058,-3.0293588315735533,-87.70272724939369,-87.70272724939369,-87.70272724939369,-87.70272724939369,-1.0452941873506516,-4.1394297287396205,-87.70272724939369,-1.8032051120407901,-2.454034157375423,-87.70272724939369,-1.4085958592349774,-87.70272724939369,-2.0012107753652097,-87.70272724939369,-87.70272724939369,-87.70272724939369,-87.70272724939369,-87.70272724939369,-87.70272724939369,-87.70272724939369,-2.0237241287264593,-1.5236467171368009,-88.67843674748774,-88.67843674748774,-88.67843674748774,-1.6698454954118915,-2.757437279377549,-88.67843674748774,-88.67843674748774,-4.775277106924873,-3.3639225971995774,-88.67843674748774,-88.67843674748774,-88.67843674748774,-2.953894004408898,-1.8515304198900964,-88.67843674748774,-88.67843674748774,-2.9425546746678535,-2.386840169126322],[-88.212996075287,-2.4810221212673893,-1.834744697248027,-88.212996075287,-88.212996075287,-88.212996075287,-2.033148112162311,-88.212996075287,-2.1546817175277706,-88.212996075287,-3.4640167451785535,-2.9060581208476384,-88.212996075287,-1.2487098070176437,-2.653561643972064,-2.739549404000755,-88.212996075287,-88.212996075287,-88.212996075287,-88.212996075287,-88.17939824930866,-88.17939824930866,-88.17939824930866,-1.470400549460087,-88.17939824930866,-5.253244612265194,-88.17939824930866,-88.17939824930866,-88.17939824930866,-2.2146542159320344,-88.17939824930866,-88.17939824930866,-2.0732157503444464,-88.17939824930866,-88.17939824930866,-88.17939824930866,-2.2551266185594976,-1.7231485086639635,-2.725682260792655,-1.7186072516662225,-88.67521754333328,-2.216227206710622,-88.67521754333328,-88.67521754333328,-2.690062245520095,-1.6076152923520537,-88.67521754333328,-1.935395329150194,-88.67521754333328,-88.67521754333328,-2.1838500031108232,-88.67521754333328,-3.9293710976600655,-88.67521754333328,-3.2724060350611843,-1.4870524049312932,-88.67521754333328,-88.67521754333328,-88.67521754333328,-2.5142588545272524,-0.8928680375632707,-1.9383896603751722,-2.577638138154555,-3.8583339787076056,-2.3316329271519773,-89.03321607444872,-3.1815411174338086,-4.992317541182379,-2.7594398494653873,-3.4600105326745707,-89.03321607444872,-2.921751943648612,-89.03321607444872,-4.306889070748269,-89.03321607444872,-89.03321607444872,-3.61878556278352,-5.1729947114538515,-4.808837331172919,-89.03321607444872],[-1.296512222699838,-1.9010912219758387,-1.3713471071917178,-1.1305435593670659,-0.9499711653717142,-2.169808495516045,-1.2805274508142457,-1.510322796612856,-4.52263770182866,-1.2375107980179267,-22.933565961518195,-0.36043528793504453,-0.7607592729482899,-2.0453045853473926,-1.13819555222537,-2.4941489978344027]]]}},"resampling_scheme":"systematic","datetime":"2020-06-29T03:32:20.665","N":123140,"M":[1,1],"durations":{"4:4":{"(Main.TD, \"smc\")":15693.74,"(Main.TD, \"vb\")":1.03}},"adaptive":true,"a":1.0,"resampling_freq":0}