{"EPOCHS":100,"Rs":[2,3,4,5],"num_results":{"cp_vb":{"log_Z":[-3898.781819629701,-3526.8785590107,-3345.5529107938855,-3196.4261594451964],"inf_results":[[[-0.6527287831694535,-0.7355565554296799],[-1.2803067692264358,-2.5607818457064155,-2.085164336180304,-4.125670617735956,-3.2774874602708,-2.3301095189970438,-2.746178411152732,-2.596723987839691,-3.5169856900019516,-4.3699858140625985,-4.101543568567463,-5.289933728948988,-4.910700434781769,-2.7320068601681493,-3.8228624273043765,-5.546290739892774,-5.519616052586126,-3.0600196499771837,-5.2275661197365695,-4.929661082721345,-1.2449043561621291,-1.654685497948793,-5.875552653808453,-2.0989776597417444,-2.5835523650530217,-6.139616715037409,-6.320318497508913,-6.489526034004351,-3.845399082031933,-3.81623080321135,-3.1839669035905844,-3.9465054443661503,-4.157787190956707,-6.583315401638283,-4.762775818055481,-2.593379068672311,-3.189166953354027,-6.15456416814277,-5.16588791960541,-2.8899072284912073],[-1.1288816756967197,-2.9026121045420084,-2.2092959226970708,-5.5626252634152,-5.182385526588985,-2.3100201425624283,-2.7930217496403342,-2.5691085474577626,-4.048417326973632,-4.464269900338101,-5.329485274456687,-5.122549054672092,-4.125337210793228,-2.1309112324149266,-3.9885825433963973,-6.297365300501999,-6.327517320149001,-2.814759006325021,-6.261213609878655,-6.346591716953334,-2.5925317128702927,-1.6573065502492028,-4.957170363200801,-2.5326403866712477,-2.3082844651051957,-5.845530927163761,-6.163280759682222,-5.9113068224976075,-3.6487414762024972,-3.9827585858437353,-3.040927994754279,-4.134093588454626,-4.387253246814643,-5.4655785787579525,-4.619001717544948,-1.5352237797200798,-3.0558495546696216,-6.039933868511044,-4.076694919301536,-2.1317869560744205],[-1.0726023013253627,-1.899661297486487,-1.0274775347111298,-1.9000643633897134,-1.6075097066560105,-1.2758920133748548,-1.8066639117565844,-1.0346059393330052]],[[-1.1247418771536326,-1.0279881399593496,-1.1480290565879123],[-0.5064765071845283,-5.489460103403774,-2.2763471779369837,-5.097437431632852,-4.868766019374956,-4.979089341817005,-3.119639973635203,-3.6632388720917253,-4.5147404301793035,-5.3725267406016926,-4.672105438494875,-4.782342553852779,-4.944298794715902,-4.40342126733638,-4.251114937978549,-5.987349205280182,-2.980311099752929,-2.729761606638739,-5.314275093494047,-6.3603223869657395,-1.421830507676054,-1.5022122276188972,-6.321634564968154,-1.9485385767273913,-2.4883917377262206,-6.453977208483487,-6.846393980719817,-6.876411232320228,-3.951802887612305,-3.712534186241124,-3.060320411144625,-3.960342953481834,-4.216688244036792,-6.956026661095634,-4.690630888003151,-2.413509075456936,-4.727492739166406,-6.786939957272663,-5.521118785099543,-2.813852314890351,-6.303041766219609,-1.8337486745312308,-2.2959747524275587,-3.1160983106137703,-2.603326229647511,-1.8730158143819473,-2.7937546912634845,-2.335748369084195,-3.0427533611258815,-3.8491033076095253,-3.616889936631441,-4.966221529899016,-4.477010320756326,-2.3551318921795774,-3.754370597735667,-4.1714064592241975,-5.045651976259348,-4.449371473122994,-4.898886701301921,-3.649302681850671],[-6.310040593136688,-1.4562294099332718,-2.1301726734539335,-5.852059163502271,-3.2073337299988975,-1.8708938329842466,-2.8568386509855292,-2.2977492663856403,-3.445221031574686,-4.094808723276498,-4.653138280334867,-5.845528644296779,-4.098298811203788,-1.9413335436527976,-3.674256021271511,-5.865853633388922,-6.265547332490701,-3.686684026100911,-5.660608414975612,-5.723636205380673,-5.464630716002995,-2.135039786577039,-5.57852124378196,-2.2781634456688113,-2.282789363739555,-5.317085310390066,-6.531538892674733,-6.612449833229464,-3.7979209732319372,-4.143558522234111,-2.8513608970039908,-4.038290158159908,-5.48691123839497,-6.427062044245639,-4.9591993251765,-1.248990030955257,-2.783545440360525,-6.322680348782584,-3.877779834571088,-1.8529825429496984,-0.45149547115364186,-5.169175014588022,-2.7416915321402424,-4.906062811622286,-5.9686864836190106,-5.605408740037902,-3.1513146419832285,-3.688524896187527,-4.6472572035507325,-4.450962030559898,-5.334176506499209,-4.5361507929903855,-3.7631960142306666,-2.95492118059875,-4.510894685819383,-6.369379482798251,-6.220333728522551,-2.6060233026225266,-6.541499015493783,-6.476283405639245],[-1.1364551016340885,-1.8390158826931895,-1.1020851000875602,-1.6786932531187544,-1.660695302841301,-1.1714924012119168,-2.2491839256067276,-0.9328127588368202,-1.1365918304226597,-1.8665474195710559,-0.9782196390835178,-1.9163266290217944]],[[-1.485623026387116,-1.235409281181063,-1.4479173252490547,-1.396550133027402],[-0.7812349182780398,-3.4578160291704885,-1.9229406799264774,-6.227520356291234,-6.861175733399302,-5.742810418957591,-2.7747103465284098,-2.5070920360044786,-4.994432437723898,-5.818553287749114,-4.774455673933476,-6.031682039242091,-5.863456902553481,-2.7829182195122,-3.9040565851588416,-6.859513095937695,-6.291038213895349,-2.381460417785851,-6.862262115854206,-6.608694962872289,-1.379909836919194,-1.3460703069535747,-6.443112575218069,-2.0854952076102427,-2.686829834832448,-7.022116618726886,-7.11692615427357,-7.155291179737248,-4.055387036593634,-3.6480893355135318,-3.24099525034728,-4.09387291222413,-4.05820704507734,-7.1674545950565,-4.565869129592086,-2.4531810799053595,-6.860124833584146,-6.851547272898058,-6.103284434024032,-2.733451039131805,-0.8021386186460377,-6.106024918164575,-3.6882427614590605,-2.685142392224165,-2.8527291563812773,-1.9539386574947581,-4.028215431751765,-5.579884781941267,-4.028819415398276,-4.8299381849740595,-3.671847275922467,-4.025313490279892,-4.722747475913854,-6.813018384047169,-4.682679051804087,-3.463210468809518,-2.5188597050223906,-6.379014409347537,-4.597272237744165,-4.404353540787495,-6.80871156044276,-1.6350864167777228,-2.239777278691437,-2.8519877272409437,-2.421670817755584,-2.6708423950878757,-2.7725353577558938,-2.5307993709354175,-2.8251179977233156,-3.60249002973927,-3.3219517194075823,-4.80469214023861,-4.315562260307918,-2.525129121318277,-3.817231884131657,-3.9039800459916085,-4.860935921204698,-4.246737594999635,-4.810789246428517,-3.4241956226187704],[-6.143479886974536,-4.559281732884474,-2.2005749196800464,-6.178758700558235,-3.663720577499261,-1.5085194724958706,-2.101587134688142,-1.745992557087729,-4.875704736025795,-5.6779791240533175,-5.801658591404424,-6.277371447698685,-5.92345362893023,-1.3299079627984423,-3.6176377120173795,-6.160087988348664,-6.3890020532831695,-6.472685531405556,-6.0383603426335295,-6.217535556299062,-5.860282390914105,-5.402337185407567,-5.716427570439961,-2.304559097215571,-2.073596111608169,-5.3097837112585475,-6.746768136383718,-6.765388985572684,-4.083139601561891,-4.8314671798725914,-3.0019061033030696,-4.1549491939525645,-6.404640282070584,-6.471205955563401,-4.83990408928617,-1.0425925719680622,-2.5796919921379136,-6.360148394052516,-3.6970731723980133,-1.6527548281223226,-6.236027370078373,-0.7175871939481224,-2.139631016065187,-4.262766484569555,-3.537262014971667,-6.014201045319783,-4.946990937611501,-5.952732283886734,-2.916120876202341,-3.3276120833690443,-3.536987460829824,-4.551234615289166,-3.4720993853694058,-4.84436283712852,-4.187432863078254,-6.063707086867962,-6.397367237221106,-2.032920267439147,-5.7307601034836235,-5.485205798189421,-0.2019783994106179,-5.251049446243542,-3.6302294601463734,-3.563913809616284,-5.409763535425498,-5.86016064643478,-4.434458069365847,-6.241543543659707,-4.853635235137795,-4.370974347766952,-4.353110469661832,-4.397564817238825,-3.7670203468685415,-5.174871657967795,-4.7442232123961094,-6.387407310841633,-6.355923635889704,-6.320494682311509,-6.557972777740811,-6.438883410350496],[-1.2037301894449577,-1.9838860036637707,-0.9918348648303299,-1.6624815299572093,-1.9698048743678926,-1.140535326713949,-2.3147778941513453,-0.8194933705809078,-1.169099240899917,-1.5476655850992245,-1.3556260786858783,-1.5275776070569247,-0.9853473968268958,-1.8909417239472965,-0.9950824954481892,