{"a":[1.0e-5,0.0001,0.001,0.01,0.1,1.0,10.0,99.99999999999994,1000.0,10000.0,100000.0],"log_PX_smc":[[-77.45904874679029,-59.40499318312473,-59.41747859767554,-59.44784802365655],[-65.94719731807663,-50.19541929716207,-50.208046320746696,-50.23837712777719],[-54.442939625742596,-40.99518907978081,-41.00742385516129,-41.036640379085284],[-42.995942563123336,-31.86063329692261,-31.869517464861673,-31.897730406213487],[-31.932718583337437,-23.199764507167824,-23.174876004320836,-23.186334188214488],[-22.75137908553759,-17.254663258975814,-16.991418145746465,-16.872602524612283],[-17.906682964286976,-17.323589726032015,-16.983660656058273,-16.749549584703225],[-16.875695361609093,-16.86965988869889,-16.863778464156205,-16.85796202438823],[-16.782504311457366,-16.782444285344184,-16.782384245402984,-16.782324454146636],[-16.77386105758186,-16.773860455952892,-16.773859858613342,-16.77385926037649],[-16.773005106053315,-16.77300510005642,-16.773005094038904,-16.773005088080403]],"R":[1,2,3,4],"log_PX":[[-77.45904874679027,-59.40510433428233,-59.41752300422388,-59.44765813509582],[-65.94719731807662,-50.19593746385931,-50.20832148463947,-50.23843894411608],[-54.442939625742625,-40.995259559559635,-41.007297222598474,-41.03723802170128],[-42.995942563123336,-31.86079854978397,-31.869385971603123,-31.897565509525776],[-31.932718583337447,-23.199889883796157,-23.17525961004801,-23.186346078228723],[-22.751379085537586,-17.25416609617481,-16.991301311548483,-16.87218692622366],[-17.906682964286986,-17.3230694022729,-16.984377669333178,-16.748779947296935],[-16.87569536160896,-16.869654427660826,-16.86375669018113,-16.857996644379607],[-16.78250431145773,-16.782444259129633,-16.78238432926577,-16.782324521492658],[-16.77386105755761,-16.773860457513084,-16.773859857621357,-16.773859257785826],[-16.773005105827565,-16.773005099906204,-16.773005094016394,-16.773005088136205]],"log_PX_vb":[[-77.45904874679027,-60.09825154220212,-61.72011023390835,-62.870837653350065],[-65.94719731807662,-50.889084918283814,-52.510927944738675,-53.6616475313425],[-54.442939625742625,-41.688409505363055,-43.31009600662934,-44.460737309423706],[-42.995942563123336,-32.55397604158768,-34.17410996836368,-35.32397287665741],[-31.932718583337447,-23.89360509621384,-25.499428165610517,-26.64193844233146],[-22.751379085537586,-17.97861557999036,-19.525556311610043,-20.62755788089374],[-17.906682964286986,-19.17957843838746,-20.9116393257606,-22.442143395593728],[-16.87569536160896,-17.18340230359186,-17.494315560635453,-17.808427196050406],[-16.78250431145773,-16.814815766429174,-16.84716351502689,-16.87954755624246],[-16.77386105755761,-16.77710915455472,-16.78035761938477,-16.78360645186017],[-16.773005105827565,-16.773330086962314,-16.77365507082973,-16.773980060327222]],"X":[[4,0,0],[3,0,0],[0,3,3]],"time":"2019-03-22T22:42:05.98"}