{"a":10.0,"T":1000,"R":[1,2,3,4,5,6,7,8,9,10],"I":20,"J":25,"log_PX_smc":[-2734.58035000624,-2065.9512998020145,-1731.1953969873405,-1414.439437415328,-1349.0386187825368,-1347.7513799980877,-1365.2443245966665,-1385.9720932567413,-1383.1435368513019,-1401.04693813641],"time":"2019-03-23T05:28:37.092","K":30,"log_PX_vb":[-2734.580350006242,-2070.5455904806254,-1754.1301942236778,-1715.3569049923656,-1581.487406413687,-1742.651981387794,-1780.8854068780552,-1785.116526997685,-1866.4963574215246,-1871.2942923971966],"R_true":5}