{"a":50.0,"T":1000,"R":10,"P":500,"M":10,"IJK":[[4,4,4],[8,8,8],[12,12,12],[16,16,16],[20,20,20],[24,24,24],[28,28,28],[32,32,32],[36,36,36],[40,40,40],[44,44,44],[48,48,48],[52,52,52],[56,56,56],[60,60,60],[64,64,64]],"EPOCHS":50,"smc":[[0.53358065,0.54405023,0.552400324,0.551604667,0.558341404,0.578516788,0.598171824,0.602223495,0.618911338,0.723323159,0.670642222,0.669316784,0.68876039,0.793216108,0.704119328,0.713595735],[0.522391213,0.539728686,0.548470534,0.547037388,0.554311747,0.668602993,0.609225633,0.599672325,0.612193503,0.621153443,0.641323949,0.759205716,0.688228599,0.696719744,0.694674514,0.807177467],[0.527486052,0.536379634,0.545692401,0.540493699,0.554276612,0.5734733,0.59671242,0.590546909,0.620562254,0.714832182,0.664240152,0.661886111,0.683550191,0.782019409,0.706968161,0.70894787],[0.52265849,0.535967876,0.548980836,0.544493576,0.553795994,0.661618177,0.59373133,0.596302342,0.617819042,0.61879502,0.642323512,0.755775788,0.684075857,0.698435694,0.709039658,0.796129313],[0.523379036,0.53443343,0.545179172,0.539696423,0.556436228,0.568408211,0.591902731,0.591498406,0.61909287,0.625791737,0.741617894,0.673350401,0.691141058,0.700604144,0.795553846,0.72151103],[0.518218124,0.532246871,0.543042265,0.541978201,0.559396482,0.576296702,0.589672863,0.586710391,0.703708948,0.630439068,0.646720175,0.651450161,0.669777795,0.783541899,0.705647129,0.720668638],[0.518809894,0.534027779,0.542873973,0.537652335,0.548508478,0.659966973,0.592759007,0.595543507,0.61378205,0.626326046,0.650868027,0.750092336,0.685213124,0.698147056,0.707655364,0.801571072],[0.526520253,0.53684462,0.550137199,0.545258621,0.549098494,0.574282142,0.601071946,0.596353423,0.708174965,0.63841786,0.652531628,0.672573729,0.681676255,0.767646663,0.709174569,0.71548419],[0.521423101,0.536909744,0.544060889,0.5416573,0.545770809,0.662445363,0.591964458,0.595250737,0.622839155,0.627791239,0.646906107,0.74640004,0.683773649,0.68924004,0.704664568,0.790765887],[0.520487404,0.536483786,0.547028238,0.5421606,0.558973858,0.565555478,0.59386677,0.596468481,0.612583456,0.628856025,0.73192056,0.67307379,0.682299775,0.687104604,0.784468715,0.713136023]],"vb":[[0.002642542,0.021122521,0.065762006,0.153963541,0.299644858,0.516529669,0.818122482,1.220284673,1.73901242,2.375993291,3.155476767,4.092465051,5.233247029,6.497315438,7.949089188,9.665757325],[0.002607423,0.019838544,0.065828815,0.152957316,0.29782032,0.513948163,0.814120702,1.210626976,1.710830063,2.335002285,3.108751104,4.080865454,5.19172675,6.509653621,8.000917038,9.730156479],[0.004225117,0.019235466,0.0649407,0.151598855,0.294721606,0.508408147,0.805546728,1.212068833,1.727351587,2.386286658,3.134194167,4.063193969,5.180811545,6.482725308,7.983086273,9.635434202],[0.002539006,0.019788803,0.064189073,0.152300978,0.295383324,0.509332711,0.807360194,1.207096821,1.709879278,2.341329142,3.12652546,4.067566331,5.172685941,6.480628247,7.970137371,9.667604814],[0.002571609,0.020812443,0.064516797,0.151906874,0.296148063,0.509487636,0.809820988,1.204287212,1.727556803,2.362554265,3.172581182,4.098986035,5.223639199,6.507918744,7.953750162,9.656821953],[0.002589106,0.019208196,0.064208955,0.151933451,0.295071049,0.511083816,0.808698629,1.202001096,1.713335458,2.348899463,3.116327164,4.055573687,5.162829405,6.478516634,7.938800492,9.624705038],[0.004209134,0.019407114,0.066001164,0.152568739,0.294660575,0.508927019,0.809607063,1.205088889,1.709294571,2.348737881,3.127604093,4.081261254,5.204215093,6.526423036,7.993736756,9.692308632],[0.002715261,0.019499512,0.06497698,0.153749703,0.29568362,0.510378964,0.809496,1.212924158,1.729420611,2.368757432,3.144536645,4.097304694,5.211703899,6.478401415,7.950855257,9.629288478],[0.002596817,0.0207826,0.064012007,0.150918476,0.296171089,0.509077219,0.805936721,1.216362898,1.730962,2.372626581,3.121463761,4.096233991,5.165549199,6.456253783,7.934152235,9.658519539],[0.002591452,0.019284913,0.064370241,0.151414891,0.301712243,0.509696336,0.80928706,1.205839876,1.716545302,2.348714943,3.125817893,4.073613265,5.216578905,6.453570453,7.989705438,9.627645941]],"time":"2019-03-23T05:37:35.182"}