{"a":4.0,"b":0.01,"R":[1,2,3,4],"T":[9.0,10.0,11.0,12.0,13.0,14.0,15.0],"log_PT_vb":[[-18.239880116739712,-20.090157535644106,-21.980033194022354,-23.479253038111235],[-17.924408047158245,-19.98312158493566,-22.18421852040241,-23.922535014173864],[-17.934358378011417,-20.1523604914338,-22.5133104303244,-24.406699541146963],[-18.06209174452097,-20.399698020658256,-22.825191453748253,-24.885623029885387],[-18.241941112169542,-20.615067446604478,-23.064654133409125,-25.187621505035306],[-18.446047457463656,-20.794918061171472,-23.2582572934724,-25.371438767179203],[-18.66079220096284,-20.94957841716154,-23.421981210514666,-25.528300281597424]],"X":[[4.0,4.0],[null,1.0]],"log_PT":[[-18.239880116739712,-18.294408937770033,-18.332873725207453,-18.36137477709717],[-17.924408047158245,-18.04712718715652,-18.132086179332205,-18.193769406651754],[-17.934358378011417,-18.057077518009677,-18.14203651018539,-18.20371973750478],[-18.06209174452097,-18.15014623390579,-18.21430640502018,-18.262635183136926],[-18.241941112169542,-18.27476477187041,-18.308049303026323,-18.33736901741352],[-18.446047457463656,-18.410339179206797,-18.40801691414512,-18.416198639064362],[-18.66079220096284,-18.547508763854875,-18.507775513234865,-18.49443007335202]],"log_PT_smc":[[-18.239880116739712,-18.29614338627215,-18.33609826912874,-18.366414138307785],[-17.92440804715825,-18.04722283547129,-18.135740250337683,-18.193317331755182],[-17.934358378011417,-18.054594237392827,-18.14020735957032,-18.205396426467484],[-18.062091744520963,-18.138307308671497,-18.205714529226757,-18.26480395833428],[-18.24194111216954,-18.264303476110882,-18.299227147632262,-18.34661392248678],[-18.446047457463656,-18.41450267012909,-18.39078791423205,-18.401982699101623],[-18.66079220096284,-18.549388273540384,-18.50757931530612,-18.497008724715734]],"time":"2019-03-22T22:45:47.425"}