{"a":4.0,"b":0.01,"R":[1,2,3,4],"T":[9.0,10.0,11.0,12.0,13.0,14.0,15.0],"log_PT_vb":[[-18.714338096334835,-20.562061338387085,-22.425924975374365,-24.002184047289518],[-18.07036195978133,-20.220697470065062,-22.473109395456476,-24.46275329796093],[-17.828997862353592,-20.11153849606788,-22.567307504676833,-24.55146174793615],[-17.753790384866456,-20.14540471610234,-22.71512816856287,-24.738301271799667],[-17.763740715719628,-20.248805613588146,-22.915714574053233,-24.958617558764335],[-17.821893148390664,-20.388449315098498,-23.106946647880847,-25.187135519299343],[-17.908804520379963,-20.54028950079327,-23.269746944618408,-25.412821604524805]],"X":[[3.0,3.0],[null,3.0]],"log_PT":[[-18.714338096334835,-18.640515636267203,-18.602743221056475,-18.58135031541557],[-18.07036195978133,-18.15226211707041,-18.212107479432955,-18.257347187812947],[-17.828997862353592,-17.978587969764057,-18.08101583052135,-18.15454957098245],[-17.753790384866456,-17.927978923736326,-18.045669606489323,-18.129118350173215],[-17.763740715719628,-17.93792925458952,-18.05561993734251,-18.139068681025954],[-17.821893148390664,-17.980678758581178,-18.089297265561836,-18.16709199597537],[-17.908804520379963,-18.04193763978751,-18.13592826469572,-18.204779400632447]],"log_PT_smc":[[-18.714338096334828,-18.64056045802004,-18.60973472225948,-18.57980940210362],[-18.07036195978133,-18.14622010619666,-18.22091628016841,-18.25622525412893],[-17.828997862353592,-17.9802189193067,-18.08200199190626,-18.156633654157254],[-17.753790384866452,-17.942623514527753,-18.043619508790854,-18.15288364590835],[-17.763740715719617,-17.941607302396747,-18.039516420479814,-18.138037940332197],[-17.821893148390657,-17.982831358146814,-18.090546778437396,-18.165344825261577],[-17.908804520379963,-18.050563702118687,-18.145613851166807,-18.198814074680282]],"time":"2019-03-22T22:44:22.552"}