{"EPOCHS":100,"Rs":[3],"num_results":{"cp_vb":{"log_Z":[-7550.181149272685],"inf_results":[[[-1.0141223253448182,-1.1892159164190481,-1.1003990928322747],[-2.1497316926212324,-2.4177521716737758,-4.492190663303419,-2.6677847154192884,-2.345979648734131,-4.3090957958747405,-4.063054223590443,-5.700666872910807,-2.50367245935235,-3.1182321645961295,-2.3527214742650147,-2.7319492991792913,-68.95453945355027,-68.95453945355027,-2.6779399030558997,-2.7062585529692083,-2.799344577345088,-4.781668313067222,-3.5658337300599747,-2.766283205545861,-1.442186716647095,-1.78596513348013,-4.514200490514048,-2.1493446563255425,-2.466228739361787,-4.169728290502989,-5.826305007577266,-6.843719567387264,-3.060386577069637,-3.195961765624208,-3.251178557185491,-3.2785407902428414,-3.1507076728150825,-5.947024566434505,-4.334437588097909,-2.792463884031317,-5.903235785682213,-5.256301589956486,-4.3025034213850715,-2.8817446189919913,-1.4821515612595206,-2.734793618279875,-1.7203350507762352,-68.8682626860628,-68.8682626860628,-2.034852802283301,-2.30030384274146,-2.189888782363245,-68.8682626860628,-68.8682626860628,-68.8682626860628,-68.8682626860628,-3.595328233588388,-2.364270805998136,-68.8682626860628,-68.8682626860628,-68.8682626860628,-2.7552907365393935,-68.8682626860628,-68.8682626860628],[-1.320951220412506,-1.5907876388448239,-2.9631406046490163,-2.1300259286965613,-68.95453945355027,-2.887906174594086,-4.021143611679072,-4.7022750115344,-2.5458337778804063,-68.95453945355027,-3.2339373276815087,-2.928591695784176,-2.6251593532158077,-3.467577151338821,-68.95453945355027,-68.95453945355027,-68.95453945355027,-68.95453945355027,-68.95453945355027,-68.95453945355027,-68.77944586247604,-3.8358795429479233,-68.77944586247604,-68.77944586247604,-1.7673402316604658,-68.77944586247604,-68.77944586247604,-68.77944586247604,-4.077135689973194,-2.303680189881871,-2.8673028800307234,-3.9835270356325934,-68.77944586247604,-68.77944586247604,-3.2723033923334253,-1.4319159078322485,-2.3900808089759487,-3.5461849365211275,-3.0730417525430056,-1.770168912517363,-1.6679213088435958,-2.8272534447741418,-2.162641705468568,-4.623398909223985,-4.334558146591333,-2.24446782843597,-2.3368843524364076,-2.151664461994333,-3.4146879485138806,-68.8682626860628,-4.321781672321457,-4.145368983242867,-68.8682626860628,-2.0420440754793967,-3.421298970358074,-68.8682626860628,-68.8682626860628,-2.6694208789445346,-68.8682626860628,-68.8682626860628],[-0.9057554184413652,-2.076666932546373,-1.2641708991488825,-1.6734053232348476,-1.2398103752623069,-1.7662558349531876,-1.4872399130498364,-1.1609344838998679,-0.9410297957971956,-2.1343182061869266,-1.2052350962446567,-1.6530690229917377]]]},"cp_smc":{"log_Z":[-7531.645232506859],"inf_results":[{"S_R":[2013.0,8301.999999999998,1999.0],"S_IR":[[0.0,195.99999999999997,111.0,0.0,0.0,250.99999999999997,341.0,447.0,0.0,0.0,0.0,0.0,0.0,379.0,204.99999999999997,0.0,0.0,83.0,0.0,0.0],[1523.0,1098.0,184.99999999999997,748.0,747.0,156.99999999999997,92.0,0.0,458.0,352.0,571.0,433.0,274.0,0.0,151.99999999999997,529.0,249.99999999999997,63.0,177.99999999999997,492.0],[816.0,0.0,530.0,0.0,0.0,246.99999999999997,67.0,32.0,84.0,0.0,0.0,0.0,0.0,17.0,0.0,0.0,33.0,172.99999999999997,0.0,0.0]],"S_JR":[[759.0,83.0,361.0,7.999999999999999,7.0,0.9999999999999999,193.99999999999997,232.99999999999997,28.0,9.999999999999998,3.0,0.0,7.0,292.0,18.0,7.999999999999999,0.9999999999999999,0.0,0.0,0.0],[1207.0,1000.0,342.0,564.0,688.0,231.99999999999997,71.0,20.0,435.0,365.0,364.0,324.0,317.0,101.0,126.0,888.0,343.0,102.0,173.99999999999997,639.0],[0.0,151.99999999999997,0.0,0.0,0.0,451.0,211.99999999999997,265.0,87.0,0.0,78.0,51.0,0.0,279.0,132.99999999999997,0.0,0.0,291.0,0.0,0.0]],"S_KR":[[782.9999999999999,218.99999999999997,667.9999999999999,343.0],[2959.9999999999995,1227.0,2075.9999999999995,2039.0],[747.9999999999999,240.99999999999997,593.9999999999999,416.0]]}]}},"resampling_scheme":"systematic","datetime":"2020-06-25T11:48:50.25","N":123140,"M":[10,10],"durations":{"3:3":{"(Main.CP, \"smc\")":37911.94,"(Main.CP, \"vb\")":0.87}},"adaptive":true,"a":1.0,"resampling_freq":0}