{"EPOCHS":100,"Rs":[3],"num_results":{"cp_vb":{"log_Z":[-7882.114902773901],"inf_results":[[[-0.9420943639492911,-1.3552936738269494,-1.0434519916969567],[-1.369552387297876,-2.279602923971514,-2.0101782005438356,-6009.0532994915075,-6009.0532994915075,-2.0928793074194543,-2.490803664843149,-2.3535746036001983,-3.844905014658546,-6009.0532994915075,-4.170745864069859,-4.047706513605718,-4.2691745998617385,-2.5684430124628195,-2.7773894332226083,-6009.0532994915075,-6009.0532994915075,-6009.0532994915075,-6009.0532994915075,-6009.0532994915075,-6008.64010018163,-6008.64010018163,-2.8592722548153304,-1.9724517576392655,-2.554004608750155,-6008.64010018163,-3.444500013234313,-4.9780507659116005,-2.37797444927015,-2.608733139055377,-2.7422815357930777,-2.2104314582707207,-6008.64010018163,-4.764961399517869,-6008.64010018163,-2.790682078136385,-2.432622443776734,-2.3289902065585535,-3.6328951906857716,-2.767662366620576,-1.355920968888312,-1.688081511959064,-6008.95194186376,-2.6538134845132006,-2.162277093091638,-4.247581340894797,-6008.95194186376,-6008.95194186376,-3.409598539251819,-3.611030161049092,-2.702283365693308,-6008.95194186376,-3.04792996623682,-6008.95194186376,-4.324226051332961,-2.5665496801869176,-7.211291672993889,-6.20600073943128,-3.8418875617897363,-2.6997404119864603],[-1.6923739107189366,-2.970608810832892,-2.067243899465849,-6009.0532994915075,-5.103076252534181,-2.7968569924074123,-2.3753991653846906,-2.2511671776670203,-2.9443232197800677,-4.68724732514244,-3.1844699556361853,-3.9309652981281644,-5.28949039750807,-2.0270722537233414,-3.274429900538369,-6009.0532994915075,-4.481992341354003,-2.800290966735446,-6.480326710996818,-6009.0532994915075,-1.26522936184596,-1.4856128410697016,-3.51302045018568,-3.582650448186725,-3.071557491562352,-2.213500869581855,-4.671460482313691,-5.604891597408367,-3.223145306734918,-4.229662925765158,-2.560748183587405,-3.699297321029354,-6008.64010018163,-4.406003044524813,-4.1881692045769645,-3.0363009289133895,-6008.64010018163,-6008.64010018163,-5.096855228836461,-3.6988314354561993,-3.1550291574466236,-2.7816840313804514,-6008.95194186376,-2.1955607128280947,-2.1266551670554588,-4.623547503267199,-6008.95194186376,-6008.95194186376,-3.242898563606637,-2.729335806845845,-6008.95194186376,-3.0729679668621426,-2.6752602423061953,-6008.95194186376,-4.55294062380516,-1.7649135391445379,-2.709578090839501,-3.767818414380379,-3.393253010436238,-2.0481276118495853],[-0.9237486369456791,-2.123680050357774,-1.1954942419744476,-1.7119441981696317,-0.9210938044401757,-2.1167957868468994,-1.265867134245961,-1.6142857058634217,-1.1897966351752114,-1.7831691377722008,-1.478465703374087,-1.2063780896975551]]]},"cp_smc":{"log_Z":[-8598.343170640797],"inf_results":[{"S_R":[446.0,8270.0,3597.9999999999995],"S_IR":[[0.0,0.0,129.0,0.0,0.0,0.0,29.0,0.0,0.0,0.0,0.0,0.0,62.0,0.0,26.0,0.0,3.0,197.0,0.0,0.0],[1508.0,547.0,697.0,423.00000000000006,417.00000000000006,641.0,471.00000000000006,463.00000000000006,352.00000000000006,160.0,311.00000000000006,280.00000000000006,212.0,396.00000000000006,331.00000000000006,371.00000000000006,280.00000000000006,122.0,111.0,177.0],[831.0,747.0,0.0,325.00000000000006,330.00000000000006,14.0,0.0,15.999999999999998,190.0,192.0,260.00000000000006,153.0,0.0,0.0,0.0,158.0,0.0,0.0,67.0,315.00000000000006]],"S_JR":[[0.0,0.0,0.0,0.0,102.0,326.00000000000006,0.0,0.0,0.0,0.0,0.0,3.0,12.0,0.0,0.0,0.0,3.0,0.0,0.0,0.0],[1710.0,1235.0,703.0,151.0,101.0,0.0,477.00000000000006,518.0,286.00000000000006,375.00000000000006,274.00000000000006,213.0,0.0,672.0,277.00000000000006,72.0,0.0,393.00000000000006,174.0,639.0],[256.00000000000006,0.0,0.0,421.00000000000006,492.00000000000006,358.00000000000006,0.0,0.0,264.00000000000006,0.0,171.0,159.0,312.00000000000006,0.0,0.0,824.0,341.00000000000006,0.0,0.0,0.0]],"S_KR":[[161.0,54.0,122.0,109.0],[3169.0,1025.0,2300.0,1776.0],[1161.0,607.9999999999999,915.9999999999999,912.9999999999999]]}]}},"resampling_scheme":"systematic","datetime":"2020-06-26T22:55:17.824","N":123140,"M":[10,10],"durations":{"3:3":{"(Main.CP, \"smc\")":43786.52,"(Main.CP, \"vb\")":1.32}},"adaptive":true,"a":0.01,"resampling_freq":0}