{"EPOCHS":100,"Rs":[2,3],"num_results":{"cp_vb":{"log_Z":[-6144.259575521573,-5657.083259721156],"inf_results":[[[-0.8083895248669339,-0.5899373242755228],[-1.4229837934778686,-2.7641630154521346,-1.909642976807616,-5.645497882985605,-4.8610970956385735,-2.144083678609059,-2.5494165026797457,-2.410816022806733,-3.436970374940004,-4.549137274644652,-4.027586751013041,-4.449489664350365,-5.099771515651543,-2.691588091957925,-3.1885526679276,-6.802341089428209,-5.9070030296276705,-2.9234520872457397,-6.153529317010538,-6.317464759324326,-1.556413659505668,-1.845942508480526,-4.979820300124267,-2.1693675143620608,-2.328121943236341,-5.257383028176712,-5.805506643215871,-7.247311818695363,-3.14348364951527,-3.4036353445974887,-2.830667504586982,-3.2113172390845177,-3.567408342830814,-6.607925046685071,-4.5417351089279405,-2.6605844742546143,-3.276719375837211,-5.855374909067743,-4.121569100924884,-2.831727612737776],[-1.4387502097325777,-2.9830082182138495,-2.1425499658982057,-5.641272230748554,-4.824806940629859,-2.1914630475196315,-2.5005463176681113,-2.397581933369959,-3.5063907728232833,-4.74377981783293,-4.73364937417008,-4.339655818254314,-5.278068678176361,-2.022698735407978,-3.642142837314842,-6.360731074240192,-6.243406356261444,-2.728645908735645,-6.70094202607024,-6.534748791973794,-1.9552109845885575,-1.8856999598527908,-5.2855250097770545,-2.5607032953773183,-2.378275408939955,-4.775678665100051,-5.95648984670945,-7.02974168445443,-3.28668045912414,-3.3272866771766143,-3.0071148162274293,-3.502017653444259,-3.3351283843063415,-6.151059251881229,-4.361799706892384,-1.907994363755745,-3.0290568701658103,-5.314726325888879,-3.9762624632899,-2.3653878611337644],[-1.0356644142088651,-1.731306698418308,-1.1708906343531433,-1.84869438137199,-1.3062071817954806,-1.4026418796912914,-1.4996788977515259,-1.3483586438637953]],[[-1.2886828124015643,-0.8015748300443164,-1.2887368829004187],[-0.9360294443340331,-2.8106504643618937,-1.8409400997832739,-6.4153815885392795,-6.943439897993334,-3.6946264181039163,-2.6748664015223778,-2.4022056024551333,-3.907729005250561,-5.480710444376683,-4.505277614819864,-4.594332887488868,-6.222804291381427,-2.9420583231692303,-3.699270112534856,-7.234269333961651,-6.267652747301864,-2.680389303331891,-7.10990964535621,-6.959054195819139,-1.3538004745215222,-1.8251530858665488,-5.1536678873971935,-2.1851663420711827,-2.4706102336776627,-5.713353808519951,-6.267775620884886,-7.815814948571842,-3.3681930900991546,-3.5694613814162164,-2.8996614847832225,-3.2294173584930705,-3.625971235467329,-7.108272924003913,-4.735281443929431,-2.6510368790601415,-3.3440033094931483,-5.968553488399806,-4.357743611466841,-2.9035745046978967,-6.9205948018125865,-2.3364728869271865,-2.465145767285997,-2.9838412181649003,-2.6621294812997087,-1.7752110841898183,-2.811311619678591,-2.8983945733558274,-2.7748964872698165,-3.389285755244938,-3.0672315000148878,-3.6812410710384196,-3.858771078511373,-2.847956714468035,-3.01950621030002,-3.627524593775183,-3.874839134626221,-3.9260615175921476,-4.256207926354927,-3.4739651697569904],[-6.4328259987269885,-3.147839962098386,-2.0109870974122845,-5.850090623024033,-4.408444771662671,-1.737478060725688,-2.055744228569041,-1.9239530434479404,-3.571552835845303,-4.708927838003361,-4.524260745116066,-4.586074819618942,-5.182173221819474,-1.5572267725121476,-3.2825100754352894,-6.132952338356683,-6.2862309510145185,-3.395669736437748,-6.530245783593101,-6.719043780146799,-6.415200686046703,-1.7765101721002647,-6.3745613172548685,-2.378665147216605,-2.191779794197892,-4.462932334866819,-6.090396279776861,-7.437477464051698,-3.2105410433582726,-3.2172445871509696,-2.8385071067571417,-3.463724793479609,-3.2255836234407766,-6.3462588005578295,-4.352545630232052,-1.7008496484704096,-2.826592024543711,-6.47112503545764,-3.7808958639886923,-2.159943010690519,-0.4099441039184768,-2.6822773505737274,-2.763936355641361,-4.938861351578327,-5.257736346058762,-5.928879818608936,-5.12942599086241,-6.450476458646955,-3.516865003045897,-4.43918457844823,-4.9151358555452624,-3.8966966812924158,-4.671626038149833,-5.436623658854458,-4.6791335410820025,-6.354517354169224,-6.242040763056891,-2.5356827281276564,-6.9903614563882135,-6.172889255760759],[-1.088787312178626,-1.8164207983639722,-1.1279878450641494,-1.7349983521239078,-1.3810034731148884,-1.3358607223618897,-1.6131699798532146,-1.251531059168805,-0.9869829922810514,-1.6602268152089072,-1.1973855338144777,-2.005911952896019]]]},"cp_smc":{"log_Z":[-6182.383458791249,-5818.043261721831],"inf_results":[{"S_R":[4254.0,3596.0],"S_IR":[[913.0,681.0,21.0,502.0,410.0,15.0,17.0,3.0,175.0,137.0,254.0,169.0,117.0,7.0,49.0,300.0,157.0,13.0,67.0,247.0],[866.0,234.0,530.0,10.0,43.0,419.0,269.0,314.0,125.0,43.0,65.0,46.0,25.0,235.0,140.0,8.0,15.0,186.0,8.0,15.0]],"S_JR":[[584.0,644.0,15.0,336.0,398.0,47.0,27.0,8.0,163.0,147.0,209.0,125.0,156.0,15.0,48.0,633.0,206.0,9.0,74.0,410.0],[876.0,200.0,419.0,13.0,35.0,382.0,271.0,314.0,104.0,38.0,36.0,50.0,15.0,459.0,97.0,23.0,10.0,240.0,9.0,5.0]],"S_KR":[[1138.0,1053.0,950.0,1113.0],[1289.0,634.0,1108.0,565.0]]},{"S_R":[2585.0,3159.0,2106.0],"S_IR":[[1033.0,178.00000000000003,359.0,1.0000000000000002,3.0,112.0,173.00000000000003,190.00000000000003,39.00000000000001,7.000000000000001,63.00000000000001,54.00000000000001,8.000000000000002,108.0,56.00000000000001,0.0,48.00000000000001,141.00000000000003,10.000000000000002,2.0],[746.0000000000001,512.0000000000001,21.0,392.0,296.0,6.0,4.0,3.0,112.0,100.0,175.00000000000003,113.0,83.0,1.0000000000000002,21.0,254.00000000000003,87.0,14.000000000000002,30.0,189.00000000000003],[0.0,225.00000000000003,171.00000000000003,119.0,154.00000000000003,316.0,109.0,124.0,149.00000000000003,73.0,81.0,48.00000000000001,51.00000000000001,133.00000000000003,112.0,54.00000000000001,37.00000000000001,44.00000000000001,35.00000000000001,71.0]],"S_JR":[[30.0,271.0,306.0,56.00000000000001,16.0,343.0,253.00000000000003,306.0,167.00000000000003,48.00000000000001,45.00000000000001,49.00000000000001,17.0,462.0,90.0,8.000000000000002,34.00000000000001,69.0,9.000000000000002,6.0],[9.000000000000002,525.0000000000001,20.0,275.0,396.0,70.0,8.000000000000002,3.0,85.0,109.0,149.00000000000003,72.0,119.0,10.000000000000002,30.0,618.0000000000001,171.00000000000003,18.0,71.0,401.0],[1421.0,48.00000000000001,108.0,18.0,21.0,16.0,37.00000000000001,13.000000000000002,15.000000000000002,28.0,51.00000000000001,54.00000000000001,35.00000000000001,2.0,25.0,30.0,11.000000000000002,162.00000000000003,3.0,8.000000000000002]],"S_KR":[[898.0,416.00000000000006,859.0,412.00000000000006],[772.0,868.0,557.0,962.0],[757.0,403.00000000000006,642.0,304.00000000000006]]}]}},"resampling_scheme":"systematic","datetime":"2020-06-26T02:27:46.291","N":78500,"M":[10,10],"durations":{"2:3":{"(Main.CP, \"smc\")":40611.65,"(Main.CP, \"vb\")":2.22}},"adaptive":true,"a":100.0,"resampling_freq":0}