{"EPOCHS":100,"Rs":[2],"num_results":{"td_smc":{"log_Z":[-8766.119997051208],"inf_results":[{"S_R":[[[3585.0,3647.0],[4089.0,925.0]],[[1.0,0.0],[0.0,67.0]]],"S_IR":[[2339.0,719.0,0.0,715.0,747.0,0.0,317.0,0.0,0.0,352.0,571.0,433.0,0.0,0.0,0.0,529.0,283.0,0.0,178.0,492.0],[0.0,575.0,826.0,33.0,0.0,655.0,183.0,479.0,542.0,0.0,0.0,0.0,274.0,396.0,357.0,0.0,0.0,319.0,0.0,0.0]],"S_JR":[[1966.0,0.0,702.0,25.0,695.0,684.0,477.0,333.0,0.0,43.0,0.0,129.0,319.0,672.0,277.0,0.0,344.0,393.0,174.0,0.0],[0.0,1235.0,0.9999999999999999,547.0,0.0,0.0,0.0,185.0,550.0,332.0,445.0,246.0,5.0,0.0,0.0,896.0,0.0,0.0,0.0,639.0]],"S_KR":[[4482.0,1628.0,3338.0,2798.0],[9.0,59.0,0.0,0.0]]}]},"td_vb":{"log_Z":[-9068.066907252396],"inf_results":[[[-0.9367341077512084,-2.521452018968448,-1.8010919179587441,-2.234287531837193,-1.9624323706223041,-4.225942683404073,-2.3602968798750403,-5.156733972188547],[-1.4281318023270861,-2.0202811239207916,-2.4693878689506894,-49.72223456051802,-2.5699782968666725,-2.7014975986907466,-2.9717496637987786,-3.0146988395751135,-3.1094787531036117,-49.72223456051802,-3.8260950875501525,-3.1157671267756175,-3.5740138953846676,-49.72223456051802,-3.66997744760638,-2.915317220625715,-3.5416399134181775,-3.4217061021236503,-4.006294711491355,-49.72223456051802,-48.384685861719944,-48.384685861719944,-48.384685861719944,-1.2310909547835633,-48.384685861719944,-48.384685861719944,-48.384685861719944,-48.384685861719944,-3.186337144200647,-1.9855776092028892,-1.9688028951036411,-48.384685861719944,-48.384685861719944,-1.8676445161929838,-3.169868152036556,-48.384685861719944,-48.384685861719944,-48.384685861719944,-48.384685861719944,-1.650345803413499],[-4.107759924448726,-1.8340764649252126,-2.3978369797714727,-49.489345134807984,-2.4092898069119286,-2.425254730836202,-2.785997680851505,-3.3812843467978286,-2.6434636452652747,-3.074497252086653,-49.489345134807984,-49.489345134807984,-3.1732412631690545,-2.4429667142080778,-3.397695242793236,-7.685836820912387,-3.113257809662148,-2.9799175520677954,-49.489345134807984,-2.4933571207889713,-0.914489372733704,-48.9677376842366,-48.9677376842366,-2.0826022470161467,-48.9677376842366,-48.9677376842366,-48.9677376842366,-2.8924263773736527,-48.9677376842366,-5.600595107819992,-2.3339040941843434,-2.505251747935806,-48.9677376842366,-48.9677376842366,-5.564639634700013,-1.6379909949470113,-48.9677376842366,-48.9677376842366,-3.274587536397256,-48.9677376842366],[-1.4132433388078383,-2.3883745375376186,-1.0105524358635023,-1.201685046736415,-0.3309458658881699,-1.3145826444051325,-16.426716278852957,-4.357362733030459]]]}},"resampling_scheme":"systematic","datetime":"2020-06-29T01:50:42.992","N":123140,"M":[1,1],"durations":{"2:2":{"(Main.TD, \"smc\")":9633.48,"(Main.TD, \"vb\")":1.05}},"adaptive":true,"a":1.0,"resampling_freq":0}