{"EPOCHS":100,"Rs":[7],"num_results":{"td_smc":{"log_Z":[-8332.596611152281],"inf_results":[{"S_R":[[[0.0,0.0,0.0,0.0,0.0,0.0,0.0],[0.0,0.0,0.0,0.0,0.0,0.0,0.0],[0.0,0.0,0.0,0.0,0.0,0.0,0.0],[0.0,0.0,0.0,0.0,0.0,164.0,0.0],[0.0,0.0,0.0,0.0,0.0,0.0,0.0],[0.0,0.0,117.99999999999999,0.0,0.0,279.0,0.0],[310.0,0.0,0.0,0.0,0.0,169.0,0.0]],[[0.0,0.0,0.0,0.0,0.0,0.0,0.0],[0.0,0.0,0.0,0.0,0.0,0.0,0.0],[0.0,0.0,0.0,0.0,0.0,0.0,0.0],[0.0,0.0,0.0,0.0,0.0,0.0,0.0],[59.0,0.0,0.0,0.0,0.0,0.0,86.99999999999999],[0.0,0.0,0.0,0.0,0.0,0.0,0.0],[0.0,0.0,0.0,0.0,0.0,0.0,0.0]],[[0.0,0.0,0.0,0.0,0.0,0.0,0.0],[0.0,0.0,0.0,0.0,0.0,0.0,109.99999999999999],[0.0,0.0,0.0,0.0,0.0,0.0,0.0],[7.0,0.0,0.0,0.0,216.0,0.0,0.0],[0.0,0.0,89.99999999999999,0.0,0.0,0.0,0.0],[0.0,0.0,0.0,0.0,0.0,0.0,0.0],[0.0,0.0,0.0,0.0,0.0,0.0,0.0]],[[0.0,0.0,8.0,0.0,0.0,0.0,0.0],[0.0,0.0,161.0,0.0,0.0,106.99999999999999,0.0],[0.0,0.0,0.0,0.0,0.0,0.0,0.0],[0.0,0.0,0.0,0.0,0.0,0.0,0.0],[0.0,0.0,0.0,0.0,0.0,0.0,49.0],[0.0,7.0,0.0,239.0,0.0,0.0,0.0],[0.0,0.0,0.0,63.99999999999999,0.0,0.0,0.0]],[[0.0,480.0,0.0,0.0,1164.0,0.0,0.0],[0.0,0.0,0.0,0.0,0.0,0.0,0.0],[862.9999999999999,0.0,0.0,0.0,0.0,93.99999999999999,0.0],[0.0,0.0,0.0,0.0,0.0,0.0,0.0],[0.0,0.0,0.0,590.9999999999999,0.0,0.0,0.0],[0.0,0.0,133.0,0.0,1034.0,0.0,0.0],[0.0,0.0,0.0,0.0,1154.0,0.0,522.9999999999999]],[[0.0,0.0,0.0,0.0,0.0,0.0,0.0],[0.0,0.0,317.0,0.0,0.0,0.0,0.0],[0.0,89.99999999999999,0.0,0.0,0.0,0.0,0.0],[0.0,0.0,0.0,0.0,0.0,50.0,0.0],[0.0,0.0,0.0,0.0,0.0,0.0,0.0],[0.0,279.0,0.0,0.0,0.0,0.0,0.0],[0.0,0.0,0.0,182.0,0.0,0.0,0.0]],[[0.0,0.0,0.0,0.0,0.0,0.0,0.0],[0.0,0.0,0.0,0.0,0.0,0.0,0.0],[0.0,0.0,0.0,0.0,0.0,0.0,0.0],[0.0,0.0,0.0,0.0,0.0,0.0,24.0],[0.0,0.0,51.0,0.0,2332.0,0.0,0.0],[0.0,0.0,0.0,0.0,0.0,0.0,708.9999999999999],[0.0,0.0,0.0,0.0,0.0,0.0,0.0]]],"S_IR":[[0.0,0.0,485.0,0.0,91.0,0.0,0.0,0.0,271.0,0.0,12.999999999999998,0.0,0.0,0.0,125.0,0.0,0.0,254.0,0.0,0.0],[0.0,0.0,0.0,0.0,0.0,0.0,57.99999999999999,48.99999999999999,0.0,82.0,31.0,131.0,128.0,0.0,0.0,198.0,154.0,7.0,18.0,0.0],[0.0,0.0,77.0,0.0,0.0,0.0,0.0,401.0,0.0,0.0,0.0,0.0,0.0,168.0,232.0,0.0,0.0,0.0,0.0,0.0],[23.0,0.0,264.0,0.0,1.0,0.0,0.0,0.0,0.0,135.0,0.0,265.0,141.0,0.0,0.0,0.0,129.0,0.0,118.0,0.0],[2312.0,558.0,0.0,595.0,655.0,41.99999999999999,442.0,0.0,271.0,0.0,527.0,13.999999999999998,0.0,153.0,0.0,331.0,0.0,0.0,0.0,0.0],[4.0,736.0,0.0,0.0,0.0,0.0,0.0,0.0,0.0,0.0,0.0,23.0,0.0,0.0,0.0,0.0,0.0,57.99999999999999,41.99999999999999,0.0],[0.0,0.0,0.0,153.0,0.0,613.0,0.0,29.0,0.0,135.0,0.0,0.0,5.0,75.0,0.0,0.0,0.0,0.0,0.0,492.0]],"S_JR":[[0.0,815.0,210.0,379.0,0.0,0.0,172.0,42.99999999999999,0.0,0.0,0.0,3.0,0.0,0.0,0.0,0.0,30.0,0.0,0.0,0.0],[0.0,0.0,203.0,0.0,0.0,0.0,225.0,0.0,104.0,0.0,0.0,0.0,0.0,163.0,0.0,0.0,0.0,0.0,0.0,0.0],[478.0,0.0,0.0,0.0,55.99999999999999,332.0,80.0,93.0,0.0,0.0,0.0,0.0,0.0,0.0,0.0,0.0,0.0,0.0,7.999999999999999,0.0],[0.0,0.0,0.0,0.0,0.0,0.0,0.0,0.0,0.0,0.0,0.0,0.0,137.0,0.0,0.0,9.999999999999998,314.0,0.0,0.0,0.0],[0.0,0.0,0.0,0.0,0.0,0.0,0.0,379.0,446.0,375.0,445.0,0.0,187.0,509.0,277.0,2.0,0.0,0.0,0.0,639.0],[1488.0,0.0,290.0,193.0,639.0,0.0,0.0,0.0,0.0,0.0,0.0,0.0,0.0,0.0,0.0,0.0,0.0,22.0,166.0,0.0],[0.0,420.0,0.0,0.0,0.0,352.0,0.0,3.0,0.0,0.0,0.0,372.0,0.0,0.0,0.0,884.0,0.0,371.0,0.0,0.0]],"S_KR":[[468.0,265.0,130.0,177.0],[0.0,1.0,33.0,111.99999999999999],[186.0,95.99999999999999,114.99999999999999,26.0],[617.9999999999999,17.0,0.0,0.0],[2299.0,803.9999999999999,1583.0,1350.0],[0.0,155.0,483.0,280.0],[919.9999999999999,349.0,993.9999999999999,852.9999999999999]]}]},"td_vb":{"log_Z":[-7404.9579906129875],"inf_results":[[[-352.9909628384399,-352.9909628384399,-352.9909628384399,-352.9909628384399,-352.9909628384399,-352.9909628384399,-352.9909628384399,-352.9909628384399,-352.9909628384399,-352.9909628384399,-352.9909628384399,-352.9909628384399,-352.9909628384399,-352.9909628384399,-352.9909628384399,-3.7048496476696586,-352.9909628384399,-352.9909628384399,-352.9909628384399,-352.9909628384399,-352.9909628384399,-352.9909628384399,-352.9909628384399,-352.9909628384399,-352.9909628384399,-352.9909628384399,-352.9909628384399,-352.9909628384399,-352.9909628384399,-352.9909628384399,-352.9909628384399,-352.9909628384399,-352.9909628384399,-352.9909628384399,-352.9909628384399,-352.9909628384399,-352.9909628384399,-352.9909628384399,-352.9909628384399,-3.1043592338906816,-352.9909628384399,-352.9909628384399,-352.9909628384399,-2.9587971357934633,-352.9909628384399,-352.9909628384399,-352.9909628384399,-352.9909628384399,-352.9909628384399,-352.9909628384399,-352.9909628384399,-352.9909628384399,-352.9909628384399,-352.9909628384399,-352.9909628384399,-352.9909628384399,-352.9909628384399,-352.9909628384399,-352.9909628384399,-352.9909628384399,-352.9909628384399,-352.9909628384399,-352.9909628384399,-2.2737567762578186,-352.9909628384399,-352.9909628384399,-352.9909628384399,-352.9909628384399,-352.9909628384399,-352.9909628384399,-352.9909628384399,-352.9909628384399,-352.9909628384399,-352.9909628384399,-352.9909628384399,-352.9909628384399,-352.9909628384399,-352.9909628384399,-352.9909628384399,-352.9909628384399,-352.9909628384399,-352.9909628384399,-352.9909628384399,-352.9909628384399,-352.9909628384399,-352.9909628384399,-352.9909628384399,-2.446932090406446,-3.059793692298796,-352.9909628384399,-352.9909628384399,-352.9909628384399,-352.9909628384399,-352.9909628384399,-352.9909628384399,-352.9909628384399,-352.9909628384399,-352.9909628384399,-352.9909628384399,-352.9909628384399,-352.9909628384399,-352.9909628384399,-352.9909628384399,-352.9909628384399,-352.9909628384399,-352.9909628384399,-352.9909628384399,-352.9909628384399,-352.9909628384399,-352.9909628384399,-352.9909628384399,-352.9909628384399,-352.9909628384399,-352.9909628384399,-352.9909628384399,-352.9909628384399,-4.216361873900118,-352.9909628384399,-352.9909628384399,-352.9909628384399,-2.3858725079046623,-352.9909628384399,-352.9909628384399,-352.9909628384399,-352.9909628384399,-352.9909628384399,-352.9909628384399,-352.9909628384399,-352.9909628384399,-352.9909628384399,-352.9909628384399,-4.309106388826584,-352.9909628384399,-352.9909628384399,-352.9909628384399,-352.9909628384399,-352.9909628384399,-352.9909628384399,-352.9909628384399,-352.9909628384399,-352.9909628384399,-4.502561965536998,-352.9909628384399,-352.9909628384399,-352.9909628384399,-352.9909628384399,-352.9909628384399,-352.9909628384399,-352.9909628384399,-352.9909628384399,-352.9909628384399,-352.9909628384399,-352.9909628384399,-352.9909628384399,-352.9909628384399,-352.9909628384399,-352.9909628384399,-352.9909628384399,-352.9909628384399,-352.9909628384399,-352.9909628384399,-352.9909628384399,-352.9909628384399,-352.9909628384399,-352.9909628384399,-352.9909628384399,-352.9909628384399,-352.9909628384399,-352.9909628384399,-352.9909628384399,-352.9909628384399,-352.9909628384399,-352.9909628384399,-352.9909628384399,-352.9909628384399,-352.9909628384399,-352.9909628384399,-352.9909628384399,-352.9909628384399,-352.9909628384399,-352.9909628384399,-352.9909628384399,-352.9909628384399,-352.9909628384399,-1.9825759432705947,-352.9909628384399,-352.9909628384399,-352.9909628384399,-4.466529808591156,-352.9909628384399,-352.9909628384399,-352.9909628384399,-3.1912787033633476,-352.9909628384399,-352.9909628384399,-352.9909628384399,-352.9909628384399,-352.9909628384399,-352.9909628384399,-352.9909628384399,-6.60862907527519,-352.9909628384399,-352.9909628384399,-352.9909628384399,-352.9909628384399,-352.9909628384399,-352.9909628384399,-352.9909628384399,-352.9909628384399,-352.9909628384399,-352.9909628384399,-352.9909628384399,-352.9909628384399,-352.9909628384399,-352.9909628384399,-352.9909628384399,-352.9909628384399,-352.9909628384399,-4.933962080856005,-352.9909628384399,-352.9909628384399,-352.9909628384399,-352.9909628384399,-352.9909628384399,-352.9909628384399,-352.9909628384399,-352.9909628384399,-352.9909628384399,-352.9909628384399,-352.9909628384399,-352.9909628384399,