{"EPOCHS":100,"Rs":[5],"num_results":{"td_smc":{"log_Z":[-8884.804116620155],"inf_results":[{"S_R":[[[415.0,737.0,0.0,0.0,0.0],[0.0,786.0,0.0,335.0,0.0],[1796.0,0.0,0.0,2134.0,0.0],[0.0,0.0,0.0,0.0,0.0],[287.0,0.0,0.0,0.0,427.0]],[[0.0,0.0,492.0,1042.0,0.0],[0.0,0.0,0.0,0.0,0.0],[0.0,2513.0,0.0,0.0,0.0],[0.0,0.0,1.0,0.0,0.0],[0.0,0.0,0.0,0.0,0.0]],[[0.0,0.0,0.0,0.0,0.0],[0.0,0.0,0.0,0.0,182.99999999999997],[0.0,0.0,469.0,0.0,0.0],[0.0,0.0,0.0,0.0,0.0],[0.0,0.0,0.0,0.0,0.0]],[[7.0,0.0,52.99999999999999,193.99999999999997,0.0],[0.0,0.0,0.0,65.0,0.0],[0.0,0.0,180.99999999999997,32.99999999999999,2.0],[0.0,1.0,0.0,0.0,101.0],[33.99999999999999,0.0,0.0,0.0,0.0]],[[2.0,0.0,0.0,0.0,0.0],[0.0,0.0,24.0,0.0,0.0],[0.0,0.0,0.0,0.0,0.0],[0.0,0.0,0.0,0.0,0.0],[0.0,0.0,0.0,0.0,0.0]]],"S_IR":[[0.0,0.0,488.0,0.0,47.0,0.0,16.999999999999996,479.0,542.0,0.0,0.0,0.0,274.0,0.0,357.0,337.0,0.0,0.0,0.0,0.0],[363.0,1238.0,338.0,0.0,699.0,0.0,0.0,0.0,0.0,0.0,0.0,0.0,0.0,396.0,0.0,192.0,0.0,319.0,0.0,492.0],[0.0,0.0,0.0,748.0,0.0,36.0,0.0,0.0,0.0,0.0,0.0,356.0,0.0,0.0,0.0,0.0,0.0,0.0,79.99999999999999,0.0],[1976.0,56.0,0.0,0.0,0.0,81.99999999999999,483.0,0.0,0.0,352.0,571.0,0.0,0.0,0.0,0.0,0.0,283.0,0.0,0.0,0.0],[0.0,0.0,0.0,0.0,1.0,537.0,0.0,0.0,0.0,0.0,0.0,76.99999999999999,0.0,0.0,0.0,0.0,0.0,0.0,97.99999999999999,0.0]],"S_JR":[[0.0,1027.0,0.0,0.0,0.0,0.0,0.0,517.0,455.0,133.0,445.0,0.0,0.0,0.0,0.0,0.0,97.99999999999999,0.0,0.0,267.0],[157.0,11.0,170.0,0.0,0.0,180.0,0.0,0.0,0.0,179.0,0.0,0.0,211.0,1.0,0.0,0.0,246.0,238.0,0.0,0.0],[1480.0,112.99999999999999,477.0,572.0,687.0,504.0,477.0,0.0,0.0,0.0,0.0,368.0,108.99999999999999,642.0,257.0,896.0,0.0,0.0,174.0,372.0],[0.0,0.0,56.0,0.0,8.0,0.0,0.0,1.0,0.0,0.0,0.0,7.0,4.0,0.0,0.0,0.0,0.0,26.999999999999996,0.0,0.0],[329.0,83.99999999999999,0.0,0.0,0.0,0.0,0.0,0.0,94.99999999999999,63.0,0.0,0.0,0.0,28.999999999999996,19.999999999999996,0.0,0.0,127.99999999999999,0.0,0.0]],"S_KR":[[2549.0,843.0,2112.0,1413.0],[1423.0,510.0,967.0,1148.0],[176.0,0.0,257.0,219.0],[338.0,332.0,1.0,0.0],[5.0,1.9999999999999998,1.0,18.0]]}]},"td_vb":{"log_Z":[-7970.583630915358],"inf_results":[[[-134.98266528318516,-134.98266528318516,-134.98266528318516,-134.98266528318516,-134.98266528318516,-134.98266528318516,-134.98266528318516,-134.98266528318516,-134.98266528318516,-134.98266528318516,-134.98266528318516,-134.98266528318516,-134.98266528318516,-134.98266528318516,-134.98266528318516,-134.98266528318516,-134.98266528318516,-134.98266528318516,-134.98266528318516,-134.98266528318516,-134.98266528318516,-2.6087350338062185,-134.98266528318516,-134.98266528318516,-134.98266528318516,-134.98266528318516,-134.98266528318516,-134.98266528318516,-134.98266528318516,-134.98266528318516,-134.98266528318516,-134.98266528318516,-134.98266528318516,-134.98266528318516,-1.896284448279645,-134.98266528318516,-134.98266528318516,-134.98266528318516,-134.98266528318516,-134.98266528318516,-134.98266528318516,-134.98266528318516,-134.98266528318516,-134.98266528318516,-134.98266528318516,-134.98266528318516,-134.98266528318516,-134.98266528318516,-134.98266528318516,-2.8667414873391888,-134.98266528318516,-134.98266528318516,-134.98266528318516,-134.98266528318516,-2.878271490308979,-134.98266528318516,-134.98266528318516,-134.98266528318516,-3.5456279762862435,-134.98266528318516,-134.98266528318516,-134.98266528318516,-5.663600552215174,-7.72049039992173,-134.98266528318516,-134.98266528318516,-134.98266528318516,-134.98266528318516,-134.98266528318516,-134.98266528318516,-134.98266528318516,-134.98266528318516,-134.98266528318516,-134.98266528318516,-134.98266528318516,-134.98266528318516,-2.733543934071162,-134.98266528318516,-134.98266528318516,-4.936027829260767,-134.98266528318516,-134.98266528318516,-134.98266528318516,-134.98266528318516,-3.1541879589625443,-134.98266528318516,-134.98266528318516,-134.98266528318516,-134.98266528318516,-134.98266528318516,-134.98266528318516,-134.98266528318516,-134.98266528318516,-134.98266528318516,-6.393396943574894,-134.98266528318516,-134.98266528318516,-134.98266528318516,-3.176622917715627,-134.98266528318516,-134.98266528318516,-134.98266528318516,-134.98266528318516,-134.98266528318516,-12.176764983222034,-134.98266528318516,-2.3497256926049213,-1.9576785043321268,-134.98266528318516,-134.98266528318516,-134.98266528318516,-134.98266528318516,-2.1865884514900182,-134.98266528318516,-3.237651696314588,-2.9083286751187467,-134.98266528318516,-134.98266528318516,-134.98266528318516,-134.98266528318516,-4.426091716403373,-134.98266528318516,-5.275364634685224,-4.467614265601736,-134.98266528318516],[-1.1232529246972955,-107.27011997286276,-1.218374236240316,-107.27011997286276,-107.27011997286276,-107.27011997286276,-1.7075037069445482,-107.27011997286276,-107.27011997286276,-107.27011997286276,-107.27011997286276,-107.27011997286276,-107.27011997286276,-1.631029710860009,-107.27011997286276,-107.27011997286276,-107.27011997286276,-107.27011997286276,-107.27011997286276,-107.27011997286276,-108.52744116805682,-1.2984878071814965,-108.52744116805682,-108.52744116805682,-1.5156103617536871,-3.8599345726489416,-108.52744116805682,-108.52744116805682,-2.4417564330084804,-2.2251901668843788,-108.52744116805682,-2.488373592435985,-2.3552169689410185,-108.52744116805682,-108.52744116805682,-2.1885014329349755,-108.52744116805682,-108.52744116805682,-108.52744116805682,-108.52744116805682,-108.64079493740581,-1.8530836880274792,-1.8101880714455882,-108.64079493740581,-108.64079493740581,-2.782667500095936,-2.2209764166496333,-1.9092321882481524,-2.4621889114369884,-4.402806227585934,-2.70493513338693,-2.8192456947777904,-108.64079493740581,-3.037226219249808,-108.64079493740581,-108.64079493740581,-2.436195009287375,-108.64079493740581,-108.64079493740581,-108.64079493740581,-107.4860348286242,-107.4860348286242,-107.4860348286242,-107.4860348286242,-107.4860348286242,-0.9513274743883287,-107.4860348286242,-107.4860348286242,-4.255425017708152,-107.4860348286242,-107.4860348286242,-107.4860348286242,-107.4860348286242,-2.553674381798408,-3.425906875549557,-1.6026738023954934,-107.4860348286242,-107.4860348286242,-2.5668408096938196,-1.5699080348388383,-0.7449918970838123,-108.94183719477763,-4.396884350511344,-1.76420397923882,-3.6560472140982716,-108.94183719477763,-108.94183719477763,-108.94183719477763,-108.94183719477763,-108.94183719477763,-2.511411977726338,-108.94183719477763,-108.94183719477763,-108.94183719477763,-2.603513022470745,-108.94183719477763,-108.94183719477763,-2.6172974544991403,-3.7868821806039374,-2.7486463549091944],[-107.92781533490457,-107.92781533490457,-107.92781533490457,-107.92781533490457,-107.92781533490457,-107.92781533490457,-107.92781533490457,-107.92781533490457,-107.92781533490457,-107.92781533490457,-107.92781533490457,-2.417873499087589,-107.92781533490457,-107.92781533490457,-107.92781533490457,-0.6797644917283536,-107.92781533490457,-107.92781533490457,-107.92781533490457,-0.9077924377782747,-109.19941690251719,-1.524476455033204,-2.2090824116219725,-2.290249336186214,-109.19941690251719,-2.253110149654802,-2.4720425519120797,-109.19941690251719,-2.3295043346215465,-2.7129126427062724,-2.541558681884653,-109.19941690251719,-109.19941690251719,-109.19941690251719,-3.4979143908589583,-4.10620119963642,-2.7993148682188833,-109.19941690251719,-3.482294826031344,-109.19941690251719,-0.7475920131669271,-108.11897445306651,-108.11897445306651,-108.11897445306651,-108.11897445306651,-108.11897445306651,-108.11897445306651,-2.926174540358331,-108.11897445306651,-108.11897445306651,-108.11897445306651,-2.107142119573715,-108.11897445306651,-1.048559994910181,-108.11897445306651,-108.11897445306651,-108.11897445306651,-108.11897445306651,-108.11897445306651,-108.11897445306651,-107.10226501143278,-107.10226501143278,-2.1323674805339428,-107.10226501143278,-107.10226501143278,-2.0428376954466687,-107.10226501143278,-0.5147650783062021,-107.10226501143278,-107.10226501143278,