{"EPOCHS":100,"Rs":[3],"num_results":{"td_smc":{"log_Z":[-8756.434227494476],"inf_results":[{"S_R":[[[120.0,0.0,0.0],[0.0,0.0,0.0],[0.0,6.0,0.0]],[[1682.0,0.0,0.0],[0.0,1659.0,0.0],[46.0,960.0,0.0]],[[0.0,178.0,1391.0],[1865.0,0.0,1429.0],[2182.0,0.0,796.0]]],"S_IR":[[2338.9999999999995,0.0,289.0,705.0,4.0,0.0,500.0,0.0,0.0,351.0,571.0,433.0,241.99999999999997,0.0,0.0,0.0,283.0,0.0,177.99999999999997,0.0],[0.0,0.0,537.0,28.0,0.0,655.0,0.0,479.0,0.0,0.0,0.0,0.0,32.0,396.0,357.0,0.0,0.0,319.0,0.0,0.0],[0.0,1294.0,0.0,14.999999999999998,743.0,0.0,0.0,0.0,542.0,0.9999999999999999,0.0,0.0,0.0,0.0,0.0,529.0,0.0,0.0,0.0,492.0]],"S_JR":[[0.0,0.0,0.0,0.9999999999999999,561.0,0.0,0.0,176.99999999999997,11.999999999999998,375.0,0.0,0.0,0.0,0.0,210.99999999999997,896.0,344.0,0.0,173.99999999999997,620.0],[1965.0,0.0,703.0,570.0,81.0,684.0,477.0,3.0,127.0,0.0,0.0,0.0,324.0,0.0,0.0,0.0,0.0,0.0,0.0,19.0],[0.9999999999999999,1235.0,0.0,0.9999999999999999,53.0,0.0,0.0,338.0,411.0,0.0,445.0,375.0,0.0,672.0,66.0,0.0,0.0,393.0,0.0,0.0]],"S_KR":[[0.0,125.0,0.0,0.9999999999999999],[1521.0,501.0,1295.0,1030.0],[2969.9999999999995,1061.0,2043.0,1767.0]]}]},"td_vb":{"log_Z":[-8127.43171420595],"inf_results":[[[-6.067887568409629,-36.936420696228204,-2.639242182340219,-36.936420696396254,-36.9364206963527,-36.93642069641577,-3.453705958913366,-5.374004863156212,-36.936420696420534,-6.431071782525261,-36.93642069640436,-36.93642069636902,-36.936420696352634,-2.6839834028999325,-36.936420696359065,-1.4510456437649157,-1.7420389563467866,-36.93642069635599,-36.936420696343895,-2.8859861609025383,-1.824402384571643,-4.033087005996293,-5.2397513594377445,-1.8268186935393151,-36.936420696369474,-36.93642069636473,-4.711701885363596],[-1.103771719009882,-68.72308126042125,-68.72308126042125,-68.72308126042125,-68.72308126042125,-1.7374633990823005,-1.9593110594168905,-2.0022609673146867,-4.560958195159637,-68.72308126042125,-68.72308126042125,-3.3077239785888466,-68.72308126042125,-68.72308126042125,-68.72308126042125,-68.72308126042125,-2.5292141227066844,-2.4497133981627863,-6.137204273293456,-68.72308126042125,-68.79542710863142,-1.9619349147507306,-1.5292885247663115,-68.79542710863142,-3.2791175701787765,-68.79542710863142,-68.79542710863142,-68.79542710863142,-2.377914945518544,-2.3830405756779776,-1.8987555278208808,-68.79542710863142,-2.6339349234356897,-2.2651048454246805,-2.3689167214538234,-68.79542710863142,-68.79542710863142,-68.79542710863142,-68.79542710863142,-68.79542710863142,-1.4505406596313968,-1.879215831613445,-69.05929791836897,-1.892412172458485,-2.1079884547909087,-5.0931664090782025,-69.05929791836897,-69.05929791836897,-3.4972774902780115,-69.05929791836897,-69.05929791836897,-2.79763893650541,-69.05929791836897,-69.05929791836897,-69.05929791836897,-2.2390943588132206,-69.05929791836897,-6.012428274632331,-3.37701804183917,-2.3116728273042426],[-68.73981567915857,-2.1477771289951146,-4.82643779654416,-4.639388728036032,-1.8633068302972573,-3.6376113080543364,-4.303009960819558,-68.73981567915857,-68.73981567915857,-2.485952824971106,-3.1619382800519586,-68.73981567915857,-68.73981567915857,-68.73981567915857,-68.73981567915857,-1.3922857245147817,-2.6653054396921707,-68.73981567915857,-3.033411569225539,-1.7305387291998962,-1.125459936645555,-2.6285082267463764,-68.59181537064777,-1.7571587131632729,-68.59181537064777,-68.59181537064777,-68.59181537064777,-68.59181537064777,-2.2327850960651956,-68.59181537064777,-2.83045969655932,-2.5275406340502284,-2.2624352703133104,-68.59181537064777,-3.50180377649502,-68.59181537064777,-3.5166115970605487,-3.949424073819885,-68.59181537064777,-68.59181537064777,-1.7675809261469535,-2.2532930670049316,-2.1189181598724725,-69.18101833466754,-3.726318727888252,-2.2538140093709202,-2.573436441936674,-2.381847378569322,-3.256625707376891,-4.3261670682899505,-3.952068491158813,-3.795751089378803,-69.18101833466754,-2.1213503367738697,-3.42493824826789,-69.18101833466754,-69.18101833466754,-2.825275601034627,-69.18101833466754,-69.18101833466754],[-1.9323812717977997,-1.0811830036111933,-3.797669132786626,-0.7083110301661035,-0.8502143500643946,-2.2832653147197783,-1.1493867182143749,-1.8731371850869731,-1.0488535801264804,-2.091905757694863,-1.2583617193271346,-1.4196723959214204]]]}},"resampling_scheme":"systematic","datetime":"2020-06-28T21:53:59.984","N":123140,"M":[1,1],"durations":{"3:3":{"(Main.TD, \"vb\")":0.84,"(Main.TD, \"smc\")":11225.69}},"adaptive":true,"a":1.0,"resampling_freq":0}