{"EPOCHS":100,"Rs":[4],"num_results":{"td_smc":{"log_Z":[-6619.020047158128],"inf_results":[{"S_R":[[[0.0,0.0,0.0,0.0],[0.0,0.0,0.0,0.0],[0.0,0.0,0.0,0.0],[0.0,0.0,0.0,0.0]],[[0.0,30.0,0.0,0.0],[0.0,0.0,4.0,0.0],[0.0,56.0,0.0,0.0],[0.0,0.0,0.0,0.0]],[[0.0,0.0,0.0,0.0],[205.0,492.0,0.0,0.0],[0.0,17.0,0.0,3.0],[0.0,308.0,0.0,4.0]],[[585.0,37.0,568.0,324.0],[0.0,0.0,0.0,1685.0],[291.0,0.0,846.0,0.0],[1367.0,0.0,595.0,433.0]]],"S_IR":[[0.0,0.0,525.0,314.0,89.0,0.0,286.0,0.0,156.0,111.0,219.0,0.0,0.0,242.0,135.0,0.0,172.0,199.0,0.0,0.0],[0.0,231.0,26.0,37.0,0.0,0.0,0.0,0.0,81.0,0.0,100.0,0.0,142.0,0.0,54.0,0.0,0.0,0.0,7.0,262.0],[990.0,92.0,0.0,0.0,0.0,415.0,0.0,317.0,0.0,0.0,0.0,131.0,0.0,0.0,0.0,0.0,0.0,0.0,68.0,0.0],[789.0,592.0,0.0,161.0,364.0,19.0,0.0,0.0,63.0,69.0,0.0,84.0,0.0,0.0,0.0,308.0,0.0,0.0,0.0,0.0]],"S_JR":[[0.0,844.0,434.0,2.0,0.0,0.0,0.0,1.0,0.0,0.0,0.0,0.0,80.0,183.0,0.0,0.0,0.0,0.0,0.0,0.0],[0.0,0.0,0.0,347.0,384.0,0.0,0.0,0.0,33.0,161.0,0.0,0.0,91.0,0.0,0.0,656.0,216.0,0.0,83.0,415.0],[0.0,0.0,0.0,0.0,49.0,0.0,298.0,0.0,234.0,24.0,68.0,0.0,0.0,291.0,0.0,0.0,0.0,249.0,0.0,0.0],[1460.0,0.0,0.0,0.0,0.0,429.0,0.0,321.0,0.0,0.0,177.0,175.0,0.0,0.0,145.0,0.0,0.0,0.0,0.0,0.0]],"S_KR":[[0.0,0.0,0.0,0.0],[76.0,0.0,0.0,14.0],[176.0,272.0,186.0,395.0],[2175.0,1415.0,1872.0,1269.0]]}]},"td_vb":{"log_Z":[-6698.157875190529],"inf_results":[[[-73.52013547685951,-73.52013547685951,-73.52013547685951,-73.52013547685951,-73.52013547685951,-73.52013547685951,-73.52013547685951,-4.791062323721459,-73.52013547685951,-3.2012062522479177,-73.52013547685951,-73.52013547685951,-73.52013547685951,-73.52013547685951,-2.220346822701387,-73.52013547685951,-73.52013547685951,-73.52013547685951,-73.52013547685951,-73.52013547685951,-73.52013547685951,-73.52013547685951,-73.52013547685951,-73.52013547685951,-73.52013547685951,-73.52013547685951,-73.52013547685951,-73.52013547685951,-73.52013547685951,-73.52013547685951,-73.52013547685951,-2.852345743851979,-73.52013547685951,-73.52013547685951,-73.52013547685951,-73.52013547685951,-73.52013547685951,-3.0127626129817493,-1.760335475126186,-73.52013547685951,-3.1546434958251908,-73.52013547685951,-73.52013547685951,-73.52013547685951,-73.52013547685951,-73.52013547685951,-73.52013547685951,-73.52013547685951,-73.52013547685951,-2.6514375628157287,-3.2916700715734812,-3.3340256006639457,-73.52013547685951,-73.52013547685951,-73.52013547685951,-2.6500959572152007,-73.52013547685951,-2.9191992849994737,-1.946228797715408,-73.52013547685951,-2.2149800952554806,-73.52013547685951,-73.52013547685951,-73.52013547685951],[-1.1466194776153475,-87.64064481008393,-87.64064481008393,-1.1906803120004064,-2.649580911345108,-87.64064481008393,-87.64064481008393,-87.64064481008393,-6.8756937855408715,-87.64064481008393,-87.64064481008393,-2.541702359280734,-3.084864320998775,-87.64064481008393,-87.64064481008393,-87.64064481008393,-87.64064481008393,-1.7929519607623874,-87.64064481008393,-4.374316597612037,-87.98624064436459,-87.98624064436459,-1.1185511227912688,-2.4288898114031214,-87.98624064436459,-1.3759379530809221,-87.98624064436459,-1.6720377716194443,-87.98624064436459,-87.98624064436459,-87.98624064436459,-87.98624064436459,-87.98624064436459,-1.9424789768783128,-87.98624064436459,-87.98624064436459,-87.98624064436459,-87.98624064436459,-87.98624064436459,-87.98624064436459,-0.9498651732253824,-1.3750998871335867,-88.75033079491656,-88.75033079491656,-88.75033079491656,-88.75033079491656,-2.539204751251096,-88.75033079491656,-2.496982690353856,-3.8457311032741632,-3.428177285534094,-88.75033079491656,-3.733509711093931,-88.75033079491656,-2.9543255831939916,-88.75033079491656,-3.0488335066874708,-88.75033079491656,-3.882516672402824,-88.75033079491656,-87.76793591470826,-87.76793591470826,-87.76793591470826,-87.76793591470826,-1.3037230185558668,-5.203363402179253,-87.76793591470826,-87.76793591470826,-87.76793591470826,-2.588863940562219,-1.9094961080548796,-2.4224569687263022,-87.76793591470826,-87.76793591470826,-87.76793591470826,-1.4825800157097984,-87.76793591470826,-87.76793591470826,-87.76793591470826,-1.70573883679101],[-0.29141894718343675,-87.58405802316257,-87.58405802316257,-87.58405802316257,-87.58405802316257,-87.58405802316257,-87.58405802316257,-87.58405802316257,-87.58405802316257,-87.58405802316257,-3.6763712309776415,-87.58405802316257,-87.58405802316257,-87.58405802316257,-87.58405802316257,-87.58405802316257,-87.58405802316257,-1.5117244808572394,-87.58405802316257,-5.211720162910574,-2.3313219630762454,-1.5107479156053563,-88.32221811210177,-1.9230311273376524,-2.9025728002744753,-88.32221811210177,-2.0699216789025723,-88.32221811210177,-2.4886489635067184,-2.943708524829284,-88.32221811210177,-2.6033806500852643,-2.927963263480752,-88.32221811210177,-88.32221811210177,-88.32221811210177,-2.4116699165130067,-88.32221811210177,-88.32221811210177,-88.32221811210177,-1.7371139260332429,-88.2535274435546,-1.6247668694229631,-6.458353957600752,-88.2535274435546,-2.2867835244282793,-88.2535274435546,-1.9236508957495202,-88.2535274435546,-88.2535274435546,-2.3237278980446128,-88.2535274435546,-88.2535274435546,-1.536509224734126,-3.0180853767582105,-4.414326330868921,-6.40312570434717,-88.2535274435546,-88.2535274435546,-88.2535274435546,-88.23632814869485,-1.9030499141862958,-88.23632814869485,-88.23632814869485,-1.9669485431704636,-2.3593350808288127,-88.23632814869485,-88.23632814869485,-3.426757551857012,-3.5875841248445353,-88.23632814869485,-88.23632814869485,-3.8979520128077847,-88.23632814869485,-4.084727937202176,-1.236330573204631,-88.23632814869485,-88.23632814869485,-3.266532510314221,-1.6684964677615755],[-1.5338726100813922,-1.3259640627890033,-1.5989563235408149,-1.1537987556473963,-22.59533852921686,-1.0974286290768545,-2.992922880053892,-0.48809924951211325,-0.9456820332724369,-1.5481746313489984,-1.4013658953339592,-1.8841012426876684,-1.1045166221787515,-1.6758747981133064,-1.1660350308588416,-1.7747992852669272]]]}},"resampling_scheme":"systematic","datetime":"2020-06-29T08:31:47.245","N":78500,"M":[1,1],"durations":{"4:4":{"(Main.TD, \"vb\")":1.86,"(Main.TD, \"smc\")":6794.22}},"adaptive":true,"a":1.0,"resampling_freq":0}