{"EPOCHS":100,"Rs":[6],"num_results":{"td_smc":{"log_Z":[-8558.974056659663],"inf_results":[{"S_R":[[[0.0,0.0,0.0,0.0,0.0,0.0],[0.0,0.0,0.0,527.9999999999999,645.9999999999999,0.0],[0.0,0.0,554.9999999999999,0.0,0.0,0.0],[0.0,0.0,8.0,0.0,0.0,0.0],[640.9999999999999,0.0,0.0,0.0,0.0,0.0],[0.0,0.0,0.0,0.0,0.0,0.0]],[[0.0,0.0,0.0,0.0,0.0,0.0],[0.0,0.0,0.0,0.0,0.0,203.0],[0.0,0.0,0.0,491.0,0.0,0.0],[0.0,537.9999999999999,0.0,0.0,0.0,0.0],[0.0,1602.0,0.0,0.0,0.0,194.0],[0.0,264.0,0.0,0.0,0.0,0.0]],[[0.0,0.0,0.0,0.0,0.0,0.0],[0.0,0.0,0.0,0.0,0.0,0.0],[0.0,0.0,0.0,0.0,0.0,0.0],[0.0,0.0,0.0,0.0,0.0,918.9999999999999],[0.0,0.0,86.0,595.9999999999999,0.0,0.0],[0.0,0.0,0.0,0.0,0.0,0.0]],[[0.0,0.0,0.0,0.0,118.0,329.0],[1025.0,0.0,0.0,0.0,0.0,0.0],[0.0,0.0,0.0,0.0,1382.0,0.0],[0.0,0.0,215.0,0.0,0.0,0.0],[0.0,0.0,0.0,0.0,0.0,0.0],[581.9999999999999,0.0,0.0,0.0,0.0,0.0]],[[0.0,0.0,0.0,0.0,0.0,0.0],[0.0,0.0,0.0,0.0,0.0,0.0],[0.0,0.0,0.0,0.0,0.0,744.9999999999999],[0.0,0.0,0.9999999999999999,292.0,0.0,0.0],[0.0,0.0,0.0,0.0,0.0,0.0],[0.0,0.0,0.0,0.0,0.0,0.0]],[[0.0,0.0,0.0,0.0,0.0,3.0],[0.0,0.0,0.0,0.0,0.0,0.0],[0.0,0.0,0.0,0.0,0.0,0.0],[0.0,0.0,0.0,130.0,0.0,0.0],[149.0,0.0,0.0,0.0,0.0,68.0],[0.0,0.0,0.0,0.0,4.0,0.0]]],"S_IR":[[0.0,1098.9999999999998,3.0,0.0,0.0,0.0,0.0,0.0,0.0,0.0,449.0,0.0,0.0,0.0,0.0,529.0,0.0,317.0,0.0,0.0],[1109.9999999999998,0.0,0.0,401.0,435.0,0.0,0.0,0.0,0.0,0.0,0.0,0.0,0.0,0.0,0.0,0.0,0.0,0.0,0.0,458.0],[0.0,195.0,0.0,0.0,0.0,0.0,495.0,0.0,11.0,0.0,0.0,0.0,5.999999999999999,0.0,0.0,0.0,121.99999999999999,2.0,0.0,34.0],[0.0,0.0,26.0,21.0,0.0,56.0,4.999999999999999,479.0,0.0,352.0,0.0,433.0,268.0,0.0,357.0,0.0,0.0,0.0,40.0,0.0],[1228.9999999999998,0.0,0.0,326.0,312.0,0.0,0.0,0.0,0.0,0.0,121.99999999999999,0.0,0.0,0.0,0.0,0.0,161.0,0.0,0.0,0.0],[0.0,0.0,797.0,0.0,0.0,599.0,0.0,0.0,531.0,0.0,0.0,0.0,0.0,396.0,0.0,0.0,0.0,0.0,138.0,0.0]],"S_JR":[[0.0,0.0,64.99999999999999,0.0,0.0,0.0,0.0,0.0,0.0,3.9999999999999996,0.0,52.0,0.0,7.999999999999999,23.0,0.0,0.0,296.0,2.0,0.0],[803.0,0.0,255.0,362.0,0.0,0.0,249.0,0.0,0.0,0.0,26.0,0.0,175.0,188.0,0.0,0.0,344.0,0.0,0.0,0.0],[0.0,759.0,383.0,0.0,0.0,0.0,0.0,518.0,0.0,0.0,419.0,184.0,0.0,476.0,0.0,55.0,0.0,0.0,0.0,379.0],[1162.9999999999998,0.0,0.0,0.0,0.0,379.0,228.0,0.0,0.0,225.0,0.0,0.0,0.0,0.0,107.99999999999999,0.0,0.0,0.0,0.0,0.0],[0.0,476.0,0.0,210.0,695.0,0.0,0.0,0.0,550.0,0.0,0.0,0.0,149.0,0.0,146.0,841.0,0.0,96.99999999999999,172.0,0.0],[0.0,0.0,0.0,0.0,0.0,305.0,0.0,0.0,0.0,146.0,0.0,139.0,0.0,0.0,0.0,0.0,0.0,0.0,0.0,260.0]],"S_KR":[[1147.0,185.00000000000003,639.0000000000001,407.0],[1034.0,447.0,876.0000000000001,935.0000000000001],[541.0000000000001,166.00000000000003,553.0000000000001,341.0],[1291.0,565.0000000000001,925.0000000000001,870.0000000000001],[478.0,64.0,304.0,192.00000000000003],[0.0,260.0,41.00000000000001,53.00000000000001]]}]},"td_vb":{"log_Z":[-8188.703488968698],"inf_results":[[[-225.9881585958463,-225.9881585958463,-225.9881585958463,-225.9881585958463,-225.9881585958463,-225.9881585958463,-225.9881585958463,-225.9881585958463,-225.9881585958463,-225.9881585958463,-225.9881585958463,-225.9881585958463,-225.9881585958463,-225.9881585958463,-3.691574487147726,-225.9881585958463,-225.9881585958463,-225.9881585958463,-225.9881585958463,-225.9881585958463,-225.9881585958463,-225.9881585958463,-225.9881585958463,-225.9881585958463,-225.9881585958463,-225.9881585958463,-225.9881585958463,-225.9881585958463,-225.9881585958463,-225.9881585958463,-225.9881585958463,-225.9881585958463,-225.9881585958463,-225.9881585958463,-225.9881585958463,-225.9881585958463,-3.092977460452092,-225.9881585958463,-225.9881585958463,-225.9881585958463,-225.9881585958463,-225.9881585958463,-225.9881585958463,-225.9881585958463,-225.9881585958463,-3.2319275421179237,-225.9881585958463,-225.9881585958463,-225.9881585958463,-4.513937476725625,-225.9881585958463,-225.9881585958463,-225.9881585958463,-225.9881585958463,-225.9881585958463,-225.9881585958463,-225.9881585958463,-225.9881585958463,-225.9881585958463,-225.9881585958463,-225.9881585958463,-225.9881585958463,-225.9881585958463,-225.9881585958463,-3.272245556824041,-225.9881585958463,-225.9881585958463,-225.9881585958463,-225.9881585958463,-7.947228759151752,-225.9881585958463,-3.915308569602959,-225.9881585958463,-2.1530110517504397,-4.124317529439525,-225.9881585958463,-225.9881585958463,-2.5438992690758893,-3.33905827852779,-225.9881585958463,-225.9881585958463,-225.9881585958463,-225.9881585958463,-225.9881585958463,-225.9881585958463,-225.9881585958463,-225.9881585958463,-225.9881585958463,-225.9881585958463,-225.9881585958463,-225.9881585958463,-225.9881585958463,-225.9881585958463,-225.9881585958463,-225.9881585958463,-225.9881585958463,-225.9881585958463,-2.1663530570221345,-225.9881585958463,-225.9881585958463,-225.9881585958463,-225.9881585958463,-225.9881585958463,-225.9881585958463,-225.9881585958463,-225.9881585958463,-225.9881585958463,-3.604909678641188,-225.9881585958463,-225.9881585958463,-225.9881585958463,-225.9881585958463,-225.9881585958463,-225.9881585958463,-225.9881585958463,-225.9881585958463,-225.9881585958463,-4.8611429394722805,-225.9881585958463,-225.9881585958463,-225.9881585958463,-3.081560133105987,-3.494195276751099,-225.9881585958463,-225.9881585958463,-225.9881585958463,-225.9881585958463,-3.4737212879118147,-225.9881585958463,-225.9881585958463,-6.964609539392254,-225.9881585958463,-225.9881585958463,-225.9881585958463,-225.9881585958463,-225.9881585958463,-225.9881585958463,-225.9881585958463,-225.9881585958463,-225.9881585958463,-225.9881585958463,-225.9881585958463,-225.9881585958463,-4.145001360988662,-225.9881585958463,-225.9881585958463,-225.9881585958463,-225.9881585958463,-225.9881585958463,-225.9881585958463,-5.197566400459958,-225.9881585958463,-225.9881585958463,-225.9881585958463,-2.3267410666609853,-225.9881585958463,-225.9881585958463,-225.9881585958463,-225.9881585958463,-225.9881585958463,-225.9881585958463,-225.9881585958463,-225.9881585958463,-225.9881585958463,-225.9881585958463,-3.1468054689727474,-225.9881585958463,-225.9881585958463,-225.9881585958463,-225.9881585958463,-225.9881585958463,-225.9881585958463,-225.9881585958463,-2.6888415773413907,-225.9881585958463,-2.5939620569852098,-225.9881585958463,-225.9881585958463,-225.9881585958463,-4.484784885143035,-225.9881585958463,-225.9881585958463,-225.9881585958463,-225.9881585958463,-225.9881585958463,-225.9881585958463,-225.9881585958463,-225.9881585958463,-225.9881585958463,-225.9881585958463,-225.9881585958463,-225.9881585958463,-225.9881585958463,-225.9881585958463,-225.9881585958463,-225.9881585958463,-225.9881585958463,-225.9881585958463,-225.9881585958463,-225.9881585958463,-225.9881585958463,-225.9881585958463,-225.9881585958463,-225.9881585958463,-225.9881585958463,-225.9881585958463,-225.9881585958463,-225.9881585958463,-225.9881585958463,-225.9881585958463,-225.9881585958463,-225.9881585958463,-225.9881585958463,-225.9881585958463,-225.9881585958463,-225.9881585958463],[-127.53405672797497,-127.53405672797497,-127.53405672797497,-0.5351484803931985,-127.53405672797497,-127.53405672797497,-127.53405672797497,-127.53405672797497,-1.371685579161455,-127.53405672797497,-127.53405672797497,-3.024889151416482,-2.2014495024171525,-127.53405672797497,-127.53405672797497,-127.53405672797497,-127.53405672797497,-127.53405672797497,-127.53405672797497,-127.53405672797497,-129.0494763220779,-1.3207721173003577,-1.9014599755461337,-3.707312561944864,-129.0494763220779,-2.002001171377426,-2.272261137983092,-3.3038975409654787,-3.6265728494722493,-2.808580864756146,-2.447165251272189,-129.0494763220779,-129.0494763220779,-129.0494763220779,-129.0494763220779,-129.0494763220779,-129.0494763220779,-4.781569869472339,-129.0494763220779,-2.288406519458702,-127.34510008954416,-127.34510008954416,-2.16360150614688,-5.365549805161811,-127.34510008954416,-127.34510008954416,-127.34510008954416,-127.34510008954416,-127.34510008954416,